推荐优先级,国家,ProductID,SPU Code,店铺/供应商,二级类目,三级类目,P0丰富度标签,增速分级,销量标签,效率标签,生命周期,商品首图URL,商品详情页URL,近7天GMV(USD),近7天环比GMV(USD),近30天GMV(USD),近7天销量,近7天销量环比,近7天ASP,标价(USD),可用库存,平均评分,短视频销量占比,直播销量占比,近7天CTR,近7天CVR,近7天GPM,近7天OPM,件数,颜色,尺码,JIT货盘,组合SKU,高竞争,推荐理由,数据来源,生成时间
S级优先,MX,1734446215501744088,S251230026061,汕头市阳衿贸易有限公司,Men's Tops,Shirts,丰富度P0,爆发增长,500+,高点击+高转化+高变现,大爆,https://p16-she-va.ibyteimg.com/tos-alisg-i-f7lenjegsh-sg/5474c0777b0146b48a0a8c2bbb1d0159~tplv-g9dfdl17fc-origin-image.image,https://shop.tiktok.com/view/product/1734446215501744088?region=MX&locale=es,8916.13,6286.40,16222.09,502,385,17.76,54.89,1500,4.7,67.7%,3.2%,2.7%,2.1%,10.08,0.57,3件,/,/,是,否,否,丰富度P0｜爆发增长｜500+销量｜高点击+高转化+高变现,Aeolus rid=6082893 / sid=3062689,2026-08-08 21:52
S级优先,GB,1729700527491357044,S251125072544,广州乐简服饰有限公司,Men's Tops,Jackets & Coats,丰富度P0,爆发增长,500+,高点击+高转化+高变现,大爆,https://p16-she-va.ibyteimg.com/tos-alisg-i-f7lenjegsh-sg/da78d91eaea64992a8dcda335e472a2c~tplv-g9dfdl17fc-origin-image.image,https://shop.tiktok.com/view/product/1729700527491357044?region=GB&locale=en,14068.23,5000.74,31380.81,562,216,25.03,42.09,739,4.9,56.4%,0.0%,2.5%,2.1%,13.65,0.54,1件,/,/,否,否,是,丰富度P0｜爆发增长｜500+销量｜高点击+高转化+高变现,Aeolus rid=6082893 / sid=3062689,2026-08-08 21:52
S级优先,US,1732304190069379548,S260324058261,深圳临犀贸易有限公司,Men's Bottoms,Men's Shorts,丰富度P0,高增长,100+,高点击+高变现,爆品,https://p16-she-va.ibyteimg.com/tos-alisg-i-f7lenjegsh-sg/4371a51a7136441cac6ab31b30400549~tplv-g9dfdl17fc-origin-image.image,https://shop.tiktok.com/view/product/1732304190069379548?region=US&locale=en,8835.91,4838.14,20213.81,405,219,21.82,36.89,362,4.6,57.7%,0.0%,2.6%,1.1%,6.50,0.30,1件,/,/,是,否,是,丰富度P0｜高增长｜100+销量｜高点击+高变现,Aeolus rid=6082893 / sid=3062689,2026-08-08 21:52
S级优先,MX,1732467201101563188,S250826036001,石狮市杰建日用百货商行,Men's Bottoms,Men's Pants,丰富度P0,高增长,500+,高点击+高变现,大爆,https://p16-she-va.ibyteimg.com/tos-alisg-i-f7lenjegsh-sg/f8080df9ea544bd68929b6681e00e064~tplv-g9dfdl17fc-origin-image.image,https://shop.tiktok.com/view/product/1732467201101563188?region=MX&locale=es,7942.56,4268.18,20196.07,811,478,9.79,22.22,1521,4.9,45.9%,18.8%,2.9%,1.2%,3.60,0.36,/,/,/,是,否,是,丰富度P0｜高增长｜500+销量｜高点击+高变现,Aeolus rid=6082893 / sid=3062689,2026-08-08 21:52
B级观察,US,1732277456863203329,S260226032117,广州市番禺区洛浦薇薇潮牌服装店,Men's Tops,T-shirts,非P0补充,高增长,500+,高点击+高变现,大爆,https://p16-she-va.ibyteimg.com/tos-alisg-i-f7lenjegsh-sg/42464e55e6fe4cc88e740d81900a1b56~tplv-g9dfdl17fc-origin-image.image,https://shop.tiktok.com/view/product/1732277456863203329?region=US&locale=en,18159.56,4252.98,52641.05,1289,205,14.09,23.69,1208,4.9,43.7%,0.0%,4.7%,1.9%,12.93,0.91,1件,/,/,否,否,是,非P0补充｜高增长｜500+销量｜高点击+高变现,Aeolus rid=6082893 / sid=3062689,2026-08-08 21:52
A级推荐,US,1731021626814468969,S250410016456,赣州大衫科技有限公司,Men's Bottoms,Men's Jeans,丰富度P0,高增长,500+,高点击+高转化+高变现,大爆,https://p16-she-va.ibyteimg.com/tos-alisg-i-f7lenjegsh-sg/145b9e760c9942a69cd5fd690e2ff76f~tplv-g9dfdl17fc-origin-image.image,https://shop.tiktok.com/view/product/1731021626814468969?region=US&locale=en,16304.21,4155.20,50042.02,786,189,20.74,31.19,545,4.1,54.5%,0.0%,4.6%,3.7%,36.42,1.73,1件,/,/,是,否,是,丰富度P0｜高增长｜500+销量｜高点击+高转化+高变现,Aeolus rid=6082893 / sid=3062689,2026-08-08 21:52
A级推荐,US,1732292673578308245,S260316038057,广州虎道服饰商贸有限公司,Men's Tops,Hoodies & Sweatshirts,丰富度P0,高增长,100+,高点击+高变现,爆品,https://p16-she-va.ibyteimg.com/tos-alisg-i-f7lenjegsh-sg/7cec95892ae64cc2aa30afdd9bc83921~tplv-g9dfdl17fc-origin-image.image,https://shop.tiktok.com/view/product/1732292673578308245?region=US&locale=en,5730.92,3752.43,10669.93,213,102,26.91,37.79,92,4.1,0.0%,0.0%,4.8%,2.0%,25.65,0.95,1件,/,/,否,否,否,丰富度P0｜高增长｜100+销量｜高点击+高变现,Aeolus rid=6082893 / sid=3062689,2026-08-08 21:52
A级推荐,US,1732471193452646438,S260701024432,广州市黄埔区唐与新潮服装店（个体工商户）,Men's Tops,T-shirts,丰富度P0,高增长,100+,高点击+高转化+高变现,爆品,https://p16-she-va.ibyteimg.com/tos-alisg-i-f7lenjegsh-sg/561d30c5a599406c8764efc8f0114442~tplv-g9dfdl17fc-origin-image.image,https://shop.tiktok.com/view/product/1732471193452646438?region=US&locale=en,7563.00,3420.11,13767.96,410,136,18.45,19.39,3389,4.2,7.7%,1.3%,2.7%,2.1%,10.61,0.57,/,/,/,是,否,是,丰富度P0｜高增长｜100+销量｜高点击+高转化+高变现,Aeolus rid=6082893 / sid=3062689,2026-08-08 21:52
S级优先,US,1731394642879942964,S250630022813,石狮市杰建日用百货商行,Men's Bottoms,Men's Pants,丰富度P0,高增长,500+,高点击+高变现,大爆,https://p16-she-va.ibyteimg.com/tos-alisg-i-f7lenjegsh-sg/92c8018f8cab4d82b011c9c5ce851438~tplv-g9dfdl17fc-origin-image.image,https://shop.tiktok.com/view/product/1731394642879942964?region=US&locale=en,11075.08,3326.26,22576.33,551,53,20.10,20.89,3964,4.8,68.5%,1.8%,2.9%,1.3%,7.65,0.38,/,/,/,是,否,是,丰富度P0｜高增长｜500+销量｜高点击+高变现,Aeolus rid=6082893 / sid=3062689,2026-08-08 21:52
S级优先,GB,1729441122803420813,S241205000059,石狮市男格爵士贸易有限公司,Men's Bottoms,Men's Shorts,丰富度P0,高增长,100+,高转化+高变现,大爆,https://p16-she-va.ibyteimg.com/tos-alisg-i-f7lenjegsh-sg/23ac3e5b0f4b4c99929f9b5f05b41ddf~tplv-g9dfdl17fc-origin-image.image,https://shop.tiktok.com/view/product/1729441122803420813?region=GB&locale=en,11047.63,3125.67,39301.41,399,89,27.69,24.87,745,4.8,65.9%,0.0%,0.7%,3.5%,6.69,0.24,2/4/6pcs,/,/,否,否,是,丰富度P0｜高增长｜100+销量｜高转化+高变现,Aeolus rid=6082893 / sid=3062689,2026-08-08 21:52
S级优先,MX,1731767479135472141,S240708006585,石狮韵茵服装有限公司,Men's Bottoms,Men's Shorts,丰富度P0,高增长,100+,高点击+高变现,爆品,https://p16-she-va.ibyteimg.com/tos-alisg-i-f7lenjegsh-sg/3ac076f634d241f4a1155dbed6917d30~tplv-g9dfdl17fc-origin-image.image,https://shop.tiktok.com/view/product/1731767479135472141?region=MX&locale=es,4318.45,2862.59,7496.35,250,165,17.27,12.46,436,5.0,84.1%,0.0%,2.3%,1.7%,6.50,0.37,1/3/5,/,女装标准码,是,否,是,丰富度P0｜高增长｜100+销量｜高点击+高变现,Aeolus rid=6082893 / sid=3062689,2026-08-08 21:52
S级优先,MX,1732468305416193703,S250901030960,石狮市谦莫服饰有限公司,Men's Bottoms,Men's Pants,丰富度P0,高增长,100+,高点击+高变现,大爆,https://p16-she-va.ibyteimg.com/tos-alisg-i-f7lenjegsh-sg/dbfaa35986cd4c33af6bf791ec3007b4~tplv-g9dfdl17fc-origin-image.image,https://shop.tiktok.com/view/product/1732468305416193703?region=MX&locale=es,5365.12,2466.88,13582.42,372,220,14.42,29.52,606,5.0,30.0%,3.3%,5.3%,0.6%,4.97,0.34,1/2/3,/,/,否,否,是,丰富度P0｜高增长｜100+销量｜高点击+高变现,Aeolus rid=6082893 / sid=3062689,2026-08-08 21:52
S级优先,FR,1729495910453123417,S250413006646,宁波威弋尔电子商务有限公司,Men's Suits & Sets,Men's Clothing Sets,丰富度P0,高增长,100+,高转化+高变现,爆品,https://p16-she-va.ibyteimg.com/tos-alisg-i-f7lenjegsh-sg/d939f9cd28784ccfbe9bf4a01642ecc2~tplv-g9dfdl17fc-origin-image.image,https://shop.tiktok.com/view/product/1729495910453123417?region=FR&locale=fr,2840.59,2400.69,7001.22,127,111,22.37,42.65,362,4.8,2.2%,93.3%,1.4%,2.5%,7.82,0.35,2件,/,/,否,否,否,丰富度P0｜高增长｜100+销量｜高转化+高变现,Aeolus rid=6082893 / sid=3062689,2026-08-08 21:52
A级推荐,US,1732484430540083280,S260709008201,广州卓迅服饰有限公司,Men's Bottoms,Men's Shorts,丰富度P0,高增长,100+,高点击+高转化+高变现,爆品,https://p16-she-va.ibyteimg.com/tos-alisg-i-f7lenjegsh-sg/33ceeff7d886493ab297ff4be59d641c~tplv-g9dfdl17fc-origin-image.image,https://shop.tiktok.com/view/product/1732484430540083280?region=US&locale=en,6519.28,2303.43,14838.89,236,81,27.62,41.99,105,3.8,65.2%,0.0%,3.4%,2.8%,26.72,0.95,1件,/,/,否,否,否,丰富度P0｜高增长｜100+销量｜高点击+高转化+高变现,Aeolus rid=6082893 / sid=3062689,2026-08-08 21:52
S级优先,US,1730589126384587571,S250118000665,广州市地引力服装有限公司,Men's Bottoms,Men's Jeans,丰富度P0,高增长,500+,高点击+高转化+高变现,大爆,https://p16-she-va.ibyteimg.com/tos-alisg-i-f7lenjegsh-sg/10652a9e50d446d7b873a567a8ba6afb~tplv-g9dfdl17fc-origin-image.image,https://shop.tiktok.com/view/product/1730589126384587571?region=US&locale=en,16463.42,2258.52,49115.96,675,101,24.39,34.59,811,4.6,39.3%,0.0%,4.2%,2.9%,29.85,1.21,1件,/,/,是,否,是,丰富度P0｜高增长｜500+销量｜高点击+高转化+高变现,Aeolus rid=6082893 / sid=3062689,2026-08-08 21:52
S级优先,GB,1729765021482785297,S260208026797,广州市十杈柏服饰有限公司,Men's Bottoms,Men's Shorts,丰富度P0,高增长,100+,高转化+高变现,大爆,https://p16-she-va.ibyteimg.com/tos-alisg-i-f7lenjegsh-sg/7fe4021f569148d0b508f36902f7c619~tplv-g9dfdl17fc-origin-image.image,https://shop.tiktok.com/view/product/1729765021482785297?region=GB&locale=en,8055.64,2198.64,26436.81,420,124,19.18,26.89,1231,4.8,68.1%,0.0%,1.9%,3.7%,13.82,0.71,1件,/,/,是,否,是,丰富度P0｜高增长｜100+销量｜高转化+高变现,Aeolus rid=6082893 / sid=3062689,2026-08-08 21:52
A级推荐,GB,1729857310136835013,S260620017348,泉州市嵩盼商贸有限公司,Men's Tops,Jackets & Coats,丰富度P0,高增长,100+,高点击+高转化+高变现,爆品,https://p16-she-va.ibyteimg.com/tos-alisg-i-f7lenjegsh-sg/64dcc332f6624a3ba86764f3f9910527~tplv-g9dfdl17fc-origin-image.image,https://shop.tiktok.com/view/product/1729857310136835013?region=GB&locale=en,2941.51,2176.98,4719.67,139,92,21.16,49.48,15662,4.2,15.4%,0.0%,3.5%,3.9%,29.15,1.36,/,/,/,是,否,是,丰富度P0｜高增长｜100+销量｜高点击+高转化+高变现,Aeolus rid=6082893 / sid=3062689,2026-08-08 21:52
S级优先,DE,1729740427094432728,S251230026061,汕头市阳衿贸易有限公司,Men's Tops,Shirts,丰富度P0,高增长,100+,高转化+高变现,大爆,https://p16-she-va.ibyteimg.com/tos-alisg-i-f7lenjegsh-sg/5474c0777b0146b48a0a8c2bbb1d0159~tplv-g9dfdl17fc-origin-image.image,https://shop.tiktok.com/view/product/1729740427094432728?region=DE&locale=de,4471.87,2018.06,14620.30,103,40,43.42,58.22,2554,4.7,78.6%,0.0%,1.2%,2.3%,11.64,0.27,3件,/,/,是,否,否,丰富度P0｜高增长｜100+销量｜高转化+高变现,Aeolus rid=6082893 / sid=3062689,2026-08-08 21:52
B级观察,GB,1729770707678238721,S260226032117,广州市番禺区洛浦薇薇潮牌服装店,Men's Tops,T-shirts,非P0补充,中增长,100+,高点击+高变现,大爆,https://p16-she-va.ibyteimg.com/tos-alisg-i-f7lenjegsh-sg/42464e55e6fe4cc88e740d81900a1b56~tplv-g9dfdl17fc-origin-image.image,https://shop.tiktok.com/view/product/1729770707678238721?region=GB&locale=en,4298.36,1824.68,14167.15,257,52,16.73,21.91,708,4.8,65.0%,0.0%,2.5%,0.8%,3.60,0.21,1件,/,/,否,否,是,非P0补充｜中增长｜100+销量｜高点击+高变现,Aeolus rid=6082893 / sid=3062689,2026-08-08 21:52
B级观察,US,1732260512622023278,S260205035223,上饶市海金服饰有限公司,Men's Tops,T-shirts,非P0补充,中增长,100+,高点击+高变现,爆品,https://p16-she-va.ibyteimg.com/tos-alisg-i-f7lenjegsh-sg/c4fef559a5514cdd8b029e69d7c121ed~tplv-g9dfdl17fc-origin-image.image,https://shop.tiktok.com/view/product/1732260512622023278?region=US&locale=en,2315.97,1803.37,5026.97,177,129,13.08,16.89,761,3.9,90.9%,0.0%,6.2%,1.1%,9.12,0.67,1件,/,/,是,否,否,非P0补充｜中增长｜100+销量｜高点击+高变现,Aeolus rid=6082893 / sid=3062689,2026-08-08 21:52
A级推荐,MX,1733800841940600819,S251120076951,广州市黄埔区海尚装服饰商贸店（个体工商户）,Men's Tops,T-shirts,丰富度P0,中增长,100+,高点击+高变现,爆品,https://p16-she-va.ibyteimg.com/tos-alisg-i-f7lenjegsh-sg/49803f3301e640ef9b0dc65764880a2b~tplv-g9dfdl17fc-origin-image.image,https://shop.tiktok.com/view/product/1733800841940600819?region=MX&locale=es,3180.10,1731.28,8210.86,248,122,12.82,18.61,194,5.0,66.7%,0.0%,3.8%,1.7%,9.82,0.67,1件,/,/,否,否,否,丰富度P0｜中增长｜100+销量｜高点击+高变现,Aeolus rid=6082893 / sid=3062689,2026-08-08 21:52
A级推荐,MX,1735252091601454543,S260422021771,义乌市峙山电子商务有限公司,Men's Tops,Vests,丰富度P0,中增长,100+,高点击+高转化+高变现,大爆,https://p16-she-va.ibyteimg.com/tos-alisg-i-f7lenjegsh-sg/478341512d714e29b7b65b8290d511bb~tplv-g9dfdl17fc-origin-image.image,https://shop.tiktok.com/view/product/1735252091601454543?region=MX&locale=es,3589.85,1723.64,8330.31,290,164,12.38,31.94,360,4.5,45.5%,0.0%,2.2%,2.7%,7.82,0.61,4件,/,/,否,否,是,丰富度P0｜中增长｜100+销量｜高点击+高转化+高变现,Aeolus rid=6082893 / sid=3062689,2026-08-08 21:52
B级观察,MX,1731427226803864884,S250327022909,石狮市杰建日用百货商行,Men's Bottoms,Men's Pants,非P0补充,中增长,100+,高点击+高变现,大爆,https://p16-she-va.ibyteimg.com/tos-alisg-i-f7lenjegsh-sg/c6359447922847568467936f94d38400~tplv-g9dfdl17fc-origin-image.image,https://shop.tiktok.com/view/product/1731427226803864884?region=MX&locale=es,2947.92,1713.72,5764.43,222,131,13.28,20.80,6049,4.9,77.3%,0.0%,2.6%,1.2%,4.60,0.31,1/2/3件,/,/,是,否,否,非P0补充｜中增长｜100+销量｜高点击+高变现,Aeolus rid=6082893 / sid=3062689,2026-08-08 21:52
A级推荐,US,1729497775068189869,S260305049358,广州市天河区伊曜服装商店（个体工商户）,Men's Tops,T-shirts,丰富度P0,中增长,100+,高转化+高变现,爆品,https://p16-she-va.ibyteimg.com/tos-alisg-i-f7lenjegsh-sg/80c39f77d95e4777af648a0d18f5feea~tplv-g9dfdl17fc-origin-image.image,https://shop.tiktok.com/view/product/1729497775068189869?region=US&locale=en,5882.28,1691.54,20758.75,197,46,29.86,41.89,5300,4.7,76.0%,0.0%,0.9%,5.5%,14.79,0.49,3件套,/,/,是,否,否,丰富度P0｜中增长｜100+销量｜高转化+高变现,Aeolus rid=6082893 / sid=3062689,2026-08-08 21:52
A级推荐,GB,1729411197059370663,S240613007638,石狮市谦莫服饰有限公司,Men's Suits & Sets,Men's Clothing Sets,丰富度P0,中增长,100+,高转化+高变现,爆品,https://p16-she-va.ibyteimg.com/tos-alisg-i-f7lenjegsh-sg/4deb2b92ae574f78a6c0481d93a4b545~tplv-g9dfdl17fc-origin-image.image,https://shop.tiktok.com/view/product/1729411197059370663?region=GB&locale=en,3061.26,1672.61,6951.99,112,35,27.33,46.12,137,4.8,63.6%,0.0%,1.9%,2.0%,10.65,0.39,2/3件套,/,女装标准码,是,否,是,丰富度P0｜中增长｜100+销量｜高转化+高变现,Aeolus rid=6082893 / sid=3062689,2026-08-08 21:52
A级推荐,GB,1729624607324805799,S250901030960,石狮市谦莫服饰有限公司,Men's Bottoms,Men's Pants,丰富度P0,中增长,100+,高点击+高转化+高变现,大爆,https://p16-she-va.ibyteimg.com/tos-alisg-i-f7lenjegsh-sg/dbfaa35986cd4c33af6bf791ec3007b4~tplv-g9dfdl17fc-origin-image.image,https://shop.tiktok.com/view/product/1729624607324805799?region=GB&locale=en,2819.99,1511.88,7312.98,144,82,19.58,22.18,541,4.8,67.6%,0.0%,3.5%,2.3%,16.60,0.81,1/2/3,/,/,否,否,是,丰富度P0｜中增长｜100+销量｜高点击+高转化+高变现,Aeolus rid=6082893 / sid=3062689,2026-08-08 21:52
A级推荐,GB,1729471307091709123,S250302008249,于都琪璘酷品供应链管理有限公司,Men's Tops,Polo Shirts,丰富度P0,中增长,100+,高转化+高变现,大爆,https://p16-she-va.ibyteimg.com/tos-maliva-i-g9dfdl17fc-us/06da3ca9552549ecbc2295986d764820~tplv-g9dfdl17fc-origin-image.image,https://shop.tiktok.com/view/product/1729471307091709123?region=GB&locale=en,2936.86,1505.75,7369.03,111,46,26.46,51.77,611,4.9,66.7%,0.0%,1.9%,5.0%,24.82,0.93,3件,/,/,否,否,是,丰富度P0｜中增长｜100+销量｜高转化+高变现,Aeolus rid=6082893 / sid=3062689,2026-08-08 21:52
A级推荐,IT,1729578065555003591,S250710007841,香港墨韻貿易有限公司,Men's Suits & Sets,Men's Clothing Sets,丰富度P0,中增长,50+,高变现,爆品,https://p16-she-va.ibyteimg.com/tos-alisg-i-f7lenjegsh-sg/da4b1ea8fb704acfbc6594802737298f~tplv-g9dfdl17fc-origin-image.image,https://shop.tiktok.com/view/product/1729578065555003591?region=IT&locale=it,2004.72,1496.94,3600.40,84,63,23.87,47.27,926,4.5,100.0%,0.0%,1.2%,2.0%,5.69,0.23,2件套,/,/,是,否,是,丰富度P0｜中增长｜50+销量｜高变现,Aeolus rid=6082893 / sid=3062689,2026-08-08 21:52
A级推荐,US,1732421233773810616,S260531010349,广州市增城坦爵服装商行,Men's Bottoms,Men's Shorts,丰富度P0,中增长,100+,高点击+高变现,大爆,https://p16-she-va.ibyteimg.com/tos-alisg-i-f7lenjegsh-sg/0bf7dc2c24b745fcb1e22ea80fb4e2cd~tplv-g9dfdl17fc-origin-image.image,https://shop.tiktok.com/view/product/1732421233773810616?region=US&locale=en,6781.55,1470.15,28179.33,325,73,20.87,35.49,147,4.5,58.7%,0.0%,4.7%,1.9%,19.08,0.91,1件,/,/,否,否,是,丰富度P0｜中增长｜100+销量｜高点击+高变现,Aeolus rid=6082893 / sid=3062689,2026-08-08 21:52
A级推荐,ES,1729808866882591201,S260419006694,广州佐航电子商务有限公司,Men's Bottoms,Men's Shorts,丰富度P0,中增长,50+,高点击+高变现,大爆,https://p16-she-va.ibyteimg.com/tos-alisg-i-f7lenjegsh-sg/3f7adc7985304d1fbca369d331db3866~tplv-g9dfdl17fc-origin-image.image,https://shop.tiktok.com/view/product/1729808866882591201?region=ES&locale=es,2917.97,1396.59,12198.69,94,43,31.04,39.77,965,4.7,87.5%,0.0%,2.4%,0.6%,4.62,0.15,1件,/,/,是,否,是,丰富度P0｜中增长｜50+销量｜高点击+高变现,Aeolus rid=6082893 / sid=3062689,2026-08-08 21:52
B级观察,US,1729503400016516686,S260309067845,晋江市新塘赐金服装贸易商行,Men's Tops,T-shirts,非P0补充,中增长,100+,高点击+高转化+高变现,爆品,https://p16-she-va.ibyteimg.com/tos-alisg-i-f7lenjegsh-sg/fa84a95f56904145a9a702a4b771c8b2~tplv-g9dfdl17fc-origin-image.image,https://shop.tiktok.com/view/product/1729503400016516686?region=US&locale=en,1863.64,1384.80,3065.54,136,101,13.70,24.49,166,4.9,93.3%,0.0%,2.9%,4.5%,18.08,1.29,1件,/,/,否,否,是,非P0补充｜中增长｜100+销量｜高点击+高转化+高变现,Aeolus rid=6082893 / sid=3062689,2026-08-08 21:52
A级推荐,US,1730806162518282398,S250303005083,宁波东斐工贸有限公司,Men's Suits & Sets,Men's Clothing Sets,丰富度P0,中增长,500+,高点击+高转化+高变现,大爆,https://p16-she-va.ibyteimg.com/tos-alisg-i-f7lenjegsh-sg/d390b2c7f3f9499985f81f091bbb33ba~tplv-g9dfdl17fc-origin-image.image,https://shop.tiktok.com/view/product/1730806162518282398?region=US&locale=en,31267.82,1328.27,86309.80,2032,95,15.39,37.79,17697,4.9,18.7%,62.3%,2.4%,5.8%,21.53,1.39,2件套,/,/,是,否,是,丰富度P0｜中增长｜500+销量｜高点击+高转化+高变现,Aeolus rid=6082893 / sid=3062689,2026-08-08 21:52
A级推荐,FR,1729494710059309272,S231221001368,中山市圆素文化创意有限公司,Men's Suits & Sets,Men's Clothing Sets,丰富度P0,中增长,50+,高转化+高变现,大爆,https://p16-she-va.ibyteimg.com/tos-alisg-i-f7lenjegsh-sg/93abee40457843059baa79f52f3a3d90~tplv-g9dfdl17fc-origin-image.image,https://shop.tiktok.com/view/product/1729494710059309272?region=FR&locale=fr,1610.40,1313.08,2632.23,81,68,19.88,41.50,487,4.7,0.0%,87.5%,1.4%,2.2%,6.06,0.30,2件,/,女装标准码,否,否,是,丰富度P0｜中增长｜50+销量｜高转化+高变现,Aeolus rid=6082893 / sid=3062689,2026-08-08 21:52
A级推荐,MX,1731432082286413765,S250330003016,泉州市嵩盼商贸有限公司,Men's Tops,Waistcoats & Gilets,丰富度P0,中增长,100+,高点击+高转化+高变现,爆品,https://p16-she-va.ibyteimg.com/tos-alisg-i-f7lenjegsh-sg/e9bc377f8e6447bfb2cd7b0511575348~tplv-g9dfdl17fc-origin-image.image,https://shop.tiktok.com/view/product/1731432082286413765?region=MX&locale=es,2337.80,1188.25,6032.36,201,121,11.63,30.09,228,4.3,63.6%,0.0%,3.7%,2.0%,9.17,0.76,1件,/,/,否,否,是,丰富度P0｜中增长｜100+销量｜高点击+高转化+高变现,Aeolus rid=6082893 / sid=3062689,2026-08-08 21:52
A级推荐,US,1732480315511837666,S260708023203,广州市天河区秀霆服饰商店（个体工商户）,Men's Suits & Sets,Men's Suits,丰富度P0,中增长,10+,高点击+高转化+高变现,平销,https://p16-she-va.ibyteimg.com/tos-alisg-i-f7lenjegsh-sg/2482163824a74682a43d709ef8bff144~tplv-g9dfdl17fc-origin-image.image,https://shop.tiktok.com/view/product/1732480315511837666?region=US&locale=en,1424.31,1142.05,1963.66,38,31,37.48,55.79,157,4.5,72.7%,0.0%,3.1%,2.4%,28.37,0.76,1件,/,/,是,否,否,丰富度P0｜中增长｜10+销量｜高点击+高转化+高变现,Aeolus rid=6082893 / sid=3062689,2026-08-08 21:52
A级推荐,MX,1732916357122458811,S251020063138,宁波简潮阁服饰有限公司,Men's Tops,Hoodies & Sweatshirts,丰富度P0,中增长,100+,高点击+高变现,大爆,https://p16-she-va.ibyteimg.com/tos-alisg-i-f7lenjegsh-sg/e50c39f4e66743589e2b6653c917b597~tplv-g9dfdl17fc-origin-image.image,https://shop.tiktok.com/view/product/1732916357122458811?region=MX&locale=es,3283.79,1107.33,11721.60,258,103,12.73,25.90,5933,3.8,61.5%,3.8%,2.9%,1.0%,3.75,0.29,单件,/,/,是,否,否,丰富度P0｜中增长｜100+销量｜高点击+高变现,Aeolus rid=6082893 / sid=3062689,2026-08-08 21:52
A级推荐,GB,1729826713215736487,S260507036507,石狮市谦莫服饰有限公司,Men's Bottoms,Men's Shorts,丰富度P0,中增长,100+,高点击+高转化+高变现,爆品,https://p16-she-va.ibyteimg.com/tos-alisg-i-f7lenjegsh-sg/386a64fcf28d4643887d4ff713af5cc1~tplv-g9dfdl17fc-origin-image.image,https://shop.tiktok.com/view/product/1729826713215736487?region=GB&locale=en,2604.40,1088.11,7173.69,138,76,18.87,20.16,7003,4.8,47.4%,0.0%,3.4%,2.2%,14.60,0.76,1/2/3件,/,/,是,否,否,丰富度P0｜中增长｜100+销量｜高点击+高转化+高变现,Aeolus rid=6082893 / sid=3062689,2026-08-08 21:52
A级推荐,US,1732421438215263037,S260601002202,广州烽朔科技有限公司,Men's Bottoms,Men's Jeans,丰富度P0,中增长,100+,高点击+高转化+高变现,爆品,https://p16-she-va.ibyteimg.com/tos-alisg-i-f7lenjegsh-sg/8ae24411a8ff4c2f9e4ef07c5fa74d1b~tplv-g9dfdl17fc-origin-image.image,https://shop.tiktok.com/view/product/1732421438215263037?region=US&locale=en,7823.68,1075.93,23331.59,250,-18,31.29,59.89,926,4.6,33.3%,0.0%,2.0%,2.3%,14.56,0.46,1件,/,/,是,否,否,丰富度P0｜中增长｜100+销量｜高点击+高转化+高变现,Aeolus rid=6082893 / sid=3062689,2026-08-08 21:52
A级推荐,MX,1733346154520937780,S251124124249,石狮市杰建日用百货商行,Men's Bottoms,Men's Pants,丰富度P0,中增长,100+,高点击+高变现,爆品,https://p16-she-va.ibyteimg.com/tos-alisg-i-f7lenjegsh-sg/11fa1f32a7cb42efadc08a0033937e52~tplv-g9dfdl17fc-origin-image.image,https://shop.tiktok.com/view/product/1733346154520937780?region=MX&locale=es,2737.32,1075.56,6886.81,236,116,11.60,23.25,3615,4.9,37.5%,0.0%,3.6%,1.2%,5.40,0.45,/,/,/,是,否,是,丰富度P0｜中增长｜100+销量｜高点击+高变现,Aeolus rid=6082893 / sid=3062689,2026-08-08 21:52
A级推荐,DE,1729787174792764101,S260327029611,石狮市易物恒通服装商行,Men's Bottoms,Men's Shorts,丰富度P0,中增长,10+,高转化+高变现,平销,https://p16-she-va.ibyteimg.com/tos-alisg-i-f7lenjegsh-sg/b64e0ae64f45421087080a2f5fc8d26b~tplv-g9dfdl17fc-origin-image.image,https://shop.tiktok.com/view/product/1729787174792764101?region=DE&locale=de,1131.22,1031.68,1426.65,38,35,29.77,41.50,54,4.5,0.0%,0.0%,0.9%,3.3%,10.02,0.30,1件,/,/,否,否,否,丰富度P0｜中增长｜10+销量｜高转化+高变现,Aeolus rid=6082893 / sid=3062689,2026-08-08 21:52
A级推荐,GB,1729775738306205878,S260308014568,宁波市似锦电子商务有限公司,Men's Suits & Sets,Men's Clothing Sets,丰富度P0,中增长,100+,高点击+高转化+高变现,爆品,https://p16-she-va.ibyteimg.com/tos-alisg-i-f7lenjegsh-sg/74c83e56ccfc431aaab04245201d12bc~tplv-g9dfdl17fc-origin-image.image,https://shop.tiktok.com/view/product/1729775738306205878?region=GB&locale=en,5083.43,1017.14,16664.38,279,52,18.22,34.29,666,4.9,31.2%,0.0%,2.3%,6.0%,25.33,1.38,1套,/,/,是,否,否,丰富度P0｜中增长｜100+销量｜高点击+高转化+高变现,Aeolus rid=6082893 / sid=3062689,2026-08-08 21:52
A级推荐,MX,1732127176705936039,S240908004455,石狮市谦莫服饰有限公司,Men's Bottoms,Men's Pants,丰富度P0,中增长,100+,高点击+高变现,大爆,https://p16-she-va.ibyteimg.com/tos-alisg-i-f7lenjegsh-sg/589c281faa92496a86c79517d99165f1~tplv-g9dfdl17fc-origin-image.image,https://shop.tiktok.com/view/product/1732127176705936039?region=MX&locale=es,4194.34,1015.05,12359.20,269,86,15.59,26.53,410,5.0,58.3%,16.7%,2.9%,1.0%,4.56,0.28,1/2/3,/,女装标准码,是,否,是,丰富度P0｜中增长｜100+销量｜高点击+高变现,Aeolus rid=6082893 / sid=3062689,2026-08-08 21:52
A级推荐,MX,1732782122781607230,S251008018616,晋江督锐服装有限公司,Men's Bottoms,Men's Pants,丰富度P0,中增长,100+,高点击+高变现,爆品,https://p16-she-va.ibyteimg.com/tos-alisg-i-f7lenjegsh-sg/31949cd028d34c80bad2c33b68a5461b~tplv-g9dfdl17fc-origin-image.image,https://shop.tiktok.com/view/product/1732782122781607230?region=MX&locale=es,2372.00,1010.58,5763.88,243,121,9.76,21.19,410,4.9,56.5%,8.7%,4.2%,0.8%,3.38,0.33,1件,/,/,是,否,是,丰富度P0｜中增长｜100+销量｜高点击+高变现,Aeolus rid=6082893 / sid=3062689,2026-08-08 21:52
A级推荐,US,1732320800967791536,S260406033398,广州市黄埔区袁清服饰商行（个体工商户）,Men's Tops,T-shirts,丰富度P0,中增长,50+,高转化+高变现,爆品,https://p16-she-va.ibyteimg.com/tos-alisg-i-f7lenjegsh-sg/a0397f3456b74f619d641cbf0e09ad8b~tplv-g9dfdl17fc-origin-image.image,https://shop.tiktok.com/view/product/1732320800967791536?region=US&locale=en,1146.88,989.83,1657.40,96,80,11.95,12.29,8256,4.2,88.9%,0.0%,0.6%,7.3%,5.38,0.45,/,/,/,是,否,是,丰富度P0｜中增长｜50+销量｜高转化+高变现,Aeolus rid=6082893 / sid=3062689,2026-08-08 21:52
A级推荐,US,1731709253740892839,S250901030960,石狮市谦莫服饰有限公司,Men's Bottoms,Men's Pants,丰富度P0,中增长,100+,高点击+高转化+高变现,大爆,https://p16-she-va.ibyteimg.com/tos-alisg-i-f7lenjegsh-sg/dbfaa35986cd4c33af6bf791ec3007b4~tplv-g9dfdl17fc-origin-image.image,https://shop.tiktok.com/view/product/1731709253740892839?region=US&locale=en,2488.24,968.05,7461.70,108,28,23.04,28.19,316,4.8,25.0%,0.0%,5.2%,2.9%,35.07,1.51,1/2/3,/,/,否,否,是,丰富度P0｜中增长｜100+销量｜高点击+高转化+高变现,Aeolus rid=6082893 / sid=3062689,2026-08-08 21:52
A级推荐,US,1730975096211411473,S250328001665,广州市十杈柏服饰有限公司,Men's Bottoms,Men's Jeans,丰富度P0,中增长,100+,高点击+高转化+高变现,爆品,https://p16-she-va.ibyteimg.com/tos-alisg-i-f7lenjegsh-sg/f0a8325c5130481e959488c3c66fa7d0~tplv-g9dfdl17fc-origin-image.image,https://shop.tiktok.com/view/product/1730975096211411473?region=US&locale=en,3618.76,963.79,11107.29,162,44,22.34,31.79,730,4.6,75.0%,0.0%,3.3%,4.0%,30.65,1.33,1件,/,/,是,否,是,丰富度P0｜中增长｜100+销量｜高点击+高转化+高变现,Aeolus rid=6082893 / sid=3062689,2026-08-08 21:52
B级观察,US,1732170920985662056,S251224031025,广州市黄埔区海聚百货商行（个体工商户）,Men's Tops,T-shirts,非P0补充,中增长,50+,高转化+高变现,爆品,https://p16-she-va.ibyteimg.com/tos-alisg-i-f7lenjegsh-sg/ff8e0faeb8c74fc89df78986509c3541~tplv-g9dfdl17fc-origin-image.image,https://shop.tiktok.com/view/product/1732170920985662056?region=US&locale=en,1556.29,960.80,4378.53,81,43,19.21,29.69,3889,4.1,7.7%,0.0%,0.8%,4.6%,6.70,0.35,/,/,/,是,否,是,非P0补充｜中增长｜50+销量｜高转化+高变现,Aeolus rid=6082893 / sid=3062689,2026-08-08 21:52
A级推荐,GB,1729695476280171507,S251119025500,广州市黄埔区海尚装服饰商贸店（个体工商户）,Men's Tops,Hoodies & Sweatshirts,丰富度P0,中增长,10+,高点击+高转化+高变现,滞销,https://p16-she-va.ibyteimg.com/tos-alisg-i-f7lenjegsh-sg/f2b15d5ef2ac472caa4467bcfe3635cf~tplv-g9dfdl17fc-origin-image.image,https://shop.tiktok.com/view/product/1729695476280171507?region=GB&locale=en,995.11,954.58,1059.86,45,43,22.11,32.27,2396,3.9,100.0%,0.0%,3.5%,2.6%,19.98,0.90,1件,/,/,是,否,是,丰富度P0｜中增长｜10+销量｜高点击+高转化+高变现,Aeolus rid=6082893 / sid=3062689,2026-08-08 21:52
A级推荐,ES,1729553535721577367,S250625010352,宁波乐仓电子商务有限公司,Men's Bottoms,Men's Pants,丰富度P0,中增长,50+,高点击+高变现,爆品,https://p16-she-va.ibyteimg.com/tos-alisg-i-f7lenjegsh-sg/a58185e24dd247e3a31f26b70a9081af~tplv-g9dfdl17fc-origin-image.image,https://shop.tiktok.com/view/product/1729553535721577367?region=ES&locale=es,1190.49,933.07,2689.28,69,54,17.25,30.55,6310,3.8,66.7%,0.0%,2.5%,1.6%,6.81,0.39,1件,/,/,是,否,否,丰富度P0｜中增长｜50+销量｜高点击+高变现,Aeolus rid=6082893 / sid=3062689,2026-08-08 21:52
B级观察,US,1732421708498375406,S260522026375,广州市天河区清缘商行（个体工商户）,Men's Tops,T-shirts,非P0补充,中增长,100+,高转化+高变现,爆品,https://p16-she-va.ibyteimg.com/tos-alisg-i-f7lenjegsh-sg/841adec89f2749dc95529360afa45b81~tplv-g9dfdl17fc-origin-image.image,https://shop.tiktok.com/view/product/1732421708498375406?region=US&locale=en,1362.24,927.69,2558.40,112,70,12.16,17.69,12370,4.6,72.7%,0.0%,1.9%,8.9%,22.22,1.71,1件,/,/,是,否,是,非P0补充｜中增长｜100+销量｜高转化+高变现,Aeolus rid=6082893 / sid=3062689,2026-08-08 21:52
A级推荐,GB,1729858346372471749,S260622035607,泉州市嵩盼商贸有限公司,Men's Bottoms,Men's Pants,丰富度P0,中增长,10+,高点击+高转化+高变现,平销,https://p16-she-va.ibyteimg.com/tos-alisg-i-f7lenjegsh-sg/6b50d68635c648f286674f8c9c824ab9~tplv-g9dfdl17fc-origin-image.image,https://shop.tiktok.com/view/product/1729858346372471749?region=GB&locale=en,1105.21,926.62,1584.62,44,34,25.12,48.41,29896,4.2,37.5%,0.0%,3.7%,2.0%,18.88,0.75,/,/,/,是,否,是,丰富度P0｜中增长｜10+销量｜高点击+高转化+高变现,Aeolus rid=6082893 / sid=3062689,2026-08-08 21:52
A级推荐,FR,1729493830993615604,S250217011342,广州韩忆服饰有限公司,Men's Suits & Sets,Men's Clothing Sets,丰富度P0,中增长,10+,高转化+高变现,平销,https://p16-she-va.ibyteimg.com/tos-alisg-i-f7lenjegsh-sg/5e205eb249dd448ba7c16ae4a193fd87~tplv-g9dfdl17fc-origin-image.image,https://shop.tiktok.com/view/product/1729493830993615604?region=FR&locale=fr,1217.53,918.82,3527.89,49,36,24.85,41.50,169,4.6,0.0%,100.0%,1.6%,2.9%,11.37,0.46,2件套,/,/,否,否,是,丰富度P0｜中增长｜10+销量｜高转化+高变现,Aeolus rid=6082893 / sid=3062689,2026-08-08 21:52
B级观察,MX,1734269912573970087,S260201019855,石狮市谦莫服饰有限公司,Men's Tops,Knitwear,非P0补充,中增长,100+,高点击+高变现,爆品,https://p16-she-va.ibyteimg.com/tos-alisg-i-f7lenjegsh-sg/b5d9669a8240468cafd12ec6ef664ede~tplv-g9dfdl17fc-origin-image.image,https://shop.tiktok.com/view/product/1734269912573970087?region=MX&locale=es,1592.61,917.25,3257.17,137,80,11.62,23.98,2324,5.0,60.0%,0.0%,7.7%,0.5%,4.43,0.38,/,/,/,是,否,是,非P0补充｜中增长｜100+销量｜高点击+高变现,Aeolus rid=6082893 / sid=3062689,2026-08-08 21:52
A级推荐,GB,1729478256465451537,S250328001665,广州市十杈柏服饰有限公司,Men's Bottoms,Men's Jeans,丰富度P0,中增长,50+,高点击+高转化+高变现,爆品,https://p16-she-va.ibyteimg.com/tos-alisg-i-f7lenjegsh-sg/f0a8325c5130481e959488c3c66fa7d0~tplv-g9dfdl17fc-origin-image.image,https://shop.tiktok.com/view/product/1729478256465451537?region=GB&locale=en,1459.10,904.48,3661.50,72,39,20.27,30.65,1357,4.8,57.1%,0.0%,3.3%,3.9%,26.11,1.29,1件,/,/,是,否,是,丰富度P0｜中增长｜50+销量｜高点击+高转化+高变现,Aeolus rid=6082893 / sid=3062689,2026-08-08 21:52
A级推荐,GB,1729466087037963422,S250303005083,宁波东斐工贸有限公司,Men's Suits & Sets,Men's Clothing Sets,丰富度P0,中增长,100+,高转化+高变现,大爆,https://p16-she-va.ibyteimg.com/tos-alisg-i-f7lenjegsh-sg/d390b2c7f3f9499985f81f091bbb33ba~tplv-g9dfdl17fc-origin-image.image,https://shop.tiktok.com/view/product/1729466087037963422?region=GB&locale=en,5225.23,885.62,20234.09,239,39,21.86,36.03,3290,4.5,54.8%,0.0%,2.0%,4.3%,18.67,0.85,2件套,/,/,是,否,是,丰富度P0｜中增长｜100+销量｜高转化+高变现,Aeolus rid=6082893 / sid=3062689,2026-08-08 21:52
B级观察,MX,1732545683657492299,S250907003363,晋江市耀夜服装有限公司,Men's Tops,Jackets & Coats,非P0补充,中增长,100+,高点击+高变现,爆品,https://p16-she-va.ibyteimg.com/tos-maliva-i-g9dfdl17fc-us/38e41a2aa9a6487a92a3ace2deb4d8b6~tplv-g9dfdl17fc-origin-image.image,https://shop.tiktok.com/view/product/1732545683657492299?region=MX&locale=es,2305.18,868.36,8459.50,154,62,14.97,31.70,297,4.6,76.9%,7.7%,3.5%,1.1%,5.70,0.38,/,/,/,否,否,是,非P0补充｜中增长｜100+销量｜高点击+高变现,Aeolus rid=6082893 / sid=3062689,2026-08-08 21:52
A级推荐,GB,1729562305613371700,S250630022813,石狮市杰建日用百货商行,Men's Bottoms,Men's Pants,丰富度P0,中增长,100+,高点击+高变现,大爆,https://p16-she-va.ibyteimg.com/tos-alisg-i-f7lenjegsh-sg/92c8018f8cab4d82b011c9c5ce851438~tplv-g9dfdl17fc-origin-image.image,https://shop.tiktok.com/view/product/1729562305613371700?region=GB&locale=en,2066.48,858.90,4569.12,132,26,15.66,20.16,7209,4.7,72.2%,0.0%,2.0%,0.8%,2.73,0.17,/,/,/,是,否,是,丰富度P0｜中增长｜100+销量｜高点击+高变现,Aeolus rid=6082893 / sid=3062689,2026-08-08 21:52
A级推荐,MX,1732018236767635651,S240824007133,于都琪璘酷品供应链管理有限公司,Men's Tops,Polo Shirts,丰富度P0,中增长,100+,高点击+高变现,大爆,https://p16-she-va.ibyteimg.com/tos-alisg-i-f7lenjegsh-sg/40f52710553547b7993bc1f5ca644237~tplv-g9dfdl17fc-origin-image.image,https://shop.tiktok.com/view/product/1732018236767635651?region=MX&locale=es,2541.36,855.67,5692.57,274,89,9.28,20.01,541,4.9,45.2%,4.8%,3.0%,2.0%,5.45,0.58,1件,/,女装标准码,否,否,是,丰富度P0｜中增长｜100+销量｜高点击+高变现,Aeolus rid=6082893 / sid=3062689,2026-08-08 21:52
A级推荐,MX,1731972055164028212,S250630022813,石狮市杰建日用百货商行,Men's Bottoms,Men's Pants,丰富度P0,中增长,100+,高点击+高变现,大爆,https://p16-she-va.ibyteimg.com/tos-alisg-i-f7lenjegsh-sg/92c8018f8cab4d82b011c9c5ce851438~tplv-g9dfdl17fc-origin-image.image,https://shop.tiktok.com/view/product/1731972055164028212?region=MX&locale=es,3351.48,848.05,11065.88,256,72,13.09,22.60,3534,4.9,57.1%,3.6%,2.6%,1.7%,5.93,0.44,/,/,/,是,否,是,丰富度P0｜中增长｜100+销量｜高点击+高变现,Aeolus rid=6082893 / sid=3062689,2026-08-08 21:52
A级推荐,US,1732421442127106877,S260601002529,广州烽朔科技有限公司,Men's Bottoms,Men's Jeans,丰富度P0,中增长,50+,高点击+高变现,爆品,https://p16-she-va.ibyteimg.com/tos-alisg-i-f7lenjegsh-sg/6c2f5a3815db4b249621f634d01890fa~tplv-g9dfdl17fc-origin-image.image,https://shop.tiktok.com/view/product/1732421442127106877?region=US&locale=en,2773.34,846.75,6256.40,63,11,44.02,66.39,252,4.6,25.0%,0.0%,2.1%,1.6%,15.46,0.35,1件,/,/,是,否,是,丰富度P0｜中增长｜50+销量｜高点击+高变现,Aeolus rid=6082893 / sid=3062689,2026-08-08 21:52
A级推荐,GB,1729792841923926303,S260406034608,泉州市易莱欣服饰有限公司,Men's Suits & Sets,Men's Clothing Sets,丰富度P0,中增长,100+,高点击+高变现,爆品,https://p16-she-va.ibyteimg.com/tos-alisg-i-f7lenjegsh-sg/39deb9c495a74bc99815bec902ca44d9~tplv-g9dfdl17fc-origin-image.image,https://shop.tiktok.com/view/product/1729792841923926303?region=GB&locale=en,3830.15,844.01,12122.44,121,25,31.65,49.08,206,4.5,64.7%,0.0%,2.8%,1.5%,13.31,0.42,2件,/,/,否,否,否,丰富度P0｜中增长｜100+销量｜高点击+高变现,Aeolus rid=6082893 / sid=3062689,2026-08-08 21:52
A级推荐,US,1730672109659853619,S250207006649,广州市地引力服装有限公司,Men's Bottoms,Men's Shorts,丰富度P0,中增长,100+,高点击+高转化+高变现,爆品,https://p16-she-va.ibyteimg.com/tos-alisg-i-f7lenjegsh-sg/a6248904fd93441491a6e57c46cc56e9~tplv-g9dfdl17fc-origin-image.image,https://shop.tiktok.com/view/product/1730672109659853619?region=US&locale=en,2180.61,839.32,7294.96,107,41,20.38,29.99,250,4.6,27.3%,0.0%,4.6%,3.7%,34.71,1.70,1件,/,/,否,否,是,丰富度P0｜中增长｜100+销量｜高点击+高转化+高变现,Aeolus rid=6082893 / sid=3062689,2026-08-08 21:52
B级观察,US,1732173102519653331,S251225010485,泉州市哈雷斯顿服饰有限公司,Men's Tops,Jackets & Coats,非P0补充,中增长,10+,高点击+高变现,平销,https://p16-she-va.ibyteimg.com/tos-alisg-i-f7lenjegsh-sg/f75f6d60df854f94b35318a3e990a83d~tplv-g9dfdl17fc-origin-image.image,https://shop.tiktok.com/view/product/1732173102519653331?region=US&locale=en,1051.26,836.24,1293.41,30,24,35.04,62.49,1724,4.9,0.0%,0.0%,2.2%,1.1%,8.78,0.25,1件,/,/,是,否,否,非P0补充｜中增长｜10+销量｜高点击+高变现,Aeolus rid=6082893 / sid=3062689,2026-08-08 21:52
A级推荐,US,1732472663579333437,S260703024360,广州烽朔科技有限公司,Men's Bottoms,Men's Jeans,丰富度P0,中增长,10+,高变现,滞销,https://p16-she-va.ibyteimg.com/tos-alisg-i-f7lenjegsh-sg/94e080f9972947dca0af2ce5f28f7548~tplv-g9dfdl17fc-origin-image.image,https://shop.tiktok.com/view/product/1732472663579333437?region=US&locale=en,1113.34,832.23,1449.50,29,17,38.39,56.89,41,4.6,0.0%,0.0%,1.5%,1.6%,8.72,0.23,1件,/,/,是,否,是,丰富度P0｜中增长｜10+销量｜高变现,Aeolus rid=6082893 / sid=3062689,2026-08-08 21:52
A级推荐,US,1729503328642635143,S260309069154,广州益可服饰有限公司,Men's Tops,Shirts,丰富度P0,中增长,100+,高点击+高转化+高变现,爆品,https://p16-she-va.ibyteimg.com/tos-alisg-i-f7lenjegsh-sg/7e0621edb0b24b5cbb6abab30e73c116~tplv-g9dfdl17fc-origin-image.image,https://shop.tiktok.com/view/product/1729503328642635143?region=US&locale=en,3135.06,830.78,8851.11,227,28,13.81,26.49,149,4.6,58.1%,0.0%,4.6%,2.1%,13.44,0.97,1件,/,/,否,否,否,丰富度P0｜中增长｜100+销量｜高点击+高转化+高变现,Aeolus rid=6082893 / sid=3062689,2026-08-08 21:52
A级推荐,GB,1729427474556948135,S240908004455,石狮市谦莫服饰有限公司,Men's Bottoms,Men's Pants,丰富度P0,中增长,100+,高点击+高变现,大爆,https://p16-she-va.ibyteimg.com/tos-alisg-i-f7lenjegsh-sg/589c281faa92496a86c79517d99165f1~tplv-g9dfdl17fc-origin-image.image,https://shop.tiktok.com/view/product/1729427474556948135?region=GB&locale=en,5353.83,822.96,16886.94,314,38,17.05,27.96,600,4.8,60.9%,0.0%,3.4%,1.8%,10.96,0.62,1/2/3,/,女装标准码,是,否,是,丰富度P0｜中增长｜100+销量｜高点击+高变现,Aeolus rid=6082893 / sid=3062689,2026-08-08 21:52
B级观察,US,1731393172016828455,S250702016199,香港興樂悅貿易有限公司,Men's Bottoms,Men's Shorts,非P0补充,中增长,100+,高点击+高转化+高变现,爆品,https://p16-she-va.ibyteimg.com/tos-alisg-i-f7lenjegsh-sg/c4ac59391c2f41b28af714a5ba2d199f~tplv-g9dfdl17fc-origin-image.image,https://shop.tiktok.com/view/product/1731393172016828455?region=US&locale=en,2610.72,805.63,6269.56,186,44,14.04,21.89,147,4.6,64.9%,0.0%,4.7%,2.8%,18.66,1.30,1件,/,/,否,否,否,非P0补充｜中增长｜100+销量｜高点击+高转化+高变现,Aeolus rid=6082893 / sid=3062689,2026-08-08 21:52
A级推荐,US,1729489161305364408,S260127076891,广州市增城坦爵服装商行,Men's Bottoms,Men's Jeans,丰富度P0,中增长,50+,高点击+高转化+高变现,爆品,https://p16-she-va.ibyteimg.com/tos-alisg-i-f7lenjegsh-sg/a16cd60f51144e4d82e34a4840ab53d6~tplv-g9dfdl17fc-origin-image.image,https://shop.tiktok.com/view/product/1729489161305364408?region=US&locale=en,1698.36,776.06,5197.80,77,33,22.06,37.89,106,4.5,42.9%,0.0%,3.6%,3.4%,27.41,1.24,1件,/,/,否,否,是,丰富度P0｜中增长｜50+销量｜高点击+高转化+高变现,Aeolus rid=6082893 / sid=3062689,2026-08-08 21:52
A级推荐,FR,1729480518958553907,S250111005307,广州市地引力服装有限公司,Men's Bottoms,Men's Jeans,丰富度P0,中增长,10+,高点击+高变现,爆品,https://p16-she-va.ibyteimg.com/tos-alisg-i-f7lenjegsh-sg/7aa70d3a271b487ebf07fbf07e7fe584~tplv-g9dfdl17fc-origin-image.image,https://shop.tiktok.com/view/product/1729480518958553907?region=FR&locale=fr,817.71,734.64,1791.17,29,21,28.20,46.11,1049,4.5,80.0%,0.0%,3.6%,1.7%,20.03,0.61,1件,/,/,是,否,是,丰富度P0｜中增长｜10+销量｜高点击+高变现,Aeolus rid=6082893 / sid=3062689,2026-08-08 21:52
B级观察,US,1731828668428358388,S250905032029,广州韩忆服饰有限公司,Men's Bottoms,Men's Pants,非P0补充,中增长,100+,高点击+高转化+高变现,爆品,https://p16-she-va.ibyteimg.com/tos-alisg-i-f7lenjegsh-sg/762d8164178541e299f641772333c3fc~tplv-g9dfdl17fc-origin-image.image,https://shop.tiktok.com/view/product/1731828668428358388?region=US&locale=en,7597.98,719.73,26771.55,317,-7,23.97,31.59,394,4.4,48.8%,0.0%,2.5%,2.1%,12.38,0.51,1件,/,/,否,否,否,非P0补充｜中增长｜100+销量｜高点击+高转化+高变现,Aeolus rid=6082893 / sid=3062689,2026-08-08 21:52
B级观察,US,1732232618518614791,S260117027185,广州市天河区潮往男装服装店（个体工商户）,Men's Bottoms,Men's Pants,非P0补充,中增长,50+,高转化+高变现,平销,https://p16-she-va.ibyteimg.com/tos-alisg-i-f7lenjegsh-sg/94230fcc66ef49c591225bc60e8f701f~tplv-g9dfdl17fc-origin-image.image,https://shop.tiktok.com/view/product/1732232618518614791?region=US&locale=en,1269.81,719.32,1932.16,61,29,20.82,26.39,1076,4.2,14.3%,0.0%,1.6%,2.5%,8.43,0.40,1件,/,/,是,否,否,非P0补充｜中增长｜50+销量｜高转化+高变现,Aeolus rid=6082893 / sid=3062689,2026-08-08 21:52
B级观察,DE,1729751832637250520,S260115018891,汕头市阳衿贸易有限公司,Men's Tops,Shirts,非P0补充,中增长,10+,高变现,爆品,https://p16-she-va.ibyteimg.com/tos-alisg-i-f7lenjegsh-sg/c163470e4f1b4457a92f9fe1ceb530b9~tplv-g9dfdl17fc-origin-image.image,https://shop.tiktok.com/view/product/1729751832637250520?region=DE&locale=de,2039.56,717.33,6253.94,40,12,50.99,80.71,6627,4.7,69.2%,0.0%,1.7%,1.7%,14.29,0.28,5件,/,/,是,否,否,非P0补充｜中增长｜10+销量｜高变现,Aeolus rid=6082893 / sid=3062689,2026-08-08 21:52
A级推荐,US,1732422945001935013,S260601030454,宁波逸拓电子商务有限公司,Men's Bottoms,Men's Pants,丰富度P0,中增长,50+,高点击+高转化+高变现,平销,https://p16-she-va.ibyteimg.com/tos-alisg-i-f7lenjegsh-sg/cc26971d302d49f9869a97dc7991af00~tplv-g9dfdl17fc-origin-image.image,https://shop.tiktok.com/view/product/1732422945001935013?region=US&locale=en,1070.88,703.89,2016.32,67,46,15.98,23.39,1405,3.9,45.5%,0.0%,2.4%,3.0%,13.41,0.71,1件,/,/,是,否,否,丰富度P0｜中增长｜50+销量｜高点击+高转化+高变现,Aeolus rid=6082893 / sid=3062689,2026-08-08 21:52
B级观察,US,1732207263862199050,S260105076485,广州市精方服装有限公司,Men's Bottoms,Men's Jeans,非P0补充,中增长,50+,高点击+高转化+高变现,爆品,https://p16-she-va.ibyteimg.com/tos-alisg-i-f7lenjegsh-sg/4b15d9f56bbf48928dcfbc03c8e3ea96~tplv-g9dfdl17fc-origin-image.image,https://shop.tiktok.com/view/product/1732207263862199050?region=US&locale=en,2159.51,702.11,6637.10,83,28,26.02,39.09,139,3.9,71.4%,0.0%,2.2%,2.9%,17.10,0.65,1件,/,/,是,否,是,非P0补充｜中增长｜50+销量｜高点击+高转化+高变现,Aeolus rid=6082893 / sid=3062689,2026-08-08 21:52
A级推荐,GB,1729760307153378177,S260129074677,晋江市新塘骏腾服装店,Men's Suits & Sets,Men's Clothing Sets,丰富度P0,中增长,10+,高点击+高变现,爆品,https://p16-she-va.ibyteimg.com/tos-alisg-i-f7lenjegsh-sg/d9fc51f1bc654c888a6f67ace5f2e95d~tplv-g9dfdl17fc-origin-image.image,https://shop.tiktok.com/view/product/1729760307153378177?region=GB&locale=en,1137.92,697.87,2220.53,39,24,29.18,65.62,7406,4.4,44.4%,0.0%,3.9%,0.9%,10.99,0.37,2件,/,/,是,否,否,丰富度P0｜中增长｜10+销量｜高点击+高变现,Aeolus rid=6082893 / sid=3062689,2026-08-08 21:52
B级观察,MX,1732794612885521998,S250924026493,晋江市新塘赐金服装贸易商行,Men's Tops,T-shirts,非P0补充,中增长,100+,高点击+高变现,爆品,https://p16-she-va.ibyteimg.com/tos-alisg-i-f7lenjegsh-sg/cd340142d4144d779d4d4956d2d9b38d~tplv-g9dfdl17fc-origin-image.image,https://shop.tiktok.com/view/product/1732794612885521998?region=MX&locale=es,1375.34,689.00,3297.23,126,73,10.92,25.45,322,4.8,50.0%,0.0%,3.4%,1.7%,6.49,0.58,1件,/,/,否,否,是,非P0补充｜中增长｜100+销量｜高点击+高变现,Aeolus rid=6082893 / sid=3062689,2026-08-08 21:52
B级观察,MX,1734446927259273176,S260115018891,汕头市阳衿贸易有限公司,Men's Tops,Shirts,非P0补充,中增长,100+,高点击+高变现,爆品,https://p16-she-va.ibyteimg.com/tos-alisg-i-f7lenjegsh-sg/c163470e4f1b4457a92f9fe1ceb530b9~tplv-g9dfdl17fc-origin-image.image,https://shop.tiktok.com/view/product/1734446927259273176?region=MX&locale=es,3865.68,673.23,8421.87,134,35,28.85,85.47,3239,4.7,87.5%,0.0%,2.8%,2.0%,15.93,0.55,5件,/,/,是,否,否,非P0补充｜中增长｜100+销量｜高点击+高变现,Aeolus rid=6082893 / sid=3062689,2026-08-08 21:52
A级推荐,US,1732153301683966009,S251217074106,长沙博临汇创商贸有限公司,Men's Tops,T-shirts,丰富度P0,中增长,50+,高转化+高变现,爆品,https://p16-she-va.ibyteimg.com/tos-alisg-i-f7lenjegsh-sg/44bd6d91dd8c46d88925c65031726dd1~tplv-g9dfdl17fc-origin-image.image,https://shop.tiktok.com/view/product/1732153301683966009?region=US&locale=en,1545.01,670.93,3948.67,99,39,15.61,13.39,96,4.6,35.7%,0.0%,1.6%,2.6%,6.72,0.42,/,/,/,否,否,是,丰富度P0｜中增长｜50+销量｜高转化+高变现,Aeolus rid=6082893 / sid=3062689,2026-08-08 21:52
A级推荐,US,1732392696433774964,S260510014512,广州乐简服饰有限公司,Men's Bottoms,Men's Pants,丰富度P0,中增长,100+,高点击+高变现,爆品,https://p16-she-va.ibyteimg.com/tos-alisg-i-f7lenjegsh-sg/a34459d6cd144e83b7a3982009cf97f0~tplv-g9dfdl17fc-origin-image.image,https://shop.tiktok.com/view/product/1732392696433774964?region=US&locale=en,2285.07,670.02,5338.15,119,38,19.20,30.59,231,4.4,20.0%,0.0%,5.7%,1.4%,15.55,0.80,1件,/,/,否,否,是,丰富度P0｜中增长｜100+销量｜高点击+高变现,Aeolus rid=6082893 / sid=3062689,2026-08-08 21:52
B级观察,US,1731620420804382949,S250812022262,广西众森服饰有限公司,Men's Suits & Sets,Men's Clothing Sets,非P0补充,中增长,10+,高点击+高转化+高变现,平销,https://p16-she-va.ibyteimg.com/tos-alisg-i-f7lenjegsh-sg/990fc19a09c8415f864f7941c9374b49~tplv-g9dfdl17fc-origin-image.image,https://shop.tiktok.com/view/product/1731620420804382949?region=US&locale=en,1070.58,669.96,3071.64,42,26,25.49,37.69,53,3.9,100.0%,0.0%,5.5%,2.3%,32.22,1.26,2件,/,/,是,否,是,非P0补充｜中增长｜10+销量｜高点击+高转化+高变现,Aeolus rid=6082893 / sid=3062689,2026-08-08 21:52
B级观察,GB,1729753158858676706,S260117019110,石狮市民浩贸易有限公司,Men's Bottoms,Men's Shorts,非P0补充,中增长,100+,高转化+高变现,爆品,https://p16-she-va.ibyteimg.com/tos-alisg-i-f7lenjegsh-sg/25ff03b9cdd44b2592ae080efa8fa329~tplv-g9dfdl17fc-origin-image.image,https://shop.tiktok.com/view/product/1729753158858676706?region=GB&locale=en,1964.01,669.45,6496.68,145,47,13.54,16.80,458,4.7,100.0%,0.0%,1.2%,3.1%,5.12,0.38,1件,/,/,否,否,是,非P0补充｜中增长｜100+销量｜高转化+高变现,Aeolus rid=6082893 / sid=3062689,2026-08-08 21:52
B级观察,GB,1729608169589021185,S250814008807,成都诚运黎商贸经营部,Men's Bottoms,Men's Pants,非P0补充,中增长,10+,高点击+高转化+高变现,平销,https://p16-she-va.ibyteimg.com/tos-alisg-i-f7lenjegsh-sg/ae25ddf8cd104b3aa2d6d31c6160dd93~tplv-g9dfdl17fc-origin-image.image,https://shop.tiktok.com/view/product/1729608169589021185?region=GB&locale=en,1171.67,660.24,2708.66,37,22,31.67,67.24,1805635,4.2,0.0%,0.0%,3.2%,4.6%,45.94,1.45,/,/,/,是,否,是,非P0补充｜中增长｜10+销量｜高点击+高转化+高变现,Aeolus rid=6082893 / sid=3062689,2026-08-08 21:52
B级观察,GB,1729795616978147573,S260410007937,广州市海珠区诚远纺织商行,Men's Suits & Sets,Men's Clothing Sets,非P0补充,中增长,50+,高点击+高转化+高变现,爆品,https://p16-she-va.ibyteimg.com/tos-alisg-i-f7lenjegsh-sg/99539d1ee5f541398011d1675575819c~tplv-g9dfdl17fc-origin-image.image,https://shop.tiktok.com/view/product/1729795616978147573?region=GB&locale=en,1666.60,653.63,4198.06,69,25,24.15,37.65,7471,4.7,66.7%,0.0%,2.6%,4.0%,25.34,1.05,2件,/,/,是,否,否,非P0补充｜中增长｜50+销量｜高点击+高转化+高变现,Aeolus rid=6082893 / sid=3062689,2026-08-08 21:52
A级推荐,GB,1729668320135321787,S251020063138,宁波简潮阁服饰有限公司,Men's Tops,Hoodies & Sweatshirts,丰富度P0,中增长,100+,高点击+高转化+高变现,大爆,https://p16-she-va.ibyteimg.com/tos-alisg-i-f7lenjegsh-sg/e50c39f4e66743589e2b6653c917b597~tplv-g9dfdl17fc-origin-image.image,https://shop.tiktok.com/view/product/1729668320135321787?region=GB&locale=en,1579.84,651.29,4355.18,122,66,12.95,23.52,9121,4.2,54.5%,0.0%,2.3%,3.3%,9.95,0.77,单件,/,/,是,否,否,丰富度P0｜中增长｜100+销量｜高点击+高转化+高变现,Aeolus rid=6082893 / sid=3062689,2026-08-08 21:52
A级推荐,GB,1729787570061810159,S260328021422,晋江市狮墨服装有限公司,Men's Tops,Jackets & Coats,丰富度P0,中增长,50+,高点击+高变现,平销,https://p16-she-va.ibyteimg.com/tos-alisg-i-f7lenjegsh-sg/e27cb4de31bf49c2a209595293f1194f~tplv-g9dfdl17fc-origin-image.image,https://shop.tiktok.com/view/product/1729787570061810159?region=GB&locale=en,1209.90,645.22,3427.63,51,17,23.72,33.34,292,4.3,72.7%,0.0%,5.1%,1.2%,15.07,0.62,1件,/,/,是,否,是,丰富度P0｜中增长｜50+销量｜高点击+高变现,Aeolus rid=6082893 / sid=3062689,2026-08-08 21:52
A级推荐,GB,1729497611217967599,S250425007982,晋江市狮墨服装有限公司,Men's Tops,Jackets & Coats,丰富度P0,中增长,100+,高点击+高转化+高变现,爆品,https://p16-she-va.ibyteimg.com/tos-alisg-i-f7lenjegsh-sg/8731a7c754a24c83b4537569de8e2b87~tplv-g9dfdl17fc-origin-image.image,https://shop.tiktok.com/view/product/1729497611217967599?region=GB&locale=en,1032.93,636.69,2255.33,109,91,9.48,34.96,281,4.3,5.0%,0.0%,2.7%,5.7%,14.62,1.54,1件,/,/,是,否,是,丰富度P0｜中增长｜100+销量｜高点击+高转化+高变现,Aeolus rid=6082893 / sid=3062689,2026-08-08 21:52
A级推荐,US,1732334238200861446,S260410026062,广州梓康服饰有限公司,Men's Tops,Vests,丰富度P0,中增长,50+,高转化+高变现,爆品,https://p16-she-va.ibyteimg.com/tos-alisg-i-f7lenjegsh-sg/7d25a0df5d3e4a17bfd63d2557dfd7e8~tplv-g9dfdl17fc-origin-image.image,https://shop.tiktok.com/view/product/1732334238200861446?region=US&locale=en,829.66,634.89,1472.30,64,45,12.96,14.19,89,4.5,71.4%,0.0%,1.8%,7.8%,20.37,1.37,1件,/,/,否,否,是,丰富度P0｜中增长｜50+销量｜高转化+高变现,Aeolus rid=6082893 / sid=3062689,2026-08-08 21:52
A级推荐,US,1729545292444832507,S240621002668,泉州名贯纺织品有限责任公司,Men's Tops,Knitwear,丰富度P0,中增长,50+,高点击+高转化+高变现,平销,https://p16-she-va.ibyteimg.com/tos-alisg-i-f7lenjegsh-sg/7844e16e2d5b4d7eaf39aa174eef5ea4~tplv-g9dfdl17fc-origin-image.image,https://shop.tiktok.com/view/product/1729545292444832507?region=US&locale=en,1260.28,633.95,3115.75,67,30,18.81,26.49,156,4.8,44.4%,0.0%,2.2%,2.0%,8.22,0.44,1件,/,女装标准码,是,否,是,丰富度P0｜中增长｜50+销量｜高点击+高转化+高变现,Aeolus rid=6082893 / sid=3062689,2026-08-08 21:52
A级推荐,US,1732174651617350410,S251225080991,广州市精方服装有限公司,Men's Bottoms,Men's Jeans,丰富度P0,中增长,500+,高点击+高变现,大爆,https://p16-she-va.ibyteimg.com/tos-alisg-i-f7lenjegsh-sg/cfa17af3195e499f986de60176fa0587~tplv-g9dfdl17fc-origin-image.image,https://shop.tiktok.com/view/product/1732174651617350410?region=US&locale=en,13348.26,632.22,44805.13,676,8,19.75,37.99,907,4.7,49.5%,0.0%,3.8%,1.6%,12.25,0.62,1件,/,/,是,否,是,丰富度P0｜中增长｜500+销量｜高点击+高变现,Aeolus rid=6082893 / sid=3062689,2026-08-08 21:52
B级观察,GB,1729861387189001159,S260626013285,歐寧有限公司,Men's Tops,T-shirts,非P0补充,中增长,50+,高点击+高转化+高变现,滞销,https://p16-she-va.ibyteimg.com/tos-alisg-i-f7lenjegsh-sg/5d964fabdd44458992535486e5669429~tplv-g9dfdl17fc-origin-image.image,https://shop.tiktok.com/view/product/1729861387189001159?region=GB&locale=en,631.39,631.39,631.39,54,54,11.69,16.53,2451,4.0,0.0%,0.0%,5.7%,150.0%,18039.81,85.71,/,/,/,是,否,否,非P0补充｜中增长｜50+销量｜高点击+高转化+高变现,Aeolus rid=6082893 / sid=3062689,2026-08-08 21:52
A级推荐,US,1732408864711544929,S260522010287,广州市黄埔区誉颖服装店（个体工商户）,Men's Tops,T-shirts,丰富度P0,中增长,10+,高转化+高变现,平销,https://p16-she-va.ibyteimg.com/tos-alisg-i-f7lenjegsh-sg/8481d4677b2449f28833251a161ff612~tplv-g9dfdl17fc-origin-image.image,https://shop.tiktok.com/view/product/1732408864711544929?region=US&locale=en,906.10,613.01,2319.49,36,25,25.17,41.19,5609,4.0,0.0%,0.0%,1.3%,7.7%,24.99,0.99,3件,/,/,是,否,否,丰富度P0｜中增长｜10+销量｜高转化+高变现,Aeolus rid=6082893 / sid=3062689,2026-08-08 21:52
A级推荐,US,1729468361476706983,S240320007505,石狮市谦莫服饰有限公司,Men's Suits & Sets,Men's Clothing Sets,丰富度P0,中增长,10+,高点击+高变现,滞销,https://p16-she-va.ibyteimg.com/tos-alisg-i-f7lenjegsh-sg/ada7779f3bac4295ac124f33314de21c~tplv-g9dfdl17fc-origin-image.image,https://shop.tiktok.com/view/product/1729468361476706983?region=US&locale=en,929.29,604.78,2013.04,29,20,32.04,55.79,18,4.8,63.6%,0.0%,4.7%,1.7%,25.36,0.79,2件套,/,女装标准码,否,否,是,丰富度P0｜中增长｜10+销量｜高点击+高变现,Aeolus rid=6082893 / sid=3062689,2026-08-08 21:52
A级推荐,US,1732384862583558504,S260505000548,上饶市七彩屋服饰有限公司,Men's Suits & Sets,Men's Clothing Sets,丰富度P0,中增长,10+,高点击+高转化+高变现,滞销,https://p16-she-va.ibyteimg.com/tos-alisg-i-f7lenjegsh-sg/da2e47152bed4f5a96b5792d0c0285aa~tplv-g9dfdl17fc-origin-image.image,https://shop.tiktok.com/view/product/1732384862583558504?region=US&locale=en,603.18,603.18,733.36,23,23,26.23,37.39,19,4.5,100.0%,0.0%,5.2%,2.1%,28.69,1.09,2件,/,/,是,否,是,丰富度P0｜中增长｜10+销量｜高点击+高转化+高变现,Aeolus rid=6082893 / sid=3062689,2026-08-08 21:52
A级推荐,US,1729413730053820961,S231106002558,深圳市智汇集创电子商务有限公司,Men's Tops,Shirts,丰富度P0,中增长,100+,高转化+高变现,爆品,https://p16-she-va.ibyteimg.com/tos-alisg-i-f7lenjegsh-sg/ab8dbb07da0a49dd939a102c8eefa937~tplv-g9dfdl17fc-origin-image.image,https://shop.tiktok.com/view/product/1729413730053820961?region=US&locale=en,2530.81,591.04,8606.28,108,20,23.43,18.73,201,4.7,72.7%,0.0%,1.0%,4.5%,10.98,0.47,1件,/,女装标准码,否,否,否,丰富度P0｜中增长｜100+销量｜高转化+高变现,Aeolus rid=6082893 / sid=3062689,2026-08-08 21:52
A级推荐,GB,1729840635596151081,S260603014409,香港星兆服飾有限公司,Men's Suits & Sets,Men's Clothing Sets,丰富度P0,中增长,50+,高点击+高转化+高变现,爆品,https://p16-she-va.ibyteimg.com/tos-alisg-i-f7lenjegsh-sg/c6fa6dc837154a29a6088216c09045eb~tplv-g9dfdl17fc-origin-image.image,https://shop.tiktok.com/view/product/1729840635596151081?region=GB&locale=en,1058.91,587.37,2486.76,63,31,16.81,26.62,9955,3.8,33.3%,0.0%,4.0%,2.2%,15.07,0.90,2件套,/,/,是,否,是,丰富度P0｜中增长｜50+销量｜高点击+高转化+高变现,Aeolus rid=6082893 / sid=3062689,2026-08-08 21:52
A级推荐,US,1732420448074109544,S260531002585,广州市黄埔区海聚百货商行（个体工商户）,Men's Tops,Shirts,丰富度P0,中增长,100+,高转化+高变现,爆品,https://p16-she-va.ibyteimg.com/tos-alisg-i-f7lenjegsh-sg/b915928f9e3c4ed9b7251b960b71e819~tplv-g9dfdl17fc-origin-image.image,https://shop.tiktok.com/view/product/1732420448074109544?region=US&locale=en,1852.78,587.28,7504.06,103,15,17.99,26.69,574,4.1,53.3%,0.0%,2.0%,2.9%,10.34,0.57,/,/,/,是,否,否,丰富度P0｜中增长｜100+销量｜高转化+高变现,Aeolus rid=6082893 / sid=3062689,2026-08-08 21:52
A级推荐,DE,1729826713207413415,S260507036507,石狮市谦莫服饰有限公司,Men's Bottoms,Men's Shorts,丰富度P0,中增长,10+,高变现,爆品,https://p16-she-va.ibyteimg.com/tos-alisg-i-f7lenjegsh-sg/386a64fcf28d4643887d4ff713af5cc1~tplv-g9dfdl17fc-origin-image.image,https://shop.tiktok.com/view/product/1729826713207413415?region=DE&locale=de,795.09,586.97,2730.31,20,16,39.75,32.28,7003,4.3,50.0%,0.0%,1.2%,1.2%,5.84,0.15,1/2/3件,/,/,是,否,否,丰富度P0｜中增长｜10+销量｜高变现,Aeolus rid=6082893 / sid=3062689,2026-08-08 21:52
A级推荐,DE,1729482990729206579,S250116006376,广州市地引力服装有限公司,Men's Bottoms,Men's Shorts,丰富度P0,中增长,50+,高变现,大爆,https://p16-she-va.ibyteimg.com/tos-alisg-i-f7lenjegsh-sg/155d847b235847dcbef2b1811c7baed9~tplv-g9dfdl17fc-origin-image.image,https://shop.tiktok.com/view/product/1729482990729206579?region=DE&locale=de,2144.97,584.87,6997.35,66,1,32.50,41.50,1445,4.5,87.5%,0.0%,1.9%,0.9%,5.70,0.17,1件,/,/,是,否,是,丰富度P0｜中增长｜50+销量｜高变现,Aeolus rid=6082893 / sid=3062689,2026-08-08 21:52
B级观察,GB,1729731977902397704,S251216144778,杭州艾捷电子商务有限公司,Men's Tops,Polo Shirts,非P0补充,中增长,10+,高点击+高转化+高变现,平销,https://p16-she-va.ibyteimg.com/tos-alisg-i-f7lenjegsh-sg/2c024c1b13904cdf944cdc7ceb03b666~tplv-g9dfdl17fc-origin-image.image,https://shop.tiktok.com/view/product/1729731977902397704?region=GB&locale=en,878.60,584.57,2246.03,46,32,19.10,27.29,75,4.8,50.0%,0.0%,5.5%,8.1%,85.74,4.49,1件,/,/,是,否,否,非P0补充｜中增长｜10+销量｜高点击+高转化+高变现,Aeolus rid=6082893 / sid=3062689,2026-08-08 21:52
A级推荐,GB,1729627452751780423,S250905014426,泉州宾玖科技有限公司,Men's Tops,Knitwear,丰富度P0,中增长,50+,高变现,平销,https://p16-she-va.ibyteimg.com/tos-alisg-i-f7lenjegsh-sg/605e3c4f68ba417a8330b9ad2e54f45c~tplv-g9dfdl17fc-origin-image.image,https://shop.tiktok.com/view/product/1729627452751780423?region=GB&locale=en,773.47,580.83,1660.50,50,33,15.47,27.29,54,4.5,66.7%,0.0%,1.5%,2.0%,4.68,0.29,/,/,/,否,否,是,丰富度P0｜中增长｜50+销量｜高变现,Aeolus rid=6082893 / sid=3062689,2026-08-08 21:52
A级推荐,US,1732489266361045376,S260713036748,广州市黄埔区海织电子商务商行（个体工商户）,Men's Tops,Shirts,丰富度P0,中增长,10+,高变现,平销,https://p16-she-va.ibyteimg.com/tos-alisg-i-f7lenjegsh-sg/4edeae5ec9744735af638f8d25cac640~tplv-g9dfdl17fc-origin-image.image,https://shop.tiktok.com/view/product/1732489266361045376?region=US&locale=en,603.45,573.87,659.35,33,31,18.29,24.69,99,4.5,66.7%,0.0%,1.3%,1.9%,4.43,0.24,/,/,/,是,否,是,丰富度P0｜中增长｜10+销量｜高变现,Aeolus rid=6082893 / sid=3062689,2026-08-08 21:52
A级推荐,US,1732267544919708600,S260203056354,广州市增城坦爵服装商行,Men's Bottoms,Men's Jeans,丰富度P0,中增长,100+,高点击+高变现,爆品,https://p16-she-va.ibyteimg.com/tos-alisg-i-f7lenjegsh-sg/32d1bd13ba814160bd845258ec65907c~tplv-g9dfdl17fc-origin-image.image,https://shop.tiktok.com/view/product/1732267544919708600?region=US&locale=en,4798.17,563.16,19340.95,220,5,21.81,33.69,197,4.5,69.6%,0.0%,4.7%,1.6%,17.02,0.77,1件,/,/,否,否,是,丰富度P0｜中增长｜100+销量｜高点击+高变现,Aeolus rid=6082893 / sid=3062689,2026-08-08 21:52
A级推荐,US,1731548348002505577,S250731007712,赣州大衫科技有限公司,Men's Bottoms,Men's Jeans,丰富度P0,中增长,50+,高点击+高转化+高变现,爆品,https://p16-she-va.ibyteimg.com/tos-alisg-i-f7lenjegsh-sg/cc81c5b0857749269f0c7bdfa55f6282~tplv-g9dfdl17fc-origin-image.image,https://shop.tiktok.com/view/product/1731548348002505577?region=US&locale=en,1751.66,562.50,5178.20,72,15,24.33,40.89,83,4.1,0.0%,0.0%,4.5%,3.6%,40.62,1.62,1件,/,/,是,否,是,丰富度P0｜中增长｜50+销量｜高点击+高转化+高变现,Aeolus rid=6082893 / sid=3062689,2026-08-08 21:52
A级推荐,US,1731699613695840732,S250828022342,深圳临犀贸易有限公司,Men's Bottoms,Men's Jeans,丰富度P0,中增长,50+,高点击+高转化+高变现,平销,https://p16-she-va.ibyteimg.com/tos-alisg-i-f7lenjegsh-sg/7f6ebc1554fa43a89c70dd61f45e654c~tplv-g9dfdl17fc-origin-image.image,https://shop.tiktok.com/view/product/1731699613695840732?region=US&locale=en,1529.70,556.04,5146.48,61,16,25.08,43.29,54,4.6,12.5%,0.0%,4.1%,2.4%,24.81,0.97,1件,/,/,是,否,是,丰富度P0｜中增长｜50+销量｜高点击+高转化+高变现,Aeolus rid=6082893 / sid=3062689,2026-08-08 21:52
A级推荐,DE,1729490188562635093,S250411020768,广州市天河区悦贸时尚服饰店（个体工商户）,Men's Suits & Sets,Men's Clothing Sets,丰富度P0,中增长,10+,高转化+高变现,平销,https://p16-she-va.ibyteimg.com/tos-alisg-i-f7lenjegsh-sg/378eb8e5138a49c5a9180f2a15019873~tplv-g9dfdl17fc-origin-image.image,https://shop.tiktok.com/view/product/1729490188562635093?region=DE&locale=de,552.31,552.31,799.19,16,16,34.52,37.46,5266,4.0,62.5%,0.0%,0.5%,3.8%,6.81,0.20,2件套,/,/,是,否,是,丰富度P0｜中增长｜10+销量｜高转化+高变现,Aeolus rid=6082893 / sid=3062689,2026-08-08 21:52
A级推荐,ES,1729482412298639619,S250326010744,义乌市营航贸易有限公司,Men's Bottoms,Men's Pants,丰富度P0,中增长,50+,高点击+高转化+高变现,爆品,https://p16-she-va.ibyteimg.com/tos-alisg-i-f7lenjegsh-sg/637182c6e7eb4919976632e280764499~tplv-g9dfdl17fc-origin-image.image,https://shop.tiktok.com/view/product/1729482412298639619?region=ES&locale=es,1243.28,551.57,3620.29,66,32,18.84,31.12,230,4.5,66.7%,0.0%,2.0%,2.2%,8.48,0.44,/,/,/,是,否,否,丰富度P0｜中增长｜50+销量｜高点击+高转化+高变现,Aeolus rid=6082893 / sid=3062689,2026-08-08 21:52
A级推荐,GB,1729863236216658157,S260629033784,广州市伍家坡服装有限公司,Men's Bottoms,Men's Shorts,丰富度P0,中增长,10+,高转化+高变现,平销,https://p16-she-va.ibyteimg.com/tos-alisg-i-f7lenjegsh-sg/41415ed76a8c46cfa3ca76b5f677b99d~tplv-g9dfdl17fc-origin-image.image,https://shop.tiktok.com/view/product/1729863236216658157?region=GB&locale=en,1078.34,550.83,1854.76,44,21,24.51,29.31,255,4.4,93.3%,0.0%,1.5%,2.0%,7.27,0.30,1件,/,/,是,否,是,丰富度P0｜中增长｜10+销量｜高转化+高变现,Aeolus rid=6082893 / sid=3062689,2026-08-08 21:52
B级观察,US,1732059481790780160,S251115045786,石狮市毳毳服装厂（个体工商户）,Men's Bottoms,Men's Jeans,非P0补充,中增长,50+,高点击+高转化+高变现,平销,https://p16-she-va.ibyteimg.com/tos-alisg-i-f7lenjegsh-sg/3093422175d646a68b14b8b2e8e39290~tplv-g9dfdl17fc-origin-image.image,https://shop.tiktok.com/view/product/1732059481790780160?region=US&locale=en,1358.27,549.04,4485.36,59,25,23.02,32.99,2332,4.1,0.0%,0.0%,4.7%,4.6%,50.58,2.16,1件,/,/,是,否,是,非P0补充｜中增长｜50+销量｜高点击+高转化+高变现,Aeolus rid=6082893 / sid=3062689,2026-08-08 21:52
B级观察,US,1730290605325717757,S241217005038,广州市番禺区鑫鸿婷服饰商行（个体工商户）,Men's Bottoms,Men's Shorts,非P0补充,中增长,10+,高转化+高变现,平销,https://p16-she-va.ibyteimg.com/tos-alisg-i-f7lenjegsh-sg/f116233eee1243e891d3f9aa6bb84218~tplv-g9dfdl17fc-origin-image.image,https://shop.tiktok.com/view/product/1730290605325717757?region=US&locale=en,1266.74,547.22,4530.10,45,20,28.15,43.39,479,4.6,0.0%,0.0%,1.9%,4.1%,22.49,0.80,3件套,/,/,是,否,是,非P0补充｜中增长｜10+销量｜高转化+高变现,Aeolus rid=6082893 / sid=3062689,2026-08-08 21:52
A级推荐,US,1729640099975631156,S240814004400,石狮市杰建日用百货商行,Men's Bottoms,Men's Pants,丰富度P0,中增长,50+,高点击+高转化+高变现,爆品,https://p16-she-va.ibyteimg.com/tos-alisg-i-f7lenjegsh-sg/17bd325b6db74012898723ac84bb3b0f~tplv-g9dfdl17fc-origin-image.image,https://shop.tiktok.com/view/product/1729640099975631156?region=US&locale=en,1262.46,542.55,3679.05,84,26,15.03,20.49,9147,4.8,37.5%,0.0%,2.5%,3.5%,12.96,0.86,1/2/3件,/,女装标准码,是,是,是,丰富度P0｜中增长｜50+销量｜高点击+高转化+高变现,Aeolus rid=6082893 / sid=3062689,2026-08-08 21:52
A级推荐,US,1732360886396294072,S260422033279,广州市增城坦爵服装商行,Men's Bottoms,Men's Jeans,丰富度P0,中增长,50+,高点击+高转化+高变现,爆品,https://p16-she-va.ibyteimg.com/tos-alisg-i-f7lenjegsh-sg/ac29e422a29c4c4e908ecca0e388d4aa~tplv-g9dfdl17fc-origin-image.image,https://shop.tiktok.com/view/product/1732360886396294072?region=US&locale=en,2174.90,534.12,7340.09,89,17,24.44,37.39,181,4.5,0.0%,0.0%,3.4%,3.3%,28.53,1.13,1件,/,/,否,否,是,丰富度P0｜中增长｜50+销量｜高点击+高转化+高变现,Aeolus rid=6082893 / sid=3062689,2026-08-08 21:52
A级推荐,GB,1729780411090180775,S260315043448,石狮市谦莫服饰有限公司,Men's Suits & Sets,Men's Clothing Sets,丰富度P0,中增长,10+,高点击+高变现,平销,https://p16-she-va.ibyteimg.com/tos-alisg-i-f7lenjegsh-sg/b3c12f5bf7a8459086f5b3443e450a5e~tplv-g9dfdl17fc-origin-image.image,https://shop.tiktok.com/view/product/1729780411090180775?region=GB&locale=en,910.83,526.60,1951.33,28,14,32.53,41.68,427,4.8,0.0%,0.0%,3.0%,1.9%,19.01,0.58,2件,/,/,是,否,否,丰富度P0｜中增长｜10+销量｜高点击+高变现,Aeolus rid=6082893 / sid=3062689,2026-08-08 21:52
A级推荐,GB,1729583905826708329,S250723001650,赣州大衫科技有限公司,Men's Bottoms,Men's Jeans,丰富度P0,中增长,10+,高点击+高转化+高变现,爆品,https://p16-she-va.ibyteimg.com/tos-alisg-i-f7lenjegsh-sg/07bbbf4834a445a0a50b9ecc42085ee9~tplv-g9dfdl17fc-origin-image.image,https://shop.tiktok.com/view/product/1729583905826708329?region=GB&locale=en,1046.57,523.20,2421.81,47,20,22.27,36.30,170,4.3,60.0%,0.0%,3.7%,3.1%,25.65,1.15,1件,/,/,是,否,是,丰富度P0｜中增长｜10+销量｜高点击+高转化+高变现,Aeolus rid=6082893 / sid=3062689,2026-08-08 21:52
A级推荐,US,1732354685215806460,S260419013910,广州市黄埔区君宇服饰商行,Men's Tops,Shirts,丰富度P0,中增长,100+,高点击+高转化+高变现,爆品,https://p16-she-va.ibyteimg.com/tos-alisg-i-f7lenjegsh-sg/f2031362337c45da856d207d0b7af912~tplv-g9dfdl17fc-origin-image.image,https://shop.tiktok.com/view/product/1732354685215806460?region=US&locale=en,1945.50,521.68,6695.89,184,30,10.57,17.69,172,4.7,38.2%,0.0%,4.1%,5.6%,24.95,2.31,1件,/,/,是,否,否,丰富度P0｜中增长｜100+销量｜高点击+高转化+高变现,Aeolus rid=6082893 / sid=3062689,2026-08-08 21:52
A级推荐,US,1732333542436999959,S260410017407,上饶市伊泽服饰有限公司,Men's Tops,T-shirts,丰富度P0,中增长,50+,高点击+高转化+高变现,平销,https://p16-she-va.ibyteimg.com/tos-alisg-i-f7lenjegsh-sg/ccca0e4026b74332b838695e52d1d680~tplv-g9dfdl17fc-origin-image.image,https://shop.tiktok.com/view/product/1732333542436999959?region=US&locale=en,1308.13,520.63,3363.69,56,22,23.36,35.39,42,4.6,50.0%,0.0%,3.5%,4.5%,37.72,1.61,3件,/,/,否,否,是,丰富度P0｜中增长｜50+销量｜高点击+高转化+高变现,Aeolus rid=6082893 / sid=3062689,2026-08-08 21:52
A级推荐,GB,1729434402780319282,S241113001489,佛山市罗菲迪服饰有限公司,Men's Suits & Sets,Men's Clothing Sets,丰富度P0,中增长,50+,高点击+高转化+高变现,爆品,https://p16-she-va.ibyteimg.com/tos-alisg-i-f7lenjegsh-sg/d5f7019adb784d41b1e04bd20b3374cc~tplv-g9dfdl17fc-origin-image.image,https://shop.tiktok.com/view/product/1729434402780319282?region=GB&locale=en,1181.81,518.27,3186.97,67,29,17.64,42.76,40,4.5,40.0%,0.0%,3.2%,2.2%,12.76,0.72,2件套,/,/,否,否,是,丰富度P0｜中增长｜50+销量｜高点击+高转化+高变现,Aeolus rid=6082893 / sid=3062689,2026-08-08 21:52
A级推荐,US,1731577009504620856,S250806015149,海口龙华碧蛮商贸商行（个体工商户）,Men's Tops,Hoodies & Sweatshirts,丰富度P0,中增长,10+,高转化+高变现,平销,https://p16-she-va.ibyteimg.com/tos-alisg-i-f7lenjegsh-sg/17b9d1aefc6f4f86a0d0449a63d6a6e9~tplv-g9dfdl17fc-origin-image.image,https://shop.tiktok.com/view/product/1731577009504620856?region=US&locale=en,1036.84,515.33,3205.36,46,20,22.54,24.89,101,4.4,50.0%,0.0%,1.5%,2.5%,8.28,0.37,1件,/,/,否,否,是,丰富度P0｜中增长｜10+销量｜高转化+高变现,Aeolus rid=6082893 / sid=3062689,2026-08-08 21:52
B级观察,GB,1729646845295106727,S250927025898,石狮市谦莫服饰有限公司,Men's Bottoms,Men's Shorts,非P0补充,中增长,100+,高点击+高转化+高变现,爆品,https://p16-she-va.ibyteimg.com/tos-alisg-i-f7lenjegsh-sg/a3c18f880be24ccc931e85cbe246cb19~tplv-g9dfdl17fc-origin-image.image,https://shop.tiktok.com/view/product/1729646845295106727?region=GB&locale=en,2294.47,510.95,9940.59,112,19,20.49,16.80,5539,4.8,50.0%,0.0%,3.0%,3.3%,20.90,0.97,1/2件,/,/,是,否,是,非P0补充｜中增长｜100+销量｜高点击+高转化+高变现,Aeolus rid=6082893 / sid=3062689,2026-08-08 21:52
B级观察,US,1731749601331024388,S250818023571,广州鹤舞电子商务有限公司,Men's Tops,Knitwear,非P0补充,中增长,10+,高点击+高转化+高变现,平销,https://p16-she-va.ibyteimg.com/tos-alisg-i-f7lenjegsh-sg/0c90d8b441fe4abea3384a4d30fae183~tplv-g9dfdl17fc-origin-image.image,https://shop.tiktok.com/view/product/1731749601331024388?region=US&locale=en,1158.07,510.80,3029.53,48,22,24.13,36.99,72,4.3,0.0%,0.0%,2.9%,3.0%,21.47,0.89,/,/,/,否,否,否,非P0补充｜中增长｜10+销量｜高点击+高转化+高变现,Aeolus rid=6082893 / sid=3062689,2026-08-08 21:52
A级推荐,MX,1732019579675183381,S241216001238,义乌市盛点服装厂,Men's Tops,Shirts,丰富度P0,中增长,100+,高点击+高变现,爆品,https://p16-she-va.ibyteimg.com/tos-alisg-i-f7lenjegsh-sg/a2588e80284b407dae90150cf0506176~tplv-g9dfdl17fc-origin-image.image,https://shop.tiktok.com/view/product/1732019579675183381?region=MX&locale=es,1304.58,507.10,4528.02,121,50,10.78,18.83,93,4.7,61.1%,0.0%,5.3%,1.8%,10.48,0.94,1件,/,/,否,否,是,丰富度P0｜中增长｜100+销量｜高点击+高变现,Aeolus rid=6082893 / sid=3062689,2026-08-08 21:52
A级推荐,US,1732401243428065360,S260517000320,广州卓迅服饰有限公司,Men's Bottoms,Men's Shorts,丰富度P0,中增长,50+,高点击+高转化+高变现,爆品,https://p16-she-va.ibyteimg.com/tos-alisg-i-f7lenjegsh-sg/5cb1ad3fced0465eb05eb6bb51a2905f~tplv-g9dfdl17fc-origin-image.image,https://shop.tiktok.com/view/product/1732401243428065360?region=US&locale=en,2090.51,504.06,5936.94,83,15,25.19,40.99,29,3.8,0.0%,0.0%,3.0%,2.8%,20.76,0.82,1件,/,/,否,否,否,丰富度P0｜中增长｜50+销量｜高点击+高转化+高变现,Aeolus rid=6082893 / sid=3062689,2026-08-08 21:52
A级推荐,MX,1736353164541658869,S260702033188,广信区句利服装销售经营部（个体工商户）,Men's Tops,Shirts,丰富度P0,中增长,50+,高点击+高变现,平销,https://p16-she-va.ibyteimg.com/tos-alisg-i-f7lenjegsh-sg/f0cf4fee024f481c853081de03b39737~tplv-g9dfdl17fc-origin-image.image,https://shop.tiktok.com/view/product/1736353164541658869?region=MX&locale=es,692.70,501.95,999.14,56,42,12.37,23.51,50,4.3,90.9%,0.0%,5.0%,1.4%,8.67,0.68,/,/,/,否,否,是,丰富度P0｜中增长｜50+销量｜高点击+高变现,Aeolus rid=6082893 / sid=3062689,2026-08-08 21:52
B级观察,US,1731969072437694816,S251023037746,湘潭市雨湖区融坪跃百货店（个体工商户）,Men's Special Occasion Clothing,Costumes & Accessories,丰富度P0,增长,10+,高点击+高变现,滞销,https://p16-she-va.ibyteimg.com/tos-alisg-i-f7lenjegsh-sg/8b7606b2cf704e60971fa591b217ff96~tplv-g9dfdl17fc-origin-image.image,https://shop.tiktok.com/view/product/1731969072437694816?region=US&locale=en,584.48,497.94,1238.21,15,13,38.97,54.09,5,4.1,50.0%,0.0%,3.5%,0.9%,12.15,0.31,1件,/,/,否,否,是,丰富度P0｜增长｜10+销量｜高点击+高变现,Aeolus rid=6082893 / sid=3062689,2026-08-08 21:52
B级观察,US,1732228364510138916,S260116023173,广州市黄埔区福元贸易商行（个体工商户）,Men's Tops,Hoodies & Sweatshirts,丰富度P0,增长,50+,高转化+高变现,平销,https://p16-she-va.ibyteimg.com/tos-alisg-i-f7lenjegsh-sg/d5b91f7261914f31ae39461fe8e74cdb~tplv-g9dfdl17fc-origin-image.image,https://shop.tiktok.com/view/product/1732228364510138916?region=US&locale=en,979.94,493.03,1872.57,54,33,18.15,40.49,8797,4.6,40.0%,0.0%,1.5%,5.9%,17.08,0.89,1件,/,/,是,否,是,丰富度P0｜增长｜50+销量｜高转化+高变现,Aeolus rid=6082893 / sid=3062689,2026-08-08 21:52
B级观察,FR,1729516097606425514,S250520003352,广东雅迪服装有限公司,Men's Suits & Sets,Men's Clothing Sets,丰富度P0,增长,50+,高转化+高变现,爆品,https://p16-she-va.ibyteimg.com/tos-alisg-i-f7lenjegsh-sg/2fe5bbc375cf4142a8b097a1333b2cf4~tplv-g9dfdl17fc-origin-image.image,https://shop.tiktok.com/view/product/1729516097606425514?region=FR&locale=fr,1183.79,492.73,5874.72,63,22,18.79,34.58,242,4.7,6.7%,46.7%,0.8%,3.0%,4.52,0.24,2件套,/,/,否,否,是,丰富度P0｜增长｜50+销量｜高转化+高变现,Aeolus rid=6082893 / sid=3062689,2026-08-08 21:52
B级观察,MX,1731939516251343667,S250118000665,广州市地引力服装有限公司,Men's Bottoms,Men's Jeans,丰富度P0,增长,100+,高点击+高变现,大爆,https://p16-she-va.ibyteimg.com/tos-alisg-i-f7lenjegsh-sg/10652a9e50d446d7b873a567a8ba6afb~tplv-g9dfdl17fc-origin-image.image,https://shop.tiktok.com/view/product/1731939516251343667?region=MX&locale=es,2871.69,471.83,9152.90,166,39,17.30,47.80,573,4.5,35.0%,10.0%,4.3%,0.5%,3.44,0.20,1件,/,/,是,否,是,丰富度P0｜增长｜100+销量｜高点击+高变现,Aeolus rid=6082893 / sid=3062689,2026-08-08 21:52
B级观察,MX,1732672489781888819,S250111005307,广州市地引力服装有限公司,Men's Bottoms,Men's Jeans,丰富度P0,增长,100+,高点击+高转化+高变现,爆品,https://p16-she-va.ibyteimg.com/tos-alisg-i-f7lenjegsh-sg/7aa70d3a271b487ebf07fbf07e7fe584~tplv-g9dfdl17fc-origin-image.image,https://shop.tiktok.com/view/product/1732672489781888819?region=MX&locale=es,2703.58,470.66,7878.31,149,27,18.14,40.34,614,4.5,43.8%,0.0%,3.5%,2.2%,14.35,0.78,1件,/,/,是,否,是,丰富度P0｜增长｜100+销量｜高点击+高转化+高变现,Aeolus rid=6082893 / sid=3062689,2026-08-08 21:52
B级观察,US,1732418765659280021,S260529029829,广州虎道服饰商贸有限公司,Men's Tops,T-shirts,丰富度P0,增长,50+,高点击+高转化+高变现,平销,https://p16-she-va.ibyteimg.com/tos-alisg-i-f7lenjegsh-sg/9660aec901284d7fb4671064e7e4ebde~tplv-g9dfdl17fc-origin-image.image,https://shop.tiktok.com/view/product/1732418765659280021?region=US&locale=en,796.65,467.59,1672.58,55,30,14.48,23.49,37,4.1,33.3%,0.0%,3.7%,5.0%,26.63,1.84,1件,/,/,否,否,否,丰富度P0｜增长｜50+销量｜高点击+高转化+高变现,Aeolus rid=6082893 / sid=3062689,2026-08-08 21:52
B级观察,DE,1729624607301933735,S250901030960,石狮市谦莫服饰有限公司,Men's Bottoms,Men's Pants,丰富度P0,增长,50+,高点击+高变现,大爆,https://p16-she-va.ibyteimg.com/tos-alisg-i-f7lenjegsh-sg/dbfaa35986cd4c33af6bf791ec3007b4~tplv-g9dfdl17fc-origin-image.image,https://shop.tiktok.com/view/product/1729624607301933735?region=DE&locale=de,1678.93,463.82,3991.09,88,30,19.08,25.93,1309,4.3,39.1%,0.0%,6.9%,0.2%,2.60,0.13,1/2/3,/,/,否,否,是,丰富度P0｜增长｜50+销量｜高点击+高变现,Aeolus rid=6082893 / sid=3062689,2026-08-08 21:52
B级观察,GB,1729432749607521706,S241030005851,石狮市旺都服装有限公司,Men's Bottoms,Men's Pants,丰富度P0,增长,10+,高点击+高转化+高变现,平销,https://p16-she-va.ibyteimg.com/tos-alisg-i-f7lenjegsh-sg/30a81fe694124d75b0aa2f40e88aeaff~tplv-g9dfdl17fc-origin-image.image,https://shop.tiktok.com/view/product/1729432749607521706?region=GB&locale=en,710.98,463.39,1466.42,32,21,22.22,38.05,116,4.1,75.0%,0.0%,2.7%,4.7%,31.46,1.28,1件,/,/,否,否,是,丰富度P0｜增长｜10+销量｜高点击+高转化+高变现,Aeolus rid=6082893 / sid=3062689,2026-08-08 21:52
B级观察,FR,1729578064858618055,S250710007841,香港墨韻貿易有限公司,Men's Suits & Sets,Men's Clothing Sets,丰富度P0,增长,100+,高变现,爆品,https://p16-she-va.ibyteimg.com/tos-alisg-i-f7lenjegsh-sg/da4b1ea8fb704acfbc6594802737298f~tplv-g9dfdl17fc-origin-image.image,https://shop.tiktok.com/view/product/1729578064858618055?region=FR&locale=fr,4537.06,462.82,24745.41,172,-7,26.38,46.69,926,4.5,28.6%,28.6%,1.8%,1.5%,7.10,0.27,2件套,/,/,是,否,是,丰富度P0｜增长｜100+销量｜高变现,Aeolus rid=6082893 / sid=3062689,2026-08-08 21:52
B级观察,US,1729620363775283607,S240802008896,庆元昌伟服装贸易有限公司,Men's Tops,T-shirts,丰富度P0,增长,50+,高点击+高转化+高变现,平销,https://p16-she-va.ibyteimg.com/tos-alisg-i-f7lenjegsh-sg/6079d66c7f184c3b8abcf16072e9597b~tplv-g9dfdl17fc-origin-image.image,https://shop.tiktok.com/view/product/1729620363775283607?region=US&locale=en,947.30,460.63,2952.90,64,28,14.80,23.19,105,4.2,0.0%,0.0%,2.6%,7.1%,27.64,1.84,1件,/,女装标准码,否,否,是,丰富度P0｜增长｜50+销量｜高点击+高转化+高变现,Aeolus rid=6082893 / sid=3062689,2026-08-08 21:52
B级观察,MX,1731257545086567949,S250325021992,石狮韵茵服装有限公司,Men's Bottoms,Men's Shorts,丰富度P0,增长,100+,高点击+高变现,爆品,https://p16-she-va.ibyteimg.com/tos-alisg-i-f7lenjegsh-sg/3cca14bc38354a10bb5b321ceea33f35~tplv-g9dfdl17fc-origin-image.image,https://shop.tiktok.com/view/product/1731257545086567949?region=MX&locale=es,4188.26,455.81,13473.91,221,36,18.95,16.08,363,5.0,33.3%,3.0%,2.2%,1.0%,4.37,0.23,5/3/1,/,/,否,否,是,丰富度P0｜增长｜100+销量｜高点击+高变现,Aeolus rid=6082893 / sid=3062689,2026-08-08 21:52
B级观察,ES,1729740426030521304,S251230026061,汕头市阳衿贸易有限公司,Men's Tops,Shirts,丰富度P0,增长,10+,高点击+高变现,大爆,https://p16-she-va.ibyteimg.com/tos-alisg-i-f7lenjegsh-sg/5474c0777b0146b48a0a8c2bbb1d0159~tplv-g9dfdl17fc-origin-image.image,https://shop.tiktok.com/view/product/1729740426030521304?region=ES&locale=es,1448.59,454.41,6870.81,42,14,34.49,58.80,2554,4.7,100.0%,0.0%,2.8%,0.9%,8.78,0.25,3件,/,/,是,否,否,丰富度P0｜增长｜10+销量｜高点击+高变现,Aeolus rid=6082893 / sid=3062689,2026-08-08 21:52
B级观察,GB,1729654791774509093,S251007015180,石狮市衣品官人贸易有限公司,Men's Suits & Sets,Men's Clothing Sets,丰富度P0,增长,50+,高点击+高变现,爆品,https://p16-she-va.ibyteimg.com/tos-maliva-i-g9dfdl17fc-us/418b1a2b107f469983b6e38f0e727b82~tplv-g9dfdl17fc-origin-image.image,https://shop.tiktok.com/view/product/1729654791774509093?region=GB&locale=en,1662.22,453.39,4101.62,65,22,25.57,34.96,111,4.5,60.0%,0.0%,3.2%,1.4%,11.40,0.45,2件套,/,/,否,否,是,丰富度P0｜增长｜50+销量｜高点击+高变现,Aeolus rid=6082893 / sid=3062689,2026-08-08 21:52
B级观察,DE,1729814753643043279,S260430015023,义乌市峙山电子商务有限公司,Men's Tops,T-shirts,丰富度P0,增长,10+,高点击+高转化+高变现,爆品,https://p16-she-va.ibyteimg.com/tos-alisg-i-f7lenjegsh-sg/5d3c9a73dc5c4e5ab3ee4f877c64ddec~tplv-g9dfdl17fc-origin-image.image,https://shop.tiktok.com/view/product/1729814753643043279?region=DE&locale=de,865.84,450.24,2735.95,39,19,22.20,32.85,1690,4.3,60.0%,0.0%,2.7%,2.4%,14.30,0.64,3,/,/,是,否,是,丰富度P0｜增长｜10+销量｜高点击+高转化+高变现,Aeolus rid=6082893 / sid=3062689,2026-08-08 21:52
B级观察,GB,1729456037069295411,S250111005307,广州市地引力服装有限公司,Men's Bottoms,Men's Jeans,丰富度P0,增长,10+,高点击+高转化+高变现,爆品,https://p16-she-va.ibyteimg.com/tos-alisg-i-f7lenjegsh-sg/7aa70d3a271b487ebf07fbf07e7fe584~tplv-g9dfdl17fc-origin-image.image,https://shop.tiktok.com/view/product/1729456037069295411?region=GB&locale=en,893.53,441.73,2121.73,41,19,21.79,32.00,1049,4.6,40.0%,0.0%,3.2%,3.0%,20.96,0.96,1件,/,/,是,否,是,丰富度P0｜增长｜10+销量｜高点击+高转化+高变现,Aeolus rid=6082893 / sid=3062689,2026-08-08 21:52
B级观察,US,1731314536293962598,S250613015383,广州市番禺区俊昕服饰商行（个体工商户）,Men's Tops,Vests,丰富度P0,增长,50+,高点击+高转化+高变现,平销,https://p16-she-va.ibyteimg.com/tos-alisg-i-f7lenjegsh-sg/c45452b6872c418b92de0a10f24d7a17~tplv-g9dfdl17fc-origin-image.image,https://shop.tiktok.com/view/product/1731314536293962598?region=US&locale=en,581.09,438.95,991.52,70,52,8.30,15.79,723,4.6,33.3%,66.7%,5.3%,4.1%,18.24,2.20,1,/,/,是,否,是,丰富度P0｜增长｜50+销量｜高点击+高转化+高变现,Aeolus rid=6082893 / sid=3062689,2026-08-08 21:52
B级观察,US,1732421506164363576,S250925053335,海口龙华碧蛮商贸商行（个体工商户）,Men's Tops,T-shirts,丰富度P0,增长,10+,高点击+高转化+高变现,滞销,https://p16-she-va.ibyteimg.com/tos-alisg-i-f7lenjegsh-sg/77a1f79fd61e43c2baa448be2c0bdfb3~tplv-g9dfdl17fc-origin-image.image,https://shop.tiktok.com/view/product/1732421506164363576?region=US&locale=en,503.02,436.52,603.02,19,17,26.47,42.19,14132,4.4,0.0%,0.0%,6.8%,8.2%,147.43,5.57,1件,/,/,是,否,是,丰富度P0｜增长｜10+销量｜高点击+高转化+高变现,Aeolus rid=6082893 / sid=3062689,2026-08-08 21:52
B级观察,GB,1729455635017731891,S250116006376,广州市地引力服装有限公司,Men's Bottoms,Men's Shorts,丰富度P0,增长,100+,高点击+高转化+高变现,大爆,https://p16-she-va.ibyteimg.com/tos-alisg-i-f7lenjegsh-sg/155d847b235847dcbef2b1811c7baed9~tplv-g9dfdl17fc-origin-image.image,https://shop.tiktok.com/view/product/1729455635017731891?region=GB&locale=en,3555.03,434.87,14265.89,198,5,17.95,33.61,1445,4.6,45.2%,0.0%,3.1%,3.7%,20.98,1.16,1件,/,/,是,否,是,丰富度P0｜增长｜100+销量｜高点击+高转化+高变现,Aeolus rid=6082893 / sid=3062689,2026-08-08 21:52
B级观察,DE,1729803186735323617,S260419006694,广州佐航电子商务有限公司,Men's Bottoms,Men's Shorts,丰富度P0,增长,10+,高变现,大爆,https://p16-she-va.ibyteimg.com/tos-alisg-i-f7lenjegsh-sg/3f7adc7985304d1fbca369d331db3866~tplv-g9dfdl17fc-origin-image.image,https://shop.tiktok.com/view/product/1729803186735323617?region=DE&locale=de,820.14,423.78,2740.05,26,14,31.54,39.19,965,4.7,50.0%,0.0%,1.9%,1.1%,6.23,0.20,1件,/,/,是,否,是,丰富度P0｜增长｜10+销量｜高变现,Aeolus rid=6082893 / sid=3062689,2026-08-08 21:52
B级观察,GB,1729487399942134633,S250402016429,赣州大衫科技有限公司,Men's Bottoms,Men's Shorts,丰富度P0,增长,50+,高点击+高变现,爆品,https://p16-she-va.ibyteimg.com/tos-alisg-i-f7lenjegsh-sg/1aa93ca2251f47088d8a3cf048604dc5~tplv-g9dfdl17fc-origin-image.image,https://shop.tiktok.com/view/product/1729487399942134633?region=GB&locale=en,1423.26,419.55,5934.20,78,29,18.25,28.91,245,4.3,28.6%,0.0%,6.3%,1.1%,12.69,0.69,1件,/,/,是,否,是,丰富度P0｜增长｜50+销量｜高点击+高变现,Aeolus rid=6082893 / sid=3062689,2026-08-08 21:52
B级观察,US,1732480071356289897,S260708003278,赣州大衫科技有限公司,Men's Bottoms,Men's Jeans,丰富度P0,增长,10+,高点击+高转化+高变现,平销,https://p16-she-va.ibyteimg.com/tos-alisg-i-f7lenjegsh-sg/064267a8ed8f4a0f9ac6ec32f810329e~tplv-g9dfdl17fc-origin-image.image,https://shop.tiktok.com/view/product/1732480071356289897?region=US&locale=en,581.40,414.11,1088.16,32,25,18.17,41.79,138,4.1,0.0%,0.0%,2.9%,4.2%,21.90,1.21,1件,/,/,是,否,是,丰富度P0｜增长｜10+销量｜高点击+高转化+高变现,Aeolus rid=6082893 / sid=3062689,2026-08-08 21:52
B级观察,GB,1729619608411872105,S250826014198,赣州大衫科技有限公司,Men's Bottoms,Men's Jeans,丰富度P0,增长,50+,高点击+高转化+高变现,爆品,https://p16-she-va.ibyteimg.com/tos-alisg-i-f7lenjegsh-sg/d094c7f9b6f84aa487813f9269cb7494~tplv-g9dfdl17fc-origin-image.image,https://shop.tiktok.com/view/product/1729619608411872105?region=GB&locale=en,1456.61,410.62,3910.19,73,18,19.95,37.65,424,4.3,66.7%,0.0%,3.0%,2.2%,13.86,0.69,1件,/,/,是,否,是,丰富度P0｜增长｜50+销量｜高点击+高转化+高变现,Aeolus rid=6082893 / sid=3062689,2026-08-08 21:52
B级观察,DE,1729791184142965199,S260403025880,义乌市峙山电子商务有限公司,Men's Tops,T-shirts,丰富度P0,增长,10+,高点击+高变现,爆品,https://p16-she-va.ibyteimg.com/tos-alisg-i-f7lenjegsh-sg/502cdbf6a332421ab4cf2e41c163cdef~tplv-g9dfdl17fc-origin-image.image,https://shop.tiktok.com/view/product/1729791184142965199?region=DE&locale=de,480.88,409.28,773.96,14,12,34.35,41.50,1839,4.3,100.0%,0.0%,2.6%,1.9%,16.85,0.49,3,/,/,是,否,是,丰富度P0｜增长｜10+销量｜高点击+高变现,Aeolus rid=6082893 / sid=3062689,2026-08-08 21:52
B级观察,DE,1729699613911259495,S251124102129,余姚祺林服装厂（个体工商户）,Men's Suits & Sets,Men's Clothing Sets,丰富度P0,增长,50+,高点击+高转化+高变现,爆品,https://p16-she-va.ibyteimg.com/tos-alisg-i-f7lenjegsh-sg/47178e8c44c64bd992c2c650b55c5e2b~tplv-g9dfdl17fc-origin-image.image,https://shop.tiktok.com/view/product/1729699613911259495?region=DE&locale=de,1539.25,403.28,4115.94,67,16,22.97,42.65,734,4.3,61.5%,0.0%,2.3%,3.3%,17.66,0.75,2件套,/,/,否,否,是,丰富度P0｜增长｜50+销量｜高点击+高转化+高变现,Aeolus rid=6082893 / sid=3062689,2026-08-08 21:52
B级观察,GB,1729761638835722769,S260202010463,广州市十杈柏服饰有限公司,Men's Bottoms,Men's Jeans,丰富度P0,增长,10+,高点击+高变现,爆品,https://p16-she-va.ibyteimg.com/tos-alisg-i-f7lenjegsh-sg/6cbe9499ad704992ba10cdaf2a0e9b7e~tplv-g9dfdl17fc-origin-image.image,https://shop.tiktok.com/view/product/1729761638835722769?region=GB&locale=en,577.46,400.73,1208.75,31,23,18.63,33.34,67,4.8,60.0%,0.0%,8.6%,1.5%,23.64,1.27,1件,/,/,否,否,是,丰富度P0｜增长｜10+销量｜高点击+高变现,Aeolus rid=6082893 / sid=3062689,2026-08-08 21:52
B级观察,US,1732043279926334024,S251111096248,泉州市阳光购购乐电子商务有限公司,Men's Bottoms,Men's Shorts,丰富度P0,增长,10+,高转化+高变现,平销,https://p16-she-va.ibyteimg.com/tos-alisg-i-f7lenjegsh-sg/6c33599b53074a1e9942f35508a607ce~tplv-g9dfdl17fc-origin-image.image,https://shop.tiktok.com/view/product/1732043279926334024?region=US&locale=en,749.70,400.53,2050.92,48,27,15.62,26.79,44,4.6,0.0%,0.0%,1.3%,2.7%,5.73,0.35,1件,/,/,否,否,是,丰富度P0｜增长｜10+销量｜高转化+高变现,Aeolus rid=6082893 / sid=3062689,2026-08-08 21:52
B级观察,US,1732484322249773831,S260710017608,广州市天河区潮往男装服装店（个体工商户）,Men's Tops,Jackets & Coats,丰富度P0,增长,10+,高转化+高变现,平销,https://p16-she-va.ibyteimg.com/tos-alisg-i-f7lenjegsh-sg/1894556b5b74483b934d6b4a8f9ae5ad~tplv-g9dfdl17fc-origin-image.image,https://shop.tiktok.com/view/product/1732484322249773831?region=US&locale=en,483.93,398.35,630.16,22,18,22.00,33.69,2222,4.2,100.0%,0.0%,1.5%,5.5%,17.92,0.81,/,/,/,是,否,是,丰富度P0｜增长｜10+销量｜高转化+高变现,Aeolus rid=6082893 / sid=3062689,2026-08-08 21:52
B级观察,GB,1729808624740964597,S260424030196,广州市海珠区诚远纺织商行,Men's Tops,Polo Shirts,丰富度P0,增长,100+,高点击+高转化+高变现,爆品,https://p16-she-va.ibyteimg.com/tos-alisg-i-f7lenjegsh-sg/09fdd40f10cf470399cfa9343986086e~tplv-g9dfdl17fc-origin-image.image,https://shop.tiktok.com/view/product/1729808624740964597?region=GB&locale=en,1420.02,398.05,4500.74,108,27,13.15,20.83,109,4.7,83.3%,0.0%,6.8%,6.9%,62.66,4.68,/,/,/,是,否,否,丰富度P0｜增长｜100+销量｜高点击+高转化+高变现,Aeolus rid=6082893 / sid=3062689,2026-08-08 21:52
B级观察,IT,1729480876620356055,S250311009840,泉州市鑫浪启航商贸有限公司,Men's Bottoms,Men's Shorts,丰富度P0,增长,10+,高点击+高变现,爆品,https://p16-she-va.ibyteimg.com/tos-alisg-i-f7lenjegsh-sg/c2d16e5057e741779f6d95e7dcef2811~tplv-g9dfdl17fc-origin-image.image,https://shop.tiktok.com/view/product/1729480876620356055?region=IT&locale=it,429.45,394.93,755.13,28,26,15.34,27.09,135,5.0,100.0%,0.0%,3.7%,1.5%,8.42,0.55,1件,/,/,否,否,是,丰富度P0｜增长｜10+销量｜高点击+高变现,Aeolus rid=6082893 / sid=3062689,2026-08-08 21:52
B级观察,FR,1729480022350011306,S250220005574,广东雅迪服装有限公司,Men's Suits & Sets,Men's Clothing Sets,丰富度P0,增长,10+,高变现,爆品,https://p16-she-va.ibyteimg.com/tos-alisg-i-f7lenjegsh-sg/444eac456dba4da6816292a17ab56579~tplv-g9dfdl17fc-origin-image.image,https://shop.tiktok.com/view/product/1729480022350011306?region=FR&locale=fr,937.77,392.04,2643.09,38,15,24.68,35.16,263,4.7,33.3%,44.4%,1.5%,1.5%,5.67,0.23,2件套,/,/,否,否,是,丰富度P0｜增长｜10+销量｜高变现,Aeolus rid=6082893 / sid=3062689,2026-08-08 21:52
B级观察,GB,1729781365295585691,S260317021800,广州市黄埔区逍遥家居日用品商行（个体工商户）,Men's Tops,Shirts,非P0补充,增长,10+,高变现,滞销,https://p16-she-va.ibyteimg.com/tos-alisg-i-f7lenjegsh-sg/52266a4c022e476e9fc73ef587f6f51d~tplv-g9dfdl17fc-origin-image.image,https://shop.tiktok.com/view/product/1729781365295585691?region=GB&locale=en,406.43,387.57,460.84,19,18,21.39,19.49,301,4.4,77.8%,0.0%,1.4%,1.9%,5.78,0.27,1件,/,/,是,否,是,非P0补充｜增长｜10+销量｜高变现,Aeolus rid=6082893 / sid=3062689,2026-08-08 21:52
B级观察,GB,1729786445659347407,S260326030520,义乌市峙山电子商务有限公司,Men's Tops,T-shirts,丰富度P0,增长,50+,高点击+高转化+高变现,爆品,https://p16-she-va.ibyteimg.com/tos-alisg-i-f7lenjegsh-sg/4dc4db561bad499da81f342a844c9037~tplv-g9dfdl17fc-origin-image.image,https://shop.tiktok.com/view/product/1729786445659347407?region=GB&locale=en,1524.76,382.77,7300.55,75,26,20.33,26.89,2708,4.4,44.4%,0.0%,3.4%,3.9%,27.52,1.34,6,/,/,是,否,是,丰富度P0｜增长｜50+销量｜高点击+高转化+高变现,Aeolus rid=6082893 / sid=3062689,2026-08-08 21:52
B级观察,US,1731947876434022929,S251017082678,广州市十杈柏服饰有限公司,Men's Bottoms,Men's Jeans,丰富度P0,增长,100+,高点击+高转化+高变现,爆品,https://p16-she-va.ibyteimg.com/tos-alisg-i-f7lenjegsh-sg/12b27e9aba934d2683cc9f59e6ff5c54~tplv-g9dfdl17fc-origin-image.image,https://shop.tiktok.com/view/product/1731947876434022929?region=US&locale=en,3496.03,379.83,12695.61,173,-3,20.21,34.79,343,4.6,11.8%,0.0%,3.1%,3.9%,24.68,1.22,1件,/,/,是,否,是,丰富度P0｜增长｜100+销量｜高点击+高转化+高变现,Aeolus rid=6082893 / sid=3062689,2026-08-08 21:52
B级观察,FR,1729489400369027267,S250302008249,于都琪璘酷品供应链管理有限公司,Men's Tops,Polo Shirts,丰富度P0,增长,50+,高变现,大爆,https://p16-she-va.ibyteimg.com/tos-maliva-i-g9dfdl17fc-us/85a966c1b5b14556b54a79af166b5d46~tplv-g9dfdl17fc-origin-image.image,https://shop.tiktok.com/view/product/1729489400369027267?region=FR&locale=fr,2551.95,376.57,12048.87,65,7,39.26,65.14,611,4.6,71.4%,7.1%,1.8%,1.0%,7.14,0.18,3件,/,/,否,否,是,丰富度P0｜增长｜50+销量｜高变现,Aeolus rid=6082893 / sid=3062689,2026-08-08 21:52
B级观察,DE,1729489400345106627,S250302008249,于都琪璘酷品供应链管理有限公司,Men's Tops,Polo Shirts,丰富度P0,增长,10+,高变现,大爆,https://p16-she-va.ibyteimg.com/tos-maliva-i-g9dfdl17fc-us/574afeb45d374299968809fbbf4e30e9~tplv-g9dfdl17fc-origin-image.image,https://shop.tiktok.com/view/product/1729489400345106627?region=DE&locale=de,1249.04,373.35,3568.19,28,5,44.61,64.56,611,4.6,33.3%,0.0%,1.6%,1.5%,10.70,0.24,3件,/,/,否,否,是,丰富度P0｜增长｜10+销量｜高变现,Aeolus rid=6082893 / sid=3062689,2026-08-08 21:52
B级观察,US,1731998189623350123,S251030008613,广州市黄埔区晖迈服饰商行（个体工商户）,Men's Tops,Hoodies & Sweatshirts,丰富度P0,增长,10+,高点击+高转化+高变现,平销,https://p16-she-va.ibyteimg.com/tos-alisg-i-f7lenjegsh-sg/a9849cfacebe4ae49e4a0ced6bccf9b8~tplv-g9dfdl17fc-origin-image.image,https://shop.tiktok.com/view/product/1731998189623350123?region=US&locale=en,806.97,369.75,2236.04,34,15,23.73,29.69,2254,4.6,0.0%,0.0%,2.0%,6.1%,30.10,1.23,1-3,/,/,是,否,是,丰富度P0｜增长｜10+销量｜高点击+高转化+高变现,Aeolus rid=6082893 / sid=3062689,2026-08-08 21:52
B级观察,US,1730526014264677372,S241231007099,广州酷维服装有限公司,Men's Bottoms,Men's Pants,丰富度P0,增长,50+,高点击+高变现,平销,https://p16-she-va.ibyteimg.com/tos-alisg-i-f7lenjegsh-sg/0706813d5ceb46299b61d988dea421c8~tplv-g9dfdl17fc-origin-image.image,https://shop.tiktok.com/view/product/1730526014264677372?region=US&locale=en,1347.39,364.89,5149.31,63,7,21.39,20.39,158,4.5,38.5%,0.0%,4.1%,1.6%,13.68,0.64,1件,/,/,否,否,是,丰富度P0｜增长｜50+销量｜高点击+高变现,Aeolus rid=6082893 / sid=3062689,2026-08-08 21:52
B级观察,US,1732412447594156033,S260525025669,广州市番禺区洛浦薇薇潮牌服装店,Men's Bottoms,Men's Shorts,丰富度P0,增长,10+,高点击+高转化+高变现,平销,https://p16-she-va.ibyteimg.com/tos-alisg-i-f7lenjegsh-sg/fd84899565554d8987f9164b503b255e~tplv-g9dfdl17fc-origin-image.image,https://shop.tiktok.com/view/product/1732412447594156033?region=US&locale=en,512.34,364.19,1209.36,31,18,16.53,27.89,399,4.9,0.0%,0.0%,4.5%,3.8%,29.18,1.71,1件,/,/,是,否,是,丰富度P0｜增长｜10+销量｜高点击+高转化+高变现,Aeolus rid=6082893 / sid=3062689,2026-08-08 21:52
B级观察,US,1731908031802741265,S251010052731,广州市十杈柏服饰有限公司,Men's Bottoms,Men's Jeans,丰富度P0,增长,10+,高点击+高变现,平销,https://p16-she-va.ibyteimg.com/tos-alisg-i-f7lenjegsh-sg/ee063808127f4fadaab1b9a7c52162a9~tplv-g9dfdl17fc-origin-image.image,https://shop.tiktok.com/view/product/1731908031802741265?region=US&locale=en,888.58,361.63,2517.92,25,10,35.54,59.69,33,4.6,33.3%,0.0%,4.1%,1.8%,29.03,0.75,2件,/,/,否,否,是,丰富度P0｜增长｜10+销量｜高点击+高变现,Aeolus rid=6082893 / sid=3062689,2026-08-08 21:52
B级观察,GB,1729771874502875974,S260228029813,上饶市本骁服饰有限公司,Men's Suits & Sets,Men's Clothing Sets,丰富度P0,增长,10+,高点击+高变现,平销,https://p16-she-va.ibyteimg.com/tos-alisg-i-f7lenjegsh-sg/606cea38857f4828a020c8caf0a5e3de~tplv-g9dfdl17fc-origin-image.image,https://shop.tiktok.com/view/product/1729771874502875974?region=GB&locale=en,532.65,361.56,1725.45,34,23,15.67,25.54,1916,4.2,75.0%,0.0%,7.7%,1.9%,23.03,1.47,1套,/,/,是,否,是,丰富度P0｜增长｜10+销量｜高点击+高变现,Aeolus rid=6082893 / sid=3062689,2026-08-08 21:52
B级观察,GB,1729699613834320231,S251124102129,余姚祺林服装厂（个体工商户）,Men's Suits & Sets,Men's Clothing Sets,丰富度P0,增长,10+,高点击+高转化+高变现,爆品,https://p16-she-va.ibyteimg.com/tos-alisg-i-f7lenjegsh-sg/47178e8c44c64bd992c2c650b55c5e2b~tplv-g9dfdl17fc-origin-image.image,https://shop.tiktok.com/view/product/1729699613834320231?region=GB&locale=en,723.39,357.33,1690.04,31,18,23.34,49.48,54,4.5,0.0%,0.0%,3.7%,2.2%,19.86,0.82,2件套,/,/,否,否,是,丰富度P0｜增长｜10+销量｜高点击+高转化+高变现,Aeolus rid=6082893 / sid=3062689,2026-08-08 21:52
B级观察,GB,1729449303961800124,S241222002678,泉州市率恩商贸有限公司,Men's Bottoms,Men's Shorts,丰富度P0,增长,100+,高点击+高转化+高变现,爆品,https://p16-she-va.ibyteimg.com/tos-alisg-i-f7lenjegsh-sg/9f5ac774d4204280afd4741082289b7d~tplv-g9dfdl17fc-origin-image.image,https://shop.tiktok.com/view/product/1729449303961800124?region=GB&locale=en,3337.69,356.22,13370.02,201,3,16.61,28.64,270,4.7,27.3%,0.0%,4.1%,2.0%,14.08,0.83,3件,/,/,否,否,是,丰富度P0｜增长｜100+销量｜高点击+高转化+高变现,Aeolus rid=6082893 / sid=3062689,2026-08-08 21:52
B级观察,DE,1729870101469435984,S260709008201,广州卓迅服饰有限公司,Men's Bottoms,Men's Shorts,丰富度P0,增长,破0件,高点击+高变现,爆品,https://p16-she-va.ibyteimg.com/tos-alisg-i-f7lenjegsh-sg/33ceeff7d886493ab297ff4be59d641c~tplv-g9dfdl17fc-origin-image.image,https://shop.tiktok.com/view/product/1729870101469435984?region=DE&locale=de,352.58,352.58,352.58,9,9,39.18,49.00,58,4.2,100.0%,0.0%,4.3%,0.6%,9.35,0.24,1件,/,/,否,否,否,丰富度P0｜增长｜破0件销量｜高点击+高变现,Aeolus rid=6082893 / sid=3062689,2026-08-08 21:52
B级观察,US,1732434447354467079,S260609014204,广州市天河区潮往男装服装店（个体工商户）,Men's Bottoms,Men's Pants,非P0补充,增长,10+,高点击+高转化+高变现,滞销,https://p16-she-va.ibyteimg.com/tos-alisg-i-f7lenjegsh-sg/db7ca880a496414dabfcd5e026eba192~tplv-g9dfdl17fc-origin-image.image,https://shop.tiktok.com/view/product/1732434447354467079?region=US&locale=en,564.14,352.05,842.40,19,12,29.69,45.99,1311,4.1,0.0%,0.0%,8.6%,3.4%,87.52,2.95,/,/,/,是,否,是,非P0补充｜增长｜10+销量｜高点击+高转化+高变现,Aeolus rid=6082893 / sid=3062689,2026-08-08 21:52
B级观察,US,1732354457811129070,S260419010240,广州市天河区清缘商行（个体工商户）,Men's Tops,T-shirts,丰富度P0,增长,50+,高点击+高转化+高变现,平销,https://p16-she-va.ibyteimg.com/tos-alisg-i-f7lenjegsh-sg/d80fa3dce02c40b79507a0fb645e2038~tplv-g9dfdl17fc-origin-image.image,https://shop.tiktok.com/view/product/1732354457811129070?region=US&locale=en,679.48,350.76,1461.43,67,33,10.14,17.69,7218,4.6,7.1%,0.0%,4.0%,8.8%,35.77,3.47,1件,/,/,是,否,是,丰富度P0｜增长｜50+销量｜高点击+高转化+高变现,Aeolus rid=6082893 / sid=3062689,2026-08-08 21:52
B级观察,US,1729643276986913447,S240908004455,石狮市谦莫服饰有限公司,Men's Bottoms,Men's Pants,丰富度P0,增长,100+,高点击+高转化+高变现,大爆,https://p16-she-va.ibyteimg.com/tos-alisg-i-f7lenjegsh-sg/589c281faa92496a86c79517d99165f1~tplv-g9dfdl17fc-origin-image.image,https://shop.tiktok.com/view/product/1729643276986913447?region=US&locale=en,4258.45,346.62,14357.59,209,20,20.38,24.29,398,4.8,57.1%,0.0%,3.4%,3.4%,26.37,1.15,1/2/3,/,女装标准码,是,否,是,丰富度P0｜增长｜100+销量｜高点击+高转化+高变现,Aeolus rid=6082893 / sid=3062689,2026-08-08 21:52
B级观察,GB,1729793593120955333,S260407059635,泉州市嵩盼商贸有限公司,Men's Tops,Jackets & Coats,丰富度P0,增长,100+,高点击+高转化+高变现,爆品,https://p16-she-va.ibyteimg.com/tos-alisg-i-f7lenjegsh-sg/452ebd4d55274a85893b30af9292171c~tplv-g9dfdl17fc-origin-image.image,https://shop.tiktok.com/view/product/1729793593120955333?region=GB&locale=en,2388.59,346.48,6326.90,100,-3,23.89,46.79,28803,4.2,44.4%,0.0%,2.4%,3.6%,21.45,0.88,/,/,/,是,否,是,丰富度P0｜增长｜100+销量｜高点击+高转化+高变现,Aeolus rid=6082893 / sid=3062689,2026-08-08 21:52
B级观察,DE,1729857840741653233,S260621010985,广州弘展服饰有限公司,Men's Bottoms,Men's Jeans,丰富度P0,增长,10+,高变现,爆品,https://p16-she-va.ibyteimg.com/tos-alisg-i-f7lenjegsh-sg/fb2d957e9d3943a2bdf10aeaf6df7901~tplv-g9dfdl17fc-origin-image.image,https://shop.tiktok.com/view/product/1729857840741653233?region=DE&locale=de,601.47,346.18,1203.43,17,9,35.38,51.30,574987,3.8,100.0%,0.0%,0.8%,1.1%,3.31,0.09,1件,/,/,是,否,是,丰富度P0｜增长｜10+销量｜高变现,Aeolus rid=6082893 / sid=3062689,2026-08-08 21:52
B级观察,FR,1729624607293282983,S250901030960,石狮市谦莫服饰有限公司,Men's Bottoms,Men's Pants,丰富度P0,增长,10+,高点击,大爆,https://p16-she-va.ibyteimg.com/tos-alisg-i-f7lenjegsh-sg/dbfaa35986cd4c33af6bf791ec3007b4~tplv-g9dfdl17fc-origin-image.image,https://shop.tiktok.com/view/product/1729624607293282983?region=FR&locale=fr,494.49,346.07,895.78,23,17,21.50,28.24,1309,4.3,33.3%,0.0%,6.5%,0.1%,1.11,0.05,1/2/3,/,/,否,否,是,丰富度P0｜增长｜10+销量｜高点击,Aeolus rid=6082893 / sid=3062689,2026-08-08 21:52
B级观察,US,1732305891876246141,S260323015670,广州与杰服饰有限公司,Men's Bottoms,Men's Jeans,丰富度P0,增长,50+,高点击+高转化+高变现,爆品,https://p16-she-va.ibyteimg.com/tos-alisg-i-f7lenjegsh-sg/0c71f53fc5414a92be87686e7a11297a~tplv-g9dfdl17fc-origin-image.image,https://shop.tiktok.com/view/product/1732305891876246141?region=US&locale=en,1198.97,345.54,4295.34,67,16,17.90,24.09,74,4.2,62.5%,0.0%,4.1%,4.2%,34.84,1.69,1件,/,/,是,否,是,丰富度P0｜增长｜50+销量｜高点击+高转化+高变现,Aeolus rid=6082893 / sid=3062689,2026-08-08 21:52
B级观察,ES,1729500042672183975,S250407017062,石狮市谦莫服饰有限公司,Men's Bottoms,Men's Shorts,丰富度P0,增长,10+,高点击+高变现,爆品,https://p16-she-va.ibyteimg.com/tos-alisg-i-f7lenjegsh-sg/41fbd5c621494236b93baf0b470ee649~tplv-g9dfdl17fc-origin-image.image,https://shop.tiktok.com/view/product/1729500042672183975?region=ES&locale=es,1086.77,342.77,4382.09,39,3,27.87,32.28,1899,4.3,50.0%,0.0%,6.6%,0.2%,4.32,0.16,1/2/3 件,/,/,是,否,是,丰富度P0｜增长｜10+销量｜高点击+高变现,Aeolus rid=6082893 / sid=3062689,2026-08-08 21:52
B级观察,DE,1729484482204899486,S250303005083,宁波东斐工贸有限公司,Men's Suits & Sets,Men's Clothing Sets,丰富度P0,增长,100+,高转化+高变现,大爆,https://p16-she-va.ibyteimg.com/tos-alisg-i-f7lenjegsh-sg/d390b2c7f3f9499985f81f091bbb33ba~tplv-g9dfdl17fc-origin-image.image,https://shop.tiktok.com/view/product/1729484482204899486?region=DE&locale=de,4132.99,339.72,18166.12,135,4,30.61,46.11,3290,4.7,46.2%,0.0%,1.3%,2.2%,9.02,0.29,2件套,/,/,是,否,是,丰富度P0｜增长｜100+销量｜高转化+高变现,Aeolus rid=6082893 / sid=3062689,2026-08-08 21:52
B级观察,GB,1729799331581893455,S260415008201,广州市天河区舒珩服饰贸易商行（个体工商户）,Men's Tops,T-shirts,丰富度P0,增长,10+,高转化+高变现,平销,https://p16-she-va.ibyteimg.com/tos-alisg-i-f7lenjegsh-sg/e0aed27786f34ed790a99327a468aa30~tplv-g9dfdl17fc-origin-image.image,https://shop.tiktok.com/view/product/1729799331581893455?region=GB&locale=en,608.73,337.82,1354.51,45,23,13.53,17.47,925,4.2,83.3%,0.0%,1.8%,5.4%,13.26,0.98,1件,/,/,是,否,是,丰富度P0｜增长｜10+销量｜高转化+高变现,Aeolus rid=6082893 / sid=3062689,2026-08-08 21:52
B级观察,US,1732327845578707366,S260409003271,广州傲翔服饰厂,Men's Tops,Polo Shirts,非P0补充,增长,50+,高点击+高转化+高变现,爆品,https://p16-she-va.ibyteimg.com/tos-alisg-i-f7lenjegsh-sg/9d9294da00084d28909239b6866458fb~tplv-g9dfdl17fc-origin-image.image,https://shop.tiktok.com/view/product/1732327845578707366?region=US&locale=en,1417.04,337.69,4909.20,89,9,15.92,20.89,109,4.8,90.0%,0.0%,2.5%,6.6%,27.44,1.68,/,/,/,是,否,是,非P0补充｜增长｜50+销量｜高点击+高转化+高变现,Aeolus rid=6082893 / sid=3062689,2026-08-08 21:52
B级观察,US,1732409675932995837,S260523001460,广州市番禺区鑫鸿婷服饰商行（个体工商户）,Men's Bottoms,Men's Pants,非P0补充,增长,50+,高点击+高转化+高变现,平销,https://p16-she-va.ibyteimg.com/tos-alisg-i-f7lenjegsh-sg/11d1c81dd5b84ed28ef3fae8faaa6c23~tplv-g9dfdl17fc-origin-image.image,https://shop.tiktok.com/view/product/1732409675932995837?region=US&locale=en,888.11,337.56,2422.24,52,20,17.08,25.59,507,4.6,0.0%,0.0%,3.4%,5.8%,33.90,1.98,1件,/,/,是,否,是,非P0补充｜增长｜50+销量｜高点击+高转化+高变现,Aeolus rid=6082893 / sid=3062689,2026-08-08 21:52
B级观察,IT,1729795330494339317,S260409048346,广州市海珠区诚远纺织商行,Men's Suits & Sets,Men's Clothing Sets,丰富度P0,增长,10+,高转化+高变现,爆品,https://p16-she-va.ibyteimg.com/tos-alisg-i-f7lenjegsh-sg/26db41b3e7f34bdaa8a6dba62dc30864~tplv-g9dfdl17fc-origin-image.image,https://shop.tiktok.com/view/product/1729795330494339317?region=IT&locale=it,370.56,335.51,470.93,10,9,37.06,45.54,3399,4.6,66.7%,0.0%,1.2%,4.8%,21.74,0.59,2件,/,/,是,否,否,丰富度P0｜增长｜10+销量｜高转化+高变现,Aeolus rid=6082893 / sid=3062689,2026-08-08 21:52
B级观察,US,1732447100748600087,S260617012440,上饶市伊泽服饰有限公司,Men's Tops,T-shirts,丰富度P0,增长,10+,高点击+高转化+高变现,滞销,https://p16-she-va.ibyteimg.com/tos-alisg-i-f7lenjegsh-sg/b36d580734c742a6a0334f572d4eca2c~tplv-g9dfdl17fc-origin-image.image,https://shop.tiktok.com/view/product/1732447100748600087?region=US&locale=en,505.61,334.62,1778.07,13,8,38.89,59.89,8,4.2,66.7%,0.0%,2.7%,6.3%,66.55,1.71,5件,/,/,否,否,是,丰富度P0｜增长｜10+销量｜高点击+高转化+高变现,Aeolus rid=6082893 / sid=3062689,2026-08-08 21:52
B级观察,DE,1729839115974581176,S260531010349,广州市增城坦爵服装商行,Men's Bottoms,Men's Shorts,丰富度P0,增长,10+,高变现,大爆,https://p16-she-va.ibyteimg.com/tos-alisg-i-f7lenjegsh-sg/0bf7dc2c24b745fcb1e22ea80fb4e2cd~tplv-g9dfdl17fc-origin-image.image,https://shop.tiktok.com/view/product/1729839115974581176?region=DE&locale=de,1092.06,332.30,4083.81,30,9,36.40,42.08,30,4.6,100.0%,0.0%,1.1%,1.7%,6.61,0.18,1件,/,/,否,否,是,丰富度P0｜增长｜10+销量｜高变现,Aeolus rid=6082893 / sid=3062689,2026-08-08 21:52
B级观察,US,1731186570968338471,S250516012753,香港興樂悅貿易有限公司,Men's Suits & Sets,Men's Clothing Sets,非P0补充,增长,10+,高点击+高转化+高变现,平销,https://p16-she-va.ibyteimg.com/tos-alisg-i-f7lenjegsh-sg/6c22aa7d5ce447ba8e41eeb2a167000e~tplv-g9dfdl17fc-origin-image.image,https://shop.tiktok.com/view/product/1731186570968338471?region=US&locale=en,944.86,331.78,3403.76,43,10,21.97,29.79,260,4.6,33.3%,0.0%,2.5%,2.1%,11.32,0.52,2件套,/,/,是,否,是,非P0补充｜增长｜10+销量｜高点击+高转化+高变现,Aeolus rid=6082893 / sid=3062689,2026-08-08 21:52
B级观察,ES,1729795329787992309,S260409048346,广州市海珠区诚远纺织商行,Men's Suits & Sets,Men's Clothing Sets,丰富度P0,增长,10+,高点击+高变现,爆品,https://p16-she-va.ibyteimg.com/tos-alisg-i-f7lenjegsh-sg/26db41b3e7f34bdaa8a6dba62dc30864~tplv-g9dfdl17fc-origin-image.image,https://shop.tiktok.com/view/product/1729795329787992309?region=ES&locale=es,460.33,331.55,786.71,19,14,24.23,44.38,3399,4.6,100.0%,0.0%,3.6%,1.0%,8.66,0.36,2件,/,/,是,否,否,丰富度P0｜增长｜10+销量｜高点击+高变现,Aeolus rid=6082893 / sid=3062689,2026-08-08 21:52
B级观察,IT,1729701454608243151,S251126110538,义乌市峙山电子商务有限公司,Men's Tops,T-shirts,丰富度P0,增长,10+,高点击+高变现,爆品,https://p16-she-va.ibyteimg.com/tos-alisg-i-f7lenjegsh-sg/957e50c35adb40de833d9dab5fbb4f23~tplv-g9dfdl17fc-origin-image.image,https://shop.tiktok.com/view/product/1729701454608243151?region=IT&locale=it,566.17,326.95,1587.46,19,11,29.80,44.38,138,4.3,100.0%,0.0%,2.1%,1.2%,8.16,0.26,5件装,/,/,否,否,是,丰富度P0｜增长｜10+销量｜高点击+高变现,Aeolus rid=6082893 / sid=3062689,2026-08-08 21:52
B级观察,GB,1729420737446448398,S240627002082,广州市超广服装有限公司,Men's Bottoms,Men's Pants,丰富度P0,增长,50+,高点击+高转化+高变现,平销,https://p16-she-va.ibyteimg.com/tos-alisg-i-f7lenjegsh-sg/9ef14b6a0b4f4663aac91d633ffcd0df~tplv-g9dfdl17fc-origin-image.image,https://shop.tiktok.com/view/product/1729420737446448398?region=GB&locale=en,914.65,326.60,3150.71,53,21,17.26,22.85,54,3.9,30.8%,0.0%,3.4%,5.0%,30.60,1.67,1件,/,女装标准码,否,否,否,丰富度P0｜增长｜50+销量｜高点击+高转化+高变现,Aeolus rid=6082893 / sid=3062689,2026-08-08 21:52
B级观察,US,1732065593655464358,S251118072554,广州市番禺区敏咖服饰商行（个体工商户）,Men's Tops,Hoodies & Sweatshirts,丰富度P0,增长,100+,高点击+高变现,爆品,https://p16-she-va.ibyteimg.com/tos-alisg-i-f7lenjegsh-sg/cbcdb0d641e3448294266f5c9754160e~tplv-g9dfdl17fc-origin-image.image,https://shop.tiktok.com/view/product/1732065593655464358?region=US&locale=en,5059.79,326.56,17031.17,313,-45,16.17,26.69,585,4.9,70.4%,0.0%,3.7%,1.7%,10.22,0.62,1件,/,/,否,否,否,丰富度P0｜增长｜100+销量｜高点击+高变现,Aeolus rid=6082893 / sid=3062689,2026-08-08 21:52
B级观察,MX,1732977673002976541,S251025021029,香港祺盛航貿易有限公司,Men's Tops,T-shirts,丰富度P0,增长,50+,高点击+高变现,爆品,https://p16-she-va.ibyteimg.com/tos-alisg-i-f7lenjegsh-sg/e2c900e1d4a6470c8362f60398411355~tplv-g9dfdl17fc-origin-image.image,https://shop.tiktok.com/view/product/1732977673002976541?region=MX&locale=es,784.46,325.67,2435.74,91,45,8.62,12.53,102,3.8,50.0%,0.0%,4.5%,1.2%,5.26,0.55,1件,/,/,否,否,是,丰富度P0｜增长｜50+销量｜高点击+高变现,Aeolus rid=6082893 / sid=3062689,2026-08-08 21:52
B级观察,FR,1729864607330048714,S260701024595,广州市黄埔区欢愉商贸商行（个体工商户）,Men's Tops,T-shirts,丰富度P0,增长,10+,高变现,爆品,https://p16-she-va.ibyteimg.com/tos-alisg-i-f7lenjegsh-sg/e49faa69f4414f2d94b3864cf6f5f43f~tplv-g9dfdl17fc-origin-image.image,https://shop.tiktok.com/view/product/1729864607330048714?region=FR&locale=fr,468.25,324.61,916.13,19,12,24.64,29.97,7382,4.9,66.7%,0.0%,1.0%,1.3%,2.99,0.12,/,/,/,是,否,是,丰富度P0｜增长｜10+销量｜高变现,Aeolus rid=6082893 / sid=3062689,2026-08-08 21:52
B级观察,JP,1734471947361027811,S260228030097,深圳兴巧贸易有限公司,Men's Tops,Shirts,丰富度P0,增长,10+,高转化+高变现,爆品,https://p16-she-va.ibyteimg.com/tos-alisg-i-f7lenjegsh-sg/a8997d6dc4b3476297f31ba0e13c4ad8~tplv-g9dfdl17fc-origin-image.image,https://shop.tiktok.com/view/product/1734471947361027811?region=JP&locale=ja,550.72,324.25,841.15,47,27,11.72,10.83,51,4.2,71.4%,0.0%,1.5%,3.5%,6.57,0.54,1件,/,/,否,否,否,丰富度P0｜增长｜10+销量｜高转化+高变现,Aeolus rid=6082893 / sid=3062689,2026-08-08 21:52
B级观察,GB,1729870461455341604,S260710028189,广州市黄埔区捷殿精品商行（个体工商户）,Men's Tops,Shirts,丰富度P0,增长,10+,高点击+高转化+高变现,平销,https://p16-she-va.ibyteimg.com/tos-alisg-i-f7lenjegsh-sg/528de8214b774ba4834c641604a71161~tplv-g9dfdl17fc-origin-image.image,https://shop.tiktok.com/view/product/1729870461455341604?region=GB&locale=en,453.80,323.69,583.90,35,24,12.97,18.14,3065,4.0,0.0%,0.0%,4.1%,8.4%,44.10,3.40,/,/,/,是,否,否,丰富度P0｜增长｜10+销量｜高点击+高转化+高变现,Aeolus rid=6082893 / sid=3062689,2026-08-08 21:52
B级观察,FR,1729619403063073641,S250826014198,赣州大衫科技有限公司,Men's Bottoms,Men's Jeans,丰富度P0,增长,10+,高点击+高变现,爆品,https://p16-she-va.ibyteimg.com/tos-alisg-i-f7lenjegsh-sg/d094c7f9b6f84aa487813f9269cb7494~tplv-g9dfdl17fc-origin-image.image,https://shop.tiktok.com/view/product/1729619403063073641?region=FR&locale=fr,454.10,323.63,1069.90,14,10,32.44,52.45,424,4.5,66.7%,0.0%,2.7%,1.3%,11.71,0.36,1件,/,/,是,否,是,丰富度P0｜增长｜10+销量｜高点击+高变现,Aeolus rid=6082893 / sid=3062689,2026-08-08 21:52
B级观察,US,1729475800807741368,S260126072966,广州市增城坦爵服装商行,Men's Bottoms,Men's Jeans,非P0补充,增长,10+,高点击+高转化+高变现,平销,https://p16-she-va.ibyteimg.com/tos-alisg-i-f7lenjegsh-sg/dd971e226aea47dea4e18cd321c642dc~tplv-g9dfdl17fc-origin-image.image,https://shop.tiktok.com/view/product/1729475800807741368?region=US&locale=en,1136.36,323.23,3142.98,48,9,23.67,34.19,84,4.5,37.5%,0.0%,6.3%,3.0%,45.67,1.89,1件,/,/,否,否,是,非P0补充｜增长｜10+销量｜高点击+高转化+高变现,Aeolus rid=6082893 / sid=3062689,2026-08-08 21:52
B级观察,GB,1729551846885464626,S250617017155,佛山市罗菲迪服饰有限公司,Men's Suits & Sets,Men's Clothing Sets,丰富度P0,增长,50+,高点击+高转化+高变现,爆品,https://p16-she-va.ibyteimg.com/tos-alisg-i-f7lenjegsh-sg/7af84011c4a6491790e9a2fae1b7ae4d~tplv-g9dfdl17fc-origin-image.image,https://shop.tiktok.com/view/product/1729551846885464626?region=GB&locale=en,1381.35,322.39,5526.32,64,22,21.58,33.61,128,4.5,44.4%,0.0%,4.2%,3.6%,32.32,1.50,2件套,/,/,否,否,是,丰富度P0｜增长｜50+销量｜高点击+高转化+高变现,Aeolus rid=6082893 / sid=3062689,2026-08-08 21:52
B级观察,US,1731811710266217321,S250922031586,赣州大衫科技有限公司,Men's Bottoms,Men's Jeans,丰富度P0,增长,10+,高点击+高转化+高变现,平销,https://p16-she-va.ibyteimg.com/tos-alisg-i-f7lenjegsh-sg/a1af1e73f5ba4ab2be161f4e688d18fb~tplv-g9dfdl17fc-origin-image.image,https://shop.tiktok.com/view/product/1731811710266217321?region=US&locale=en,723.69,320.76,2199.32,34,15,21.29,33.29,31,4.1,0.0%,0.0%,5.5%,2.7%,31.62,1.49,1件,/,/,否,否,否,丰富度P0｜增长｜10+销量｜高点击+高转化+高变现,Aeolus rid=6082893 / sid=3062689,2026-08-08 21:52
B级观察,GB,1729792791108426672,S260406033398,广州市黄埔区袁清服饰商行（个体工商户）,Men's Tops,T-shirts,丰富度P0,增长,50+,高转化+高变现,爆品,https://p16-she-va.ibyteimg.com/tos-alisg-i-f7lenjegsh-sg/a0397f3456b74f619d641cbf0e09ad8b~tplv-g9dfdl17fc-origin-image.image,https://shop.tiktok.com/view/product/1729792791108426672?region=GB&locale=en,919.36,317.29,1910.27,75,26,12.26,14.11,13021,4.8,57.1%,0.0%,0.6%,7.8%,5.56,0.45,/,/,/,是,否,是,丰富度P0｜增长｜50+销量｜高转化+高变现,Aeolus rid=6082893 / sid=3062689,2026-08-08 21:52
B级观察,US,1729499160563192487,S240613007638,石狮市谦莫服饰有限公司,Men's Suits & Sets,Men's Clothing Sets,丰富度P0,增长,10+,高点击+高变现,爆品,https://p16-she-va.ibyteimg.com/tos-alisg-i-f7lenjegsh-sg/4deb2b92ae574f78a6c0481d93a4b545~tplv-g9dfdl17fc-origin-image.image,https://shop.tiktok.com/view/product/1729499160563192487?region=US&locale=en,1361.48,316.88,4258.53,48,16,28.36,48.29,66,4.8,78.6%,0.0%,2.7%,1.4%,10.88,0.38,2/3件套,/,女装标准码,是,否,是,丰富度P0｜增长｜10+销量｜高点击+高变现,Aeolus rid=6082893 / sid=3062689,2026-08-08 21:52
B级观察,US,1732502288600503119,S260624003284,广州市天河区舒珩服饰贸易商行（个体工商户）,Men's Bottoms,Men's Shorts,非P0补充,增长,10+,高转化+高变现,滞销,https://p16-she-va.ibyteimg.com/tos-alisg-i-f7lenjegsh-sg/dcc3336d93304a778d23c78cbfb88291~tplv-g9dfdl17fc-origin-image.image,https://shop.tiktok.com/view/product/1732502288600503119?region=US&locale=en,399.82,314.66,484.98,10,7,39.98,58.49,2572,4.6,100.0%,0.0%,1.6%,4.7%,29.79,0.75,3件,/,/,是,否,是,非P0补充｜增长｜10+销量｜高转化+高变现,Aeolus rid=6082893 / sid=3062689,2026-08-08 21:52
B级观察,US,1731766826645819622,S250913017966,广州市黄埔区桦楠服饰商行（个体工商户）,Men's Tops,Hoodies & Sweatshirts,丰富度P0,增长,50+,高点击+高转化+高变现,爆品,https://p16-she-va.ibyteimg.com/tos-alisg-i-f7lenjegsh-sg/edbf05f4d1ff4735ae64c38c0d25d164~tplv-g9dfdl17fc-origin-image.image,https://shop.tiktok.com/view/product/1731766826645819622?region=US&locale=en,985.98,308.22,3334.48,60,16,16.43,27.99,9650,4.6,100.0%,0.0%,2.4%,3.6%,13.89,0.85,1件,/,/,是,否,否,丰富度P0｜增长｜50+销量｜高点击+高转化+高变现,Aeolus rid=6082893 / sid=3062689,2026-08-08 21:52
B级观察,US,1732402669866357199,S260518008536,义乌市峙山电子商务有限公司,Men's Tops,T-shirts,丰富度P0,增长,50+,高点击+高转化+高变现,爆品,https://p16-she-va.ibyteimg.com/tos-alisg-i-f7lenjegsh-sg/a9b62fb7c6df455987d25982f1faa317~tplv-g9dfdl17fc-origin-image.image,https://shop.tiktok.com/view/product/1732402669866357199?region=US&locale=en,902.55,307.78,2001.81,70,14,12.89,23.09,187,4.6,71.4%,0.0%,3.6%,6.0%,28.31,2.20,/,/,/,否,否,是,丰富度P0｜增长｜50+销量｜高点击+高转化+高变现,Aeolus rid=6082893 / sid=3062689,2026-08-08 21:52
B级观察,US,1732410154322006845,S260522029965,广州烽朔科技有限公司,Men's Bottoms,Men's Jeans,非P0补充,增长,10+,高点击+高转化+高变现,平销,https://p16-she-va.ibyteimg.com/tos-alisg-i-f7lenjegsh-sg/f164c3de576d4ebbb6fefbe1cf8c14cf~tplv-g9dfdl17fc-origin-image.image,https://shop.tiktok.com/view/product/1732410154322006845?region=US&locale=en,648.55,307.55,1417.97,25,13,25.94,51.79,117,4.6,0.0%,0.0%,5.0%,5.7%,73.37,2.83,1件,/,/,是,否,是,非P0补充｜增长｜10+销量｜高点击+高转化+高变现,Aeolus rid=6082893 / sid=3062689,2026-08-08 21:52
B级观察,GB,1729551342782945641,S250623018296,石狮市联结核心服饰有限公司,Men's Tops,Jackets & Coats,非P0补充,增长,10+,高点击+高转化+高变现,平销,https://p16-she-va.ibyteimg.com/tos-alisg-i-f7lenjegsh-sg/fb7a79547e0d4fcbaa97b8fcbeb885c6~tplv-g9dfdl17fc-origin-image.image,https://shop.tiktok.com/view/product/1729551342782945641?region=GB&locale=en,594.82,304.72,1546.44,26,13,22.88,43.03,22,4.5,100.0%,0.0%,4.8%,2.6%,27.79,1.21,1件,/,/,否,否,是,非P0补充｜增长｜10+销量｜高点击+高转化+高变现,Aeolus rid=6082893 / sid=3062689,2026-08-08 21:52
B级观察,GB,1729478117292153303,S250319020495,泉州市鑫浪启航商贸有限公司,Men's Bottoms,Men's Shorts,丰富度P0,增长,50+,高点击+高转化+高变现,爆品,https://p16-she-va.ibyteimg.com/tos-alisg-i-f7lenjegsh-sg/3a619f056a1e477d88ed9c0158917101~tplv-g9dfdl17fc-origin-image.image,https://shop.tiktok.com/view/product/1729478117292153303?region=GB&locale=en,691.91,303.37,2130.04,70,31,9.88,17.47,157,5.0,66.7%,0.0%,2.4%,13.1%,31.50,3.14,1件,/,/,否,否,是,丰富度P0｜增长｜50+销量｜高点击+高转化+高变现,Aeolus rid=6082893 / sid=3062689,2026-08-08 21:52
B级观察,US,1732322350314460088,S260407039421,广州市增城坦爵服装商行,Men's Bottoms,Men's Jeans,丰富度P0,增长,50+,高点击+高转化+高变现,爆品,https://p16-she-va.ibyteimg.com/tos-alisg-i-f7lenjegsh-sg/e0158b6164904137b8015d83a6f7a239~tplv-g9dfdl17fc-origin-image.image,https://shop.tiktok.com/view/product/1732322350314460088?region=US&locale=en,1769.26,300.07,5623.29,76,11,23.28,37.09,109,4.5,12.5%,0.0%,3.8%,2.6%,24.28,1.02,1件,/,/,否,否,是,丰富度P0｜增长｜50+销量｜高点击+高转化+高变现,Aeolus rid=6082893 / sid=3062689,2026-08-08 21:52
B级观察,GB,1729819489588975696,S260505001735,广州卓迅服饰有限公司,Men's Bottoms,Men's Shorts,丰富度P0,增长,10+,高点击+高转化+高变现,平销,https://p16-she-va.ibyteimg.com/tos-alisg-i-f7lenjegsh-sg/cc9a7832922b45a7a75f22db8c07300e~tplv-g9dfdl17fc-origin-image.image,https://shop.tiktok.com/view/product/1729819489588975696?region=GB&locale=en,454.50,299.89,1480.00,17,11,26.74,43.43,21,4.4,100.0%,0.0%,2.5%,3.4%,22.58,0.84,1件,/,/,否,否,否,丰富度P0｜增长｜10+销量｜高点击+高转化+高变现,Aeolus rid=6082893 / sid=3062689,2026-08-08 21:52
B级观察,US,1732441209526260175,S260613006740,义乌市峙山电子商务有限公司,Men's Tops,Polo Shirts,丰富度P0,增长,10+,高点击+高转化+高变现,平销,https://p16-she-va.ibyteimg.com/tos-alisg-i-f7lenjegsh-sg/a071d925a1aa40f1b60272d56435de1a~tplv-g9dfdl17fc-origin-image.image,https://shop.tiktok.com/view/product/1732441209526260175?region=US&locale=en,828.79,294.45,2911.84,38,15,21.81,36.69,57,4.6,0.0%,0.0%,6.0%,2.9%,58.26,1.76,/,/,/,否,否,是,丰富度P0｜增长｜10+销量｜高点击+高转化+高变现,Aeolus rid=6082893 / sid=3062689,2026-08-08 21:52
B级观察,US,1732355275346645358,S260420007112,广州市黄埔区凌越服装店（个体工商户）,Men's Tops,T-shirts,非P0补充,增长,10+,高点击+高转化+高变现,滞销,https://p16-she-va.ibyteimg.com/tos-alisg-i-f7lenjegsh-sg/76a59cb3bef743abbf8a972736b6efa8~tplv-g9dfdl17fc-origin-image.image,https://shop.tiktok.com/view/product/1732355275346645358?region=US&locale=en,677.23,292.14,1649.39,16,5,42.33,21.29,2131,4.7,0.0%,0.0%,3.4%,2.1%,34.51,0.71,/,/,/,是,否,是,非P0补充｜增长｜10+销量｜高点击+高转化+高变现,Aeolus rid=6082893 / sid=3062689,2026-08-08 21:52
B级观察,US,1732404540735591247,S260519025904,广州市天河区舒珩服饰贸易商行（个体工商户）,Men's Tops,T-shirts,丰富度P0,增长,100+,高点击+高转化+高变现,爆品,https://p16-she-va.ibyteimg.com/tos-alisg-i-f7lenjegsh-sg/47b18b202bfc4d9ca541e002c5fe2d8a~tplv-g9dfdl17fc-origin-image.image,https://shop.tiktok.com/view/product/1732404540735591247?region=US&locale=en,1067.05,291.62,2903.04,108,29,9.88,15.69,696,4.6,20.0%,0.0%,4.6%,9.1%,41.95,4.21,1件,/,/,是,否,否,丰富度P0｜增长｜100+销量｜高点击+高转化+高变现,Aeolus rid=6082893 / sid=3062689,2026-08-08 21:52
B级观察,GB,1729739721799473536,S251229034507,广州市黄埔区海织电子商务商行（个体工商户）,Men's Tops,Hoodies & Sweatshirts,丰富度P0,增长,10+,高点击+高变现,滞销,https://p16-she-va.ibyteimg.com/tos-alisg-i-f7lenjegsh-sg/c76b99ce25f947289a073a8e3e08db27~tplv-g9dfdl17fc-origin-image.image,https://shop.tiktok.com/view/product/1729739721799473536?region=GB&locale=en,447.34,287.34,1177.10,17,11,26.31,44.10,2210,4.1,66.7%,0.0%,5.3%,1.4%,18.73,0.71,1件,/,/,是,否,否,丰富度P0｜增长｜10+销量｜高点击+高变现,Aeolus rid=6082893 / sid=3062689,2026-08-08 21:52
B级观察,GB,1729858513867086577,S260622015782,广州弘展服饰有限公司,Men's Bottoms,Men's Jeans,丰富度P0,增长,50+,高转化+高变现,爆品,https://p16-she-va.ibyteimg.com/tos-alisg-i-f7lenjegsh-sg/db807246cdca42d89633fa95e57a5831~tplv-g9dfdl17fc-origin-image.image,https://shop.tiktok.com/view/product/1729858513867086577?region=GB&locale=en,1098.33,287.18,3362.47,77,6,14.26,18.14,1274844,3.8,14.3%,0.0%,2.0%,5.5%,15.24,1.07,1件,/,/,是,否,是,丰富度P0｜增长｜50+销量｜高转化+高变现,Aeolus rid=6082893 / sid=3062689,2026-08-08 21:52
B级观察,GB,1729803271118625482,S260419010823,广州市黄埔区欢愉商贸商行（个体工商户）,Men's Tops,T-shirts,丰富度P0,增长,10+,高点击+高转化+高变现,平销,https://p16-she-va.ibyteimg.com/tos-alisg-i-f7lenjegsh-sg/918b2d514c684f398b4a545e2f737148~tplv-g9dfdl17fc-origin-image.image,https://shop.tiktok.com/view/product/1729803271118625482?region=GB&locale=en,513.72,286.87,1203.26,46,23,11.17,17.47,19680,4.8,66.7%,0.0%,4.2%,3.2%,15.36,1.38,/,/,/,是,否,是,丰富度P0｜增长｜10+销量｜高点击+高转化+高变现,Aeolus rid=6082893 / sid=3062689,2026-08-08 21:52
B级观察,MX,1734504459474208663,S260303052085,宁波乐仓电子商务有限公司,Men's Tops,Shirts,丰富度P0,增长,10+,高点击+高转化+高变现,平销,https://p16-she-va.ibyteimg.com/tos-alisg-i-f7lenjegsh-sg/a5f6088d99e33073596c452a16c54768~tplv-g9dfdl17fc-origin-image.image,https://shop.tiktok.com/view/product/1734504459474208663?region=MX&locale=es,693.58,286.36,2295.52,39,18,17.78,27.43,10008,4.4,28.6%,0.0%,2.9%,2.3%,12.48,0.68,1件,/,/,是,否,否,丰富度P0｜增长｜10+销量｜高点击+高转化+高变现,Aeolus rid=6082893 / sid=3062689,2026-08-08 21:52
B级观察,GB,1729839121332673265,S260531011436,广州弘展服饰有限公司,Men's Bottoms,Men's Jeans,丰富度P0,增长,10+,高点击+高转化+高变现,平销,https://p16-she-va.ibyteimg.com/tos-alisg-i-f7lenjegsh-sg/c642a1c4cf3b4debb3b1f27a3b569289~tplv-g9dfdl17fc-origin-image.image,https://shop.tiktok.com/view/product/1729839121332673265?region=GB&locale=en,495.49,283.97,922.76,24,13,20.65,33.34,35,3.8,0.0%,0.0%,2.2%,4.5%,20.77,0.96,1件,/,/,否,否,否,丰富度P0｜增长｜10+销量｜高点击+高转化+高变现,Aeolus rid=6082893 / sid=3062689,2026-08-08 21:52
B级观察,US,1732308797935555042,S260327059994,石狮市民浩贸易有限公司,Men's Bottoms,Men's Shorts,非P0补充,增长,破0件,高转化+高变现,滞销,https://p16-she-va.ibyteimg.com/tos-alisg-i-f7lenjegsh-sg/e0abe17751df4335b78653774fb12c9a~tplv-g9dfdl17fc-origin-image.image,https://shop.tiktok.com/view/product/1732308797935555042?region=US&locale=en,370.71,283.53,912.58,8,6,46.34,75.39,247,4.6,0.0%,0.0%,1.9%,3.3%,30.06,0.65,4件,/,/,是,否,是,非P0补充｜增长｜破0件销量｜高转化+高变现,Aeolus rid=6082893 / sid=3062689,2026-08-08 21:52
B级观察,DE,1729746519525661150,S260108016922,上饶市静创电子商务有限公司,Men's Suits & Sets,Men's Clothing Sets,丰富度P0,增长,50+,高转化+高变现,大爆,https://p16-she-va.ibyteimg.com/tos-alisg-i-f7lenjegsh-sg/fb55c5d694e7411690a2ce4761d9c2b0~tplv-g9dfdl17fc-origin-image.image,https://shop.tiktok.com/view/product/1729746519525661150?region=DE&locale=de,1483.05,283.34,7508.52,54,9,27.46,40.35,265,4.5,71.4%,0.0%,0.7%,4.2%,8.62,0.31,2件套,/,/,是,否,是,丰富度P0｜增长｜50+销量｜高转化+高变现,Aeolus rid=6082893 / sid=3062689,2026-08-08 21:52
B级观察,GB,1729832822451312839,S260520005915,香港墨韻貿易有限公司,Men's Suits & Sets,Men's Clothing Sets,丰富度P0,增长,10+,高点击+高转化+高变现,爆品,https://p16-she-va.ibyteimg.com/tos-alisg-i-f7lenjegsh-sg/6ebfd1630ee6451e8a01cc2957ecaa3c~tplv-g9dfdl17fc-origin-image.image,https://shop.tiktok.com/view/product/1729832822451312839?region=GB&locale=en,747.61,282.48,2046.11,32,12,23.36,34.29,327,4.4,69.2%,0.0%,3.8%,2.5%,21.96,0.94,2件套,/,/,是,否,否,丰富度P0｜增长｜10+销量｜高点击+高转化+高变现,Aeolus rid=6082893 / sid=3062689,2026-08-08 21:52
B级观察,GB,1729870167210498204,S260710031443,广州市天河区豪瑞服饰品牌店（个体工商户）,Men's Suits & Sets,Men's Clothing Sets,丰富度P0,增长,10+,高转化+高变现,平销,https://p16-she-va.ibyteimg.com/tos-alisg-i-f7lenjegsh-sg/5f8bb04880f447f0abb640c6073d71ca~tplv-g9dfdl17fc-origin-image.image,https://shop.tiktok.com/view/product/1729870167210498204?region=GB&locale=en,346.87,282.12,435.31,19,15,18.26,28.23,896,4.0,0.0%,0.0%,1.9%,2.7%,9.36,0.51,2件套,/,/,是,否,是,丰富度P0｜增长｜10+销量｜高转化+高变现,Aeolus rid=6082893 / sid=3062689,2026-08-08 21:52
B级观察,US,1729546981966385720,S240624005640,广州市侃耶服装有限公司,Men's Bottoms,Men's Jeans,丰富度P0,增长,10+,高点击+高变现,爆品,https://p16-she-va.ibyteimg.com/tos-alisg-i-f7lenjegsh-sg/0ba1bbd30eb541daa63cad462c013d05~tplv-g9dfdl17fc-origin-image.image,https://shop.tiktok.com/view/product/1729546981966385720?region=US&locale=en,652.35,280.97,1582.68,31,13,21.04,34.59,72,4.2,50.0%,0.0%,6.5%,1.9%,26.42,1.22,1件,/,女装标准码,是,否,是,丰富度P0｜增长｜10+销量｜高点击+高变现,Aeolus rid=6082893 / sid=3062689,2026-08-08 21:52
B级观察,MX,1736362337892009925,S260702014196,广州市天河区园迹服饰经营店（个体工商户）,Men's Suits & Sets,Men's Suits,丰富度P0,增长,10+,高点击+高变现,平销,https://p16-she-va.ibyteimg.com/tos-alisg-i-f7lenjegsh-sg/ffd38c38fd244dcda7d50de30b0f3f1b~tplv-g9dfdl17fc-origin-image.image,https://shop.tiktok.com/view/product/1736362337892009925?region=MX&locale=es,897.06,279.28,1617.21,38,17,23.61,56.70,685,4.3,50.0%,0.0%,4.5%,0.9%,9.24,0.39,1件,/,/,是,否,否,丰富度P0｜增长｜10+销量｜高点击+高变现,Aeolus rid=6082893 / sid=3062689,2026-08-08 21:52
B级观察,MX,1736386617174820560,S260704016876,广州市黄埔区凯诺服装店（个体工商户）,Men's Suits & Sets,Men's Suits,丰富度P0,增长,10+,高点击+高变现,滞销,https://p16-she-va.ibyteimg.com/tos-alisg-i-f7lenjegsh-sg/4cd87d7222714c4f885eab5389b1ce5d~tplv-g9dfdl17fc-origin-image.image,https://shop.tiktok.com/view/product/1736386617174820560?region=MX&locale=es,395.04,277.20,580.24,18,13,21.95,59.47,3275,4.6,50.0%,0.0%,4.5%,0.5%,4.76,0.22,2件,/,/,是,否,是,丰富度P0｜增长｜10+销量｜高点击+高变现,Aeolus rid=6082893 / sid=3062689,2026-08-08 21:52
B级观察,US,1729399386479235186,S230627005609,晋江市集友服装织造有限公司,Men's Tops,Jackets & Coats,丰富度P0,增长,10+,高转化+高变现,滞销,https://p16-she-va.ibyteimg.com/tos-alisg-i-f7lenjegsh-sg/2c50cb49630c448e972e9960fe98fdff~tplv-g9dfdl17fc-origin-image.image,https://shop.tiktok.com/view/product/1729399386479235186?region=US&locale=en,676.70,275.86,1507.51,19,3,35.62,56.29,36,4.0,0.0%,0.0%,1.9%,2.6%,17.42,0.49,1件,深色系,女装标准码,否,否,是,丰富度P0｜增长｜10+销量｜高转化+高变现,Aeolus rid=6082893 / sid=3062689,2026-08-08 21:52
B级观察,FR,1729493432845572185,S230902003573,东莞市衣品智造制衣有限公司,Men's Tops,Hoodies & Sweatshirts,丰富度P0,增长,10+,高点击+高变现,大爆,https://p16-she-va.ibyteimg.com/tos-alisg-i-f7lenjegsh-sg/5dd9e03d86c442bf88aad8e474aa40f6~tplv-g9dfdl17fc-origin-image.image,https://shop.tiktok.com/view/product/1729493432845572185?region=FR&locale=fr,343.74,274.56,598.62,15,12,22.92,27.09,497,4.5,100.0%,0.0%,3.6%,0.3%,3.29,0.12,1件,/,女装标准码,否,否,是,丰富度P0｜增长｜10+销量｜高点击+高变现,Aeolus rid=6082893 / sid=3062689,2026-08-08 21:52
B级观察,US,1729385974986347252,S230623001927,广州韩忆服饰有限公司,Men's Bottoms,Men's Pants,丰富度P0,增长,10+,高点击+高转化+高变现,滞销,https://p16-she-va.ibyteimg.com/tos-alisg-i-f7lenjegsh-sg/f9f235468b6945a2804ce4bab3b875bd~tplv-g9dfdl17fc-origin-image.image,https://shop.tiktok.com/view/product/1729385974986347252?region=US&locale=en,401.60,274.15,1113.20,15,8,26.77,31.29,34,4.4,0.0%,0.0%,2.5%,3.4%,23.34,0.87,1/2件,无彩色-黑白灰,女装标准码,否,是,是,丰富度P0｜增长｜10+销量｜高点击+高转化+高变现,Aeolus rid=6082893 / sid=3062689,2026-08-08 21:52
B级观察,US,1729628306210263629,S240826006710,泉州峯旗信息科技有限公司,Men's Bottoms,Men's Shorts,丰富度P0,增长,10+,高点击+高转化+高变现,平销,https://p16-she-va.ibyteimg.com/tos-alisg-i-f7lenjegsh-sg/80407d12bcd04c02be0d5a47847cb5cc~tplv-g9dfdl17fc-origin-image.image,https://shop.tiktok.com/view/product/1729628306210263629?region=US&locale=en,592.26,273.93,2207.20,40,19,14.81,25.29,89,4.9,66.7%,0.0%,2.1%,3.4%,11.04,0.71,1件,/,女装标准码,否,否,是,丰富度P0｜增长｜10+销量｜高点击+高转化+高变现,Aeolus rid=6082893 / sid=3062689,2026-08-08 21:52
B级观察,GB,1729446967216279207,S241225010761,石狮市谦莫服饰有限公司,Men's Bottoms,Men's Pants,非P0补充,增长,50+,高转化+高变现,爆品,https://p16-she-va.ibyteimg.com/tos-alisg-i-f7lenjegsh-sg/2ed6948f53224f1591ebda74b953fa32~tplv-g9dfdl17fc-origin-image.image,https://shop.tiktok.com/view/product/1729446967216279207?region=GB&locale=en,1531.99,272.56,4969.59,59,11,25.97,28.23,886,4.8,0.0%,0.0%,1.9%,3.2%,16.29,0.62,1/2件,/,/,是,否,是,非P0补充｜增长｜50+销量｜高转化+高变现,Aeolus rid=6082893 / sid=3062689,2026-08-08 21:52
B级观察,GB,1729429773529419057,S241008009430,泉州惠通跨境贸易服务有限公司,Men's Tops,Jackets & Coats,丰富度P0,增长,10+,高点击+高转化+高变现,平销,https://p16-she-va.ibyteimg.com/tos-alisg-i-f7lenjegsh-sg/cb6828a57e424dacbb45c2e989852b15~tplv-g9dfdl17fc-origin-image.image,https://shop.tiktok.com/view/product/1729429773529419057?region=GB&locale=en,458.45,272.46,899.29,22,12,20.84,40.74,283,4.4,66.7%,0.0%,3.9%,2.5%,20.25,0.97,1件,/,女装标准码,是,否,是,丰富度P0｜增长｜10+销量｜高点击+高转化+高变现,Aeolus rid=6082893 / sid=3062689,2026-08-08 21:52
B级观察,GB,1729403157374275239,S231213006423,石狮市谦莫服饰有限公司,Men's Tops,Hoodies & Sweatshirts,丰富度P0,增长,50+,高点击+高转化+高变现,爆品,https://p16-she-va.ibyteimg.com/tos-alisg-i-f7lenjegsh-sg/5912ee7f746b4c28a9c6e7499513afc8~tplv-g9dfdl17fc-origin-image.image,https://shop.tiktok.com/view/product/1729403157374275239?region=GB&locale=en,1509.88,268.70,5193.32,81,10,18.64,24.20,644,4.8,85.7%,0.0%,2.7%,4.4%,21.86,1.17,1/2件,/,女装标准码,是,否,是,丰富度P0｜增长｜50+销量｜高点击+高转化+高变现,Aeolus rid=6082893 / sid=3062689,2026-08-08 21:52
B级观察,GB,1729775522646956071,S260307049099,香港興樂悅貿易有限公司,Men's Tops,T-shirts,丰富度P0,增长,10+,高点击+高变现,爆品,https://p16-she-va.ibyteimg.com/tos-alisg-i-f7lenjegsh-sg/c7e2724ecfff4a6fa12f7bf29b5ceab2~tplv-g9dfdl17fc-origin-image.image,https://shop.tiktok.com/view/product/1729775522646956071?region=GB&locale=en,298.91,268.67,405.90,21,19,14.23,11.82,73,4.7,100.0%,0.0%,3.6%,1.8%,9.73,0.65,1件,/,/,否,否,是,丰富度P0｜增长｜10+销量｜高点击+高变现,Aeolus rid=6082893 / sid=3062689,2026-08-08 21:52
B级观察,GB,1729725343423765049,S251210136011,广州博豪服饰制衣厂,Men's Tops,Jackets & Coats,丰富度P0,增长,10+,高点击+高变现,爆品,https://p16-she-va.ibyteimg.com/tos-alisg-i-f7lenjegsh-sg/d8d4635f16ff4edabfd9cd10f226319d~tplv-g9dfdl17fc-origin-image.image,https://shop.tiktok.com/view/product/1729725343423765049?region=GB&locale=en,512.99,268.10,881.59,18,4,28.50,36.98,32,4.6,0.0%,0.0%,4.4%,1.0%,13.08,0.46,/,/,/,否,否,否,丰富度P0｜增长｜10+销量｜高点击+高变现,Aeolus rid=6082893 / sid=3062689,2026-08-08 21:52
B级观察,US,1731861555860181582,S251002012548,晋江市新塘赐金服装贸易商行,Men's Tops,T-shirts,非P0补充,增长,10+,高点击+高转化+高变现,滞销,https://p16-she-va.ibyteimg.com/tos-alisg-i-f7lenjegsh-sg/9607a78a8c1b4ed7bd7eaf5aa715e553~tplv-g9dfdl17fc-origin-image.image,https://shop.tiktok.com/view/product/1731861555860181582?region=US&locale=en,267.00,267.00,267.00,20,20,13.35,31.19,277,4.9,0.0%,0.0%,7.4%,250.0%,9888.89,185.19,1件,/,/,是,否,是,非P0补充｜增长｜10+销量｜高点击+高转化+高变现,Aeolus rid=6082893 / sid=3062689,2026-08-08 21:52
B级观察,GB,1729750581669370851,S260113071933,广州市黄埔区形随服饰商行（个体工商户）,Men's Tops,T-shirts,非P0补充,增长,50+,高转化+高变现,平销,https://p16-she-va.ibyteimg.com/tos-alisg-i-f7lenjegsh-sg/9176bae0e9b24f23bcf3af99d048c9ca~tplv-g9dfdl17fc-origin-image.image,https://shop.tiktok.com/view/product/1729750581669370851?region=GB&locale=en,765.79,266.85,4566.86,64,22,11.97,14.11,947,4.8,66.7%,0.0%,1.6%,9.2%,17.33,1.43,/,/,/,是,否,是,非P0补充｜增长｜50+销量｜高转化+高变现,Aeolus rid=6082893 / sid=3062689,2026-08-08 21:52
B级观察,GB,1729653128835602469,S251004028791,石狮市衣品官人贸易有限公司,Men's Tops,Hoodies & Sweatshirts,丰富度P0,增长,10+,高点击+高变现,平销,https://p16-she-va.ibyteimg.com/tos-maliva-i-g9dfdl17fc-us/4d67b3300232444794b5c47aa6ae79c3~tplv-g9dfdl17fc-origin-image.image,https://shop.tiktok.com/view/product/1729653128835602469?region=GB&locale=en,1264.12,266.47,3175.49,48,13,26.34,21.51,75,4.5,33.3%,0.0%,3.8%,1.2%,12.63,0.47,"2件,1件,3件",/,/,是,否,否,丰富度P0｜增长｜10+销量｜高点击+高变现,Aeolus rid=6082893 / sid=3062689,2026-08-08 21:52
B级观察,FR,1729795330546243829,S260409048346,广州市海珠区诚远纺织商行,Men's Suits & Sets,Men's Clothing Sets,丰富度P0,增长,10+,高转化+高变现,爆品,https://p16-she-va.ibyteimg.com/tos-alisg-i-f7lenjegsh-sg/26db41b3e7f34bdaa8a6dba62dc30864~tplv-g9dfdl17fc-origin-image.image,https://shop.tiktok.com/view/product/1729795330546243829?region=FR&locale=fr,933.86,266.04,3239.53,28,7,33.35,44.38,3399,4.6,71.4%,0.0%,1.6%,2.3%,12.09,0.36,2件,/,/,是,否,否,丰富度P0｜增长｜10+销量｜高转化+高变现,Aeolus rid=6082893 / sid=3062689,2026-08-08 21:52
B级观察,GB,1729590069521586435,S250719019591,义乌市营航贸易有限公司,Men's Tops,Polo Shirts,非P0补充,增长,50+,高转化+高变现,爆品,https://p16-she-va.ibyteimg.com/tos-maliva-i-g9dfdl17fc-us/af130de070d6467a8e9a3b85a0b17e01~tplv-g9dfdl17fc-origin-image.image,https://shop.tiktok.com/view/product/1729590069521586435?region=GB&locale=en,650.78,264.98,1772.66,51,19,12.76,17.88,112,4.2,62.5%,0.0%,1.3%,5.0%,8.47,0.65,1件,/,/,否,否,是,非P0补充｜增长｜50+销量｜高转化+高变现,Aeolus rid=6082893 / sid=3062689,2026-08-08 21:52
B级观察,DE,1729772161589287864,S260127076891,广州市增城坦爵服装商行,Men's Bottoms,Men's Jeans,丰富度P0,增长,破0件,高变现,爆品,https://p16-she-va.ibyteimg.com/tos-alisg-i-f7lenjegsh-sg/a16cd60f51144e4d82e34a4840ab53d6~tplv-g9dfdl17fc-origin-image.image,https://shop.tiktok.com/view/product/1729772161589287864?region=DE&locale=de,264.45,264.45,295.97,7,7,37.78,53.03,64,4.6,0.0%,0.0%,1.8%,0.8%,5.16,0.14,1件,/,/,否,否,是,丰富度P0｜增长｜破0件销量｜高变现,Aeolus rid=6082893 / sid=3062689,2026-08-08 21:52
B级观察,GB,1729826497185290446,S260509020310,东莞市莞城格物岫电子商务商行（个体工商户）,Men's Tops,Vests,丰富度P0,增长,10+,高点击+高转化+高变现,平销,https://p16-she-va.ibyteimg.com/tos-alisg-i-f7lenjegsh-sg/d62cff6be84942249059f6ec17a55b36~tplv-g9dfdl17fc-origin-image.image,https://shop.tiktok.com/view/product/1729826497185290446?region=GB&locale=en,448.44,262.71,1079.12,22,11,20.38,29.98,97,4.5,50.0%,0.0%,3.0%,4.2%,25.70,1.26,4件,/,/,否,否,是,丰富度P0｜增长｜10+销量｜高点击+高转化+高变现,Aeolus rid=6082893 / sid=3062689,2026-08-08 21:52
B级观察,US,1732219673455071346,S260113064605,广州市天河区猎风服装店（个体工商户）,Men's Suits & Sets,Men's Clothing Sets,非P0补充,增长,100+,高点击+高转化+高变现,爆品,https://p16-she-va.ibyteimg.com/tos-alisg-i-f7lenjegsh-sg/213a587f77534d1fa083a3517f413741~tplv-g9dfdl17fc-origin-image.image,https://shop.tiktok.com/view/product/1732219673455071346?region=US&locale=en,1604.14,262.02,5564.40,106,19,15.13,25.99,1105,4.1,5.9%,0.0%,2.7%,3.4%,13.67,0.90,2件,/,/,是,否,是,非P0补充｜增长｜100+销量｜高点击+高转化+高变现,Aeolus rid=6082893 / sid=3062689,2026-08-08 21:52
B级观察,US,1732404472514384238,S260519019375,广州市黄埔区凌越服装店（个体工商户）,Men's Tops,T-shirts,丰富度P0,增长,10+,高点击+高转化+高变现,滞销,https://p16-she-va.ibyteimg.com/tos-alisg-i-f7lenjegsh-sg/b820faa3d1df4f328f6ece1b5e8ef966~tplv-g9dfdl17fc-origin-image.image,https://shop.tiktok.com/view/product/1732404472514384238?region=US&locale=en,507.88,261.95,1403.88,18,9,28.22,37.79,1194,4.7,0.0%,0.0%,2.8%,15.1%,120.07,4.26,3件,/,/,是,否,是,丰富度P0｜增长｜10+销量｜高点击+高转化+高变现,Aeolus rid=6082893 / sid=3062689,2026-08-08 21:52
B级观察,MX,1731971821451707394,S250625019973,广州市白云区石门街娜可可服饰经营商行（个体工商户）,Men's Bottoms,Men's Pants,丰富度P0,增长,10+,高点击,平销,https://p16-she-va.ibyteimg.com/tos-alisg-i-f7lenjegsh-sg/9900e2d98e8646d483c7af07218606d9~tplv-g9dfdl17fc-origin-image.image,https://shop.tiktok.com/view/product/1731971821451707394?region=MX&locale=es,488.98,260.95,1262.52,40,24,12.22,24.16,916,4.7,60.0%,0.0%,3.0%,0.4%,1.51,0.11,1件,/,/,是,否,否,丰富度P0｜增长｜10+销量｜高点击,Aeolus rid=6082893 / sid=3062689,2026-08-08 21:52
B级观察,US,1732302949642507120,S260315035567,广州市侃耶服装有限公司,Men's Bottoms,Men's Jeans,丰富度P0,增长,10+,高点击+高转化+高变现,滞销,https://p16-she-va.ibyteimg.com/tos-alisg-i-f7lenjegsh-sg/0c69826ca1ce4ead81c50c3a266288a2~tplv-g9dfdl17fc-origin-image.image,https://shop.tiktok.com/view/product/1732302949642507120?region=US&locale=en,524.01,259.93,1328.48,22,10,23.82,33.79,18,4.1,0.0%,0.0%,4.5%,4.8%,51.41,2.16,1件,/,/,否,否,是,丰富度P0｜增长｜10+销量｜高点击+高转化+高变现,Aeolus rid=6082893 / sid=3062689,2026-08-08 21:52
B级观察,US,1730691882702705263,S250121000532,广州欧牌服装有限公司,Men's Tops,Jackets & Coats,丰富度P0,增长,10+,高点击+高转化+高变现,平销,https://p16-she-va.ibyteimg.com/tos-alisg-i-f7lenjegsh-sg/73d09e4806754bb298983b63b3c98d40~tplv-g9dfdl17fc-origin-image.image,https://shop.tiktok.com/view/product/1730691882702705263?region=US&locale=en,643.98,259.11,2041.93,24,8,26.83,38.99,26,4.3,75.0%,0.0%,2.9%,2.4%,18.71,0.70,1件,/,/,否,否,是,丰富度P0｜增长｜10+销量｜高点击+高转化+高变现,Aeolus rid=6082893 / sid=3062689,2026-08-08 21:52
B级观察,GB,1729790408171296807,S260402014236,香港興樂悅貿易有限公司,Men's Tops,T-shirts,丰富度P0,增长,10+,高点击+高转化+高变现,滞销,https://p16-she-va.ibyteimg.com/tos-alisg-i-f7lenjegsh-sg/692bdbc251b14029857d2743b2fff57f~tplv-g9dfdl17fc-origin-image.image,https://shop.tiktok.com/view/product/1729790408171296807?region=GB&locale=en,460.39,258.56,1549.57,21,12,21.92,33.34,189,4.7,50.0%,0.0%,2.0%,3.1%,13.65,0.62,3件,/,/,是,否,是,丰富度P0｜增长｜10+销量｜高点击+高转化+高变现,Aeolus rid=6082893 / sid=3062689,2026-08-08 21:52
B级观察,US,1732288463360463509,S260313019706,广州虎道服饰商贸有限公司,Men's Tops,T-shirts,丰富度P0,增长,100+,高点击+高转化+高变现,爆品,https://p16-she-va.ibyteimg.com/tos-alisg-i-f7lenjegsh-sg/877ba96b65614d85a86b1cdf1fd74b87~tplv-g9dfdl17fc-origin-image.image,https://shop.tiktok.com/view/product/1732288463360463509?region=US&locale=en,2017.13,258.50,7190.80,153,-17,13.18,23.19,187,4.1,57.9%,0.0%,4.8%,3.5%,22.67,1.70,1件,/,/,否,否,否,丰富度P0｜增长｜100+销量｜高点击+高转化+高变现,Aeolus rid=6082893 / sid=3062689,2026-08-08 21:52
B级观察,GB,1729857571205519699,S260621001734,广州领拓服装有限公司,Men's Bottoms,Men's Pants,丰富度P0,增长,10+,高转化+高变现,平销,https://p16-she-va.ibyteimg.com/tos-alisg-i-f7lenjegsh-sg/caa1ddee459f4e298a414fe54c4f30fb~tplv-g9dfdl17fc-origin-image.image,https://shop.tiktok.com/view/product/1729857571205519699?region=GB&locale=en,506.95,258.39,894.64,28,12,18.11,26.89,20,4.5,75.0%,0.0%,1.9%,3.0%,10.48,0.58,1件,/,/,否,否,否,丰富度P0｜增长｜10+销量｜高转化+高变现,Aeolus rid=6082893 / sid=3062689,2026-08-08 21:52
B级观察,GB,1729859754319649645,S260624033066,铅山县文言电子商务店（个体工商户）,Men's Suits & Sets,Men's Clothing Sets,丰富度P0,增长,10+,高点击+高转化+高变现,平销,https://p16-she-va.ibyteimg.com/tos-alisg-i-f7lenjegsh-sg/67dfbf5cd4ec4ab1a9367a9d5bfed755~tplv-g9dfdl17fc-origin-image.image,https://shop.tiktok.com/view/product/1729859754319649645?region=GB&locale=en,959.30,256.91,4034.38,47,12,20.41,42.09,14832,4.3,66.7%,0.0%,4.1%,4.1%,35.58,1.71,一套,/,/,是,否,是,丰富度P0｜增长｜10+销量｜高点击+高转化+高变现,Aeolus rid=6082893 / sid=3062689,2026-08-08 21:52
B级观察,US,1732452956620362023,S260620001142,广州赢一科技有限公司,Men's Bottoms,Men's Jeans,丰富度P0,增长,10+,高点击+高变现,滞销,https://p16-she-va.ibyteimg.com/tos-alisg-i-f7lenjegsh-sg/48f0045e927241c6a73e7699cdc1f67d~tplv-g9dfdl17fc-origin-image.image,https://shop.tiktok.com/view/product/1732452956620362023?region=US&locale=en,718.33,250.94,2366.42,17,6,42.25,59.69,168,4.5,20.0%,0.0%,3.4%,0.6%,8.14,0.19,1件,/,/,是,否,是,丰富度P0｜增长｜10+销量｜高点击+高变现,Aeolus rid=6082893 / sid=3062689,2026-08-08 21:52
B级观察,GB,1729835769555556610,S260525017340,义乌市数根供应链管理有限公司,Men's Tops,Polo Shirts,非P0补充,增长,10+,高点击+高转化+高变现,滞销,https://p16-she-va.ibyteimg.com/tos-alisg-i-f7lenjegsh-sg/0f0cf167be9a42f2b4f147c8b647e9a7~tplv-g9dfdl17fc-origin-image.image,https://shop.tiktok.com/view/product/1729835769555556610?region=GB&locale=en,267.58,250.70,430.41,21,20,12.74,23.93,3289,4.4,66.7%,0.0%,3.5%,10.5%,52.40,3.72,/,/,/,是,否,是,非P0补充｜增长｜10+销量｜高点击+高转化+高变现,Aeolus rid=6082893 / sid=3062689,2026-08-08 21:52
B级观察,US,1730717766480532476,S250219013269,广州市黄埔区君宇服饰商行,Men's Tops,T-shirts,丰富度P0,增长,10+,高点击+高转化+高变现,平销,https://p16-she-va.ibyteimg.com/tos-alisg-i-f7lenjegsh-sg/530b0f1ae06041818051518e49ac6a87~tplv-g9dfdl17fc-origin-image.image,https://shop.tiktok.com/view/product/1730717766480532476?region=US&locale=en,473.59,248.93,1570.94,26,13,18.21,16.99,6689,4.7,100.0%,0.0%,3.5%,3.0%,18.91,1.04,1件或者3件,/,/,是,否,否,丰富度P0｜增长｜10+销量｜高点击+高转化+高变现,Aeolus rid=6082893 / sid=3062689,2026-08-08 21:52
B级观察,US,1732442018437763301,S260614008558,广西众森服饰有限公司,Men's Suits & Sets,Men's Clothing Sets,丰富度P0,增长,10+,高点击+高转化+高变现,爆品,https://p16-she-va.ibyteimg.com/tos-alisg-i-f7lenjegsh-sg/086013f801ab468493b2c62271d9619c~tplv-g9dfdl17fc-origin-image.image,https://shop.tiktok.com/view/product/1732442018437763301?region=US&locale=en,1146.03,248.38,3837.17,48,8,23.88,39.09,52,3.9,50.0%,0.0%,3.3%,5.4%,42.60,1.78,2件套,/,/,是,否,是,丰富度P0｜增长｜10+销量｜高点击+高转化+高变现,Aeolus rid=6082893 / sid=3062689,2026-08-08 21:52
B级观察,US,1731760754383884385,S250912009633,广州市黄埔区誉颖服装店（个体工商户）,Men's Tops,T-shirts,非P0补充,增长,破0件,高转化+高变现,滞销,https://p16-she-va.ibyteimg.com/tos-alisg-i-f7lenjegsh-sg/f0f11741ebcd4ce0bfa0de9d5fb07784~tplv-g9dfdl17fc-origin-image.image,https://shop.tiktok.com/view/product/1731760754383884385?region=US&locale=en,301.34,248.29,559.59,6,5,50.22,65.49,5225,4.0,50.0%,0.0%,1.4%,3.6%,25.72,0.51,4件,/,/,是,否,是,非P0补充｜增长｜破0件销量｜高转化+高变现,Aeolus rid=6082893 / sid=3062689,2026-08-08 21:52
B级观察,US,1731872078086377509,S251004028791,石狮市衣品官人贸易有限公司,Men's Tops,Hoodies & Sweatshirts,丰富度P0,增长,破0件,高点击+高转化+高变现,平销,https://p16-she-va.ibyteimg.com/tos-alisg-i-f7lenjegsh-sg/e59208801da14a238567c41f94b27ca0~tplv-g9dfdl17fc-origin-image.image,https://shop.tiktok.com/view/product/1731872078086377509?region=US&locale=en,247.96,247.96,659.12,8,8,31.00,24.59,70,4.2,0.0%,0.0%,3.9%,3.6%,43.64,1.41,"2件,1件,3件",/,/,是,否,否,丰富度P0｜增长｜破0件销量｜高点击+高转化+高变现,Aeolus rid=6082893 / sid=3062689,2026-08-08 21:52
B级观察,GB,1729466502045535271,S250228002734,香港興樂悅貿易有限公司,Men's Tops,Polo Shirts,丰富度P0,增长,10+,高点击+高转化+高变现,爆品,https://p16-she-va.ibyteimg.com/tos-maliva-i-g9dfdl17fc-us/ac6ccd854f5440c0bfaa3499770830f2~tplv-g9dfdl17fc-origin-image.image,https://shop.tiktok.com/view/product/1729466502045535271?region=GB&locale=en,620.40,247.73,2681.37,25,6,24.82,44.37,201,4.7,71.4%,0.0%,2.9%,3.0%,21.81,0.88,3件套,/,/,否,否,是,丰富度P0｜增长｜10+销量｜高点击+高转化+高变现,Aeolus rid=6082893 / sid=3062689,2026-08-08 21:52
B级观察,US,1732414351164871272,S260526028558,广州市黄埔区海聚百货商行（个体工商户）,Men's Tops,T-shirts,丰富度P0,增长,10+,高点击+高转化+高变现,滞销,https://p16-she-va.ibyteimg.com/tos-alisg-i-f7lenjegsh-sg/cb90639a85694e8695ffbc67053dbde2~tplv-g9dfdl17fc-origin-image.image,https://shop.tiktok.com/view/product/1732414351164871272?region=US&locale=en,409.99,243.42,1155.70,26,17,15.77,25.19,2711,4.6,0.0%,0.0%,5.6%,8.3%,72.53,4.60,/,/,/,是,否,是,丰富度P0｜增长｜10+销量｜高点击+高转化+高变现,Aeolus rid=6082893 / sid=3062689,2026-08-08 21:52
B级观察,GB,1729488620234971955,S250324021016,广州市地引力服装有限公司,Men's Bottoms,Men's Jeans,丰富度P0,增长,破0件,高点击+高转化+高变现,滞销,https://p16-she-va.ibyteimg.com/tos-alisg-i-f7lenjegsh-sg/9efe461b03324147a3c8275aa7cf0c6e~tplv-g9dfdl17fc-origin-image.image,https://shop.tiktok.com/view/product/1729488620234971955?region=GB&locale=en,287.52,242.60,494.26,7,6,41.07,66.97,49,4.6,0.0%,0.0%,4.4%,3.3%,59.81,1.46,2件,/,/,否,否,是,丰富度P0｜增长｜破0件销量｜高点击+高转化+高变现,Aeolus rid=6082893 / sid=3062689,2026-08-08 21:52
B级观察,US,1732219261912781680,S260108054487,广州市侃耶服装有限公司,Men's Bottoms,Men's Jeans,丰富度P0,增长,50+,高点击+高转化+高变现,平销,https://p16-she-va.ibyteimg.com/tos-alisg-i-f7lenjegsh-sg/b12919b4d80c4ddc91f9fc62d7d54cc2~tplv-g9dfdl17fc-origin-image.image,https://shop.tiktok.com/view/product/1732219261912781680?region=US&locale=en,1244.58,241.85,3588.60,52,8,23.93,37.19,84,4.1,25.0%,0.0%,4.5%,3.1%,34.97,1.40,1件,/,/,否,否,是,丰富度P0｜增长｜50+销量｜高点击+高转化+高变现,Aeolus rid=6082893 / sid=3062689,2026-08-08 21:52
B级观察,DE,1729578065555069127,S250710007841,香港墨韻貿易有限公司,Men's Suits & Sets,Men's Clothing Sets,丰富度P0,增长,50+,高点击+高变现,爆品,https://p16-she-va.ibyteimg.com/tos-alisg-i-f7lenjegsh-sg/da4b1ea8fb704acfbc6594802737298f~tplv-g9dfdl17fc-origin-image.image,https://shop.tiktok.com/view/product/1729578065555069127?region=DE&locale=de,1580.03,241.79,8061.40,57,9,27.72,46.11,926,4.5,12.5%,0.0%,2.5%,1.8%,12.37,0.45,2件套,/,/,是,否,是,丰富度P0｜增长｜50+销量｜高点击+高变现,Aeolus rid=6082893 / sid=3062689,2026-08-08 21:52
B级观察,FR,1729490190087461205,S250411020768,广州市天河区悦贸时尚服饰店（个体工商户）,Men's Suits & Sets,Men's Clothing Sets,丰富度P0,增长,破0件,高转化+高变现,平销,https://p16-she-va.ibyteimg.com/tos-alisg-i-f7lenjegsh-sg/378eb8e5138a49c5a9180f2a15019873~tplv-g9dfdl17fc-origin-image.image,https://shop.tiktok.com/view/product/1729490190087461205?region=FR&locale=fr,297.16,237.93,1628.74,9,7,33.02,38.04,5266,4.0,60.0%,20.0%,0.8%,2.0%,6.13,0.16,2件套,/,/,是,否,是,丰富度P0｜增长｜破0件销量｜高转化+高变现,Aeolus rid=6082893 / sid=3062689,2026-08-08 21:52
B级观察,US,1732436428251697546,S260610003698,广州市侃耶服装有限公司,Men's Bottoms,Men's Jeans,非P0补充,增长,10+,高点击+高转化+高变现,平销,https://p16-she-va.ibyteimg.com/tos-alisg-i-f7lenjegsh-sg/00a858ca686e44569f971b5386dab633~tplv-g9dfdl17fc-origin-image.image,https://shop.tiktok.com/view/product/1732436428251697546?region=US&locale=en,618.53,236.98,1748.48,29,11,21.33,37.19,24,4.2,0.0%,0.0%,7.5%,2.4%,38.56,1.81,1件,/,/,否,否,是,非P0补充｜增长｜10+销量｜高点击+高转化+高变现,Aeolus rid=6082893 / sid=3062689,2026-08-08 21:52
B级观察,GB,1729426340910894275,S240824005529,于都琪璘酷品供应链管理有限公司,Men's Tops,Hoodies & Sweatshirts,丰富度P0,增长,10+,高点击+高转化+高变现,平销,https://p16-she-va.ibyteimg.com/tos-alisg-i-f7lenjegsh-sg/8a01813f29fd48be98c46f8578fad104~tplv-g9dfdl17fc-origin-image.image,https://shop.tiktok.com/view/product/1729426340910894275?region=GB&locale=en,400.10,235.76,867.16,42,27,9.53,31.60,548,4.9,16.7%,0.0%,2.7%,6.0%,15.07,1.58,1/2件,/,女装标准码,否,是,是,丰富度P0｜增长｜10+销量｜高点击+高转化+高变现,Aeolus rid=6082893 / sid=3062689,2026-08-08 21:52
B级观察,US,1730887937315475776,S250223005227,岫岩满族自治县轩泽凯服装店（个体工商户）,Men's Bottoms,Men's Jeans,丰富度P0,增长,10+,高点击+高变现,平销,https://p16-she-va.ibyteimg.com/tos-alisg-i-f7lenjegsh-sg/44f59f11e131461696011e55c563282b~tplv-g9dfdl17fc-origin-image.image,https://shop.tiktok.com/view/product/1730887937315475776?region=US&locale=en,399.75,235.18,1969.76,19,11,21.04,32.59,43,4.5,50.0%,0.0%,13.1%,0.9%,24.89,1.18,1件,/,/,是,否,是,丰富度P0｜增长｜10+销量｜高点击+高变现,Aeolus rid=6082893 / sid=3062689,2026-08-08 21:52
B级观察,US,1732294541046813333,S260317062032,广州虎道服饰商贸有限公司,Men's Tops,T-shirts,丰富度P0,增长,10+,高点击+高变现,平销,https://p16-she-va.ibyteimg.com/tos-alisg-i-f7lenjegsh-sg/d140464211f141d4bbedef196b949b39~tplv-g9dfdl17fc-origin-image.image,https://shop.tiktok.com/view/product/1732294541046813333?region=US&locale=en,576.02,234.71,1895.88,34,8,16.94,32.49,39,4.1,0.0%,0.0%,3.7%,1.4%,8.83,0.52,/,/,/,否,否,否,丰富度P0｜增长｜10+销量｜高点击+高变现,Aeolus rid=6082893 / sid=3062689,2026-08-08 21:52
B级观察,MX,1733636424682669541,S251217092119,广州杰斯町服饰有限公司,Men's Tops,T-shirts,非P0补充,增长,10+,高点击+高变现,平销,https://p16-she-va.ibyteimg.com/tos-alisg-i-f7lenjegsh-sg/9388a0ef9a7d48bbbe71050fcf56dd90~tplv-g9dfdl17fc-origin-image.image,https://shop.tiktok.com/view/product/1733636424682669541?region=MX&locale=es,480.70,233.80,1321.92,47,29,10.23,25.91,711,4.7,0.0%,0.0%,6.3%,0.5%,3.48,0.33,1件,/,/,是,否,是,非P0补充｜增长｜10+销量｜高点击+高变现,Aeolus rid=6082893 / sid=3062689,2026-08-08 21:52
B级观察,US,1732482273073140468,S260709012452,广州韩忆服饰有限公司,Men's Bottoms,Men's Pants,丰富度P0,增长,10+,高点击+高变现,平销,https://p16-she-va.ibyteimg.com/tos-alisg-i-f7lenjegsh-sg/2128b8b564284ac2af108f88dce47bd1~tplv-g9dfdl17fc-origin-image.image,https://shop.tiktok.com/view/product/1732482273073140468?region=US&locale=en,260.34,233.65,309.37,16,15,16.27,35.29,7,4.4,0.0%,0.0%,4.1%,1.4%,9.67,0.59,1件,/,/,否,否,是,丰富度P0｜增长｜10+销量｜高点击+高变现,Aeolus rid=6082893 / sid=3062689,2026-08-08 21:52
B级观察,GB,1729421642783821574,S240627001374,广州梓康服饰有限公司,Men's Suits & Sets,Men's Clothing Sets,丰富度P0,增长,50+,高点击+高转化+高变现,爆品,https://p16-she-va.ibyteimg.com/tos-maliva-i-g9dfdl17fc-us/774092ed4c624869a337399b345c5584~tplv-g9dfdl17fc-origin-image.image,https://shop.tiktok.com/view/product/1729421642783821574?region=GB&locale=en,1092.33,233.20,4029.98,89,26,12.27,22.18,129,4.8,30.0%,0.0%,3.9%,5.5%,26.54,2.14,2 件套,/,女装标准码,否,否,是,丰富度P0｜增长｜50+销量｜高点击+高转化+高变现,Aeolus rid=6082893 / sid=3062689,2026-08-08 21:52
B级观察,US,1729619822517457086,S240821006204,杭州萧山储杰服装厂（个体工商户）,Men's Tops,Polo Shirts,丰富度P0,增长,10+,高点击+高转化+高变现,爆品,https://p16-she-va.ibyteimg.com/tos-maliva-i-g9dfdl17fc-us/a6e67c16a3134845a432c13a8812816e~tplv-g9dfdl17fc-origin-image.image,https://shop.tiktok.com/view/product/1729619822517457086?region=US&locale=en,563.71,231.56,2023.97,33,1,17.08,18.49,119,4.7,33.3%,0.0%,3.1%,4.6%,24.73,1.45,1件,/,女装标准码,否,否,是,丰富度P0｜增长｜10+销量｜高点击+高转化+高变现,Aeolus rid=6082893 / sid=3062689,2026-08-08 21:52
B级观察,GB,1729408477705637638,S240419006151,广州梓康服饰有限公司,Men's Suits & Sets,Men's Clothing Sets,丰富度P0,增长,50+,高点击+高转化+高变现,爆品,https://p16-she-va.ibyteimg.com/tos-alisg-i-f7lenjegsh-sg/cb9fdd82cd044883918793b799d43888~tplv-g9dfdl17fc-origin-image.image,https://shop.tiktok.com/view/product/1729408477705637638?region=GB&locale=en,926.28,230.96,3434.42,79,24,11.73,20.83,279,4.8,0.0%,0.0%,4.1%,8.6%,41.84,3.57,2件,/,女装标准码,否,否,是,丰富度P0｜增长｜50+销量｜高点击+高转化+高变现,Aeolus rid=6082893 / sid=3062689,2026-08-08 21:52
B级观察,US,1732382774675739285,S260502011114,广州虎道服饰商贸有限公司,Men's Tops,Vests,丰富度P0,增长,10+,高点击+高转化+高变现,滞销,https://p16-she-va.ibyteimg.com/tos-alisg-i-f7lenjegsh-sg/e7f37046d4644843b4d108877f9e5e6b~tplv-g9dfdl17fc-origin-image.image,https://shop.tiktok.com/view/product/1732382774675739285?region=US&locale=en,334.62,230.96,867.19,23,15,14.55,23.59,23,4.1,0.0%,0.0%,3.3%,6.6%,31.84,2.19,1件,/,/,否,否,是,丰富度P0｜增长｜10+销量｜高点击+高转化+高变现,Aeolus rid=6082893 / sid=3062689,2026-08-08 21:52
B级观察,IT,1729480204281420029,S250108005330,广州市番禺区鑫鸿婷服饰商行（个体工商户）,Men's Tops,Vests,丰富度P0,增长,50+,高转化+高变现,爆品,https://p16-she-va.ibyteimg.com/tos-alisg-i-f7lenjegsh-sg/b9340c702da846d3bd663f0e7a87e21e~tplv-g9dfdl17fc-origin-image.image,https://shop.tiktok.com/view/product/1729480204281420029?region=IT&locale=it,1149.17,230.52,3995.10,66,1,17.41,32.85,283,4.7,93.8%,0.0%,1.2%,3.2%,6.58,0.38,2件,/,/,是,否,是,丰富度P0｜增长｜50+销量｜高转化+高变现,Aeolus rid=6082893 / sid=3062689,2026-08-08 21:52
B级观察,GB,1729839116029303736,S260531010349,广州市增城坦爵服装商行,Men's Bottoms,Men's Shorts,丰富度P0,增长,10+,高点击+高转化+高变现,大爆,https://p16-she-va.ibyteimg.com/tos-alisg-i-f7lenjegsh-sg/0bf7dc2c24b745fcb1e22ea80fb4e2cd~tplv-g9dfdl17fc-origin-image.image,https://shop.tiktok.com/view/product/1729839116029303736?region=GB&locale=en,487.05,229.52,1258.26,21,9,23.19,32.00,30,4.4,0.0%,0.0%,2.7%,4.4%,27.44,1.18,1件,/,/,否,否,是,丰富度P0｜增长｜10+销量｜高点击+高转化+高变现,Aeolus rid=6082893 / sid=3062689,2026-08-08 21:52
B级观察,GB,1729803299749009488,S260417012234,广州卓迅服饰有限公司,Men's Bottoms,Men's Jeans,丰富度P0,增长,10+,高点击+高变现,滞销,https://p16-she-va.ibyteimg.com/tos-alisg-i-f7lenjegsh-sg/289b959e3583430683e9c9cfe8f999cf~tplv-g9dfdl17fc-origin-image.image,https://shop.tiktok.com/view/product/1729803299749009488?region=GB&locale=en,303.32,228.47,776.88,17,13,17.84,38.32,6727,4.4,100.0%,0.0%,4.7%,1.6%,14.61,0.77,1件,/,/,是,否,是,丰富度P0｜增长｜10+销量｜高点击+高变现,Aeolus rid=6082893 / sid=3062689,2026-08-08 21:52
B级观察,US,1732480346872910119,S260708023839,广州赢一科技有限公司,Men's Bottoms,Men's Jeans,丰富度P0,增长,10+,高点击+高转化+高变现,平销,https://p16-she-va.ibyteimg.com/tos-alisg-i-f7lenjegsh-sg/e2ca60dd962d4fe2a43ab4b13ce2c4bd~tplv-g9dfdl17fc-origin-image.image,https://shop.tiktok.com/view/product/1732480346872910119?region=US&locale=en,257.08,225.83,363.05,10,9,25.71,57.49,14,4.5,0.0%,0.0%,3.5%,3.3%,29.43,1.14,1件,/,/,是,否,是,丰富度P0｜增长｜10+销量｜高点击+高转化+高变现,Aeolus rid=6082893 / sid=3062689,2026-08-08 21:52
B级观察,GB,1729776555909749607,S260309081456,广州市黄埔区极砾时尚服装商行（个体工商户）,Men's Tops,T-shirts,非P0补充,增长,10+,高点击+高转化+高变现,滞销,https://p16-she-va.ibyteimg.com/tos-alisg-i-f7lenjegsh-sg/1daefb30331d44409838cedb716669ab~tplv-g9dfdl17fc-origin-image.image,https://shop.tiktok.com/view/product/1729776555909749607?region=GB&locale=en,245.31,225.76,356.71,12,11,20.44,24.87,6195,3.8,0.0%,0.0%,3.8%,2.4%,19.04,0.93,/,/,/,是,否,否,非P0补充｜增长｜10+销量｜高点击+高转化+高变现,Aeolus rid=6082893 / sid=3062689,2026-08-08 21:52
B级观察,US,1731749199642333492,S250910030975,石狮市杰建日用百货商行,Men's Bottoms,Men's Pants,丰富度P0,增长,10+,高转化+高变现,爆品,https://p16-she-va.ibyteimg.com/tos-alisg-i-f7lenjegsh-sg/d97a6eda33114106965f17111bae7dae~tplv-g9dfdl17fc-origin-image.image,https://shop.tiktok.com/view/product/1731749199642333492?region=US&locale=en,666.59,225.75,2158.92,39,9,17.09,22.99,3246,4.8,0.0%,0.0%,1.9%,6.8%,21.77,1.27,/,/,/,是,否,是,丰富度P0｜增长｜10+销量｜高转化+高变现,Aeolus rid=6082893 / sid=3062689,2026-08-08 21:52
B级观察,GB,1729731689917422008,S251218106044,广州市黄埔区线叙贸易商行（个体工商户）,Men's Tops,T-shirts,丰富度P0,增长,100+,高点击+高转化+高变现,爆品,https://p16-she-va.ibyteimg.com/tos-alisg-i-f7lenjegsh-sg/faebc5b5e83b41028749480884d0a4d8~tplv-g9dfdl17fc-origin-image.image,https://shop.tiktok.com/view/product/1729731689917422008?region=GB&locale=en,790.50,225.70,2710.77,108,39,7.32,11.82,423,4.4,42.9%,0.0%,2.5%,7.6%,13.75,1.88,/,/,/,是,否,是,丰富度P0｜增长｜100+销量｜高点击+高转化+高变现,Aeolus rid=6082893 / sid=3062689,2026-08-08 21:52
B级观察,MX,1733683069673113333,S251216179238,广信区句利服装销售经营部（个体工商户）,Men's Tops,Shirts,非P0补充,增长,100+,高点击+高变现,爆品,https://p16-she-va.ibyteimg.com/tos-alisg-i-f7lenjegsh-sg/c83fdadd56de4691b3f54f63ae450863~tplv-g9dfdl17fc-origin-image.image,https://shop.tiktok.com/view/product/1733683069673113333?region=MX&locale=es,1491.65,224.67,4984.59,139,22,10.73,17.89,203,4.3,62.5%,0.0%,4.1%,1.8%,8.27,0.75,/,/,/,否,否,否,非P0补充｜增长｜100+销量｜高点击+高变现,Aeolus rid=6082893 / sid=3062689,2026-08-08 21:52
B级观察,GB,1729830455333525756,S260517016234,宁波御力电子商务有限公司,Men's Tops,Hoodies & Sweatshirts,丰富度P0,增长,10+,高点击+高变现,滞销,https://p16-she-va.ibyteimg.com/tos-alisg-i-f7lenjegsh-sg/2d5a8f30e2a14f05b49056e99af1b1f0~tplv-g9dfdl17fc-origin-image.image,https://shop.tiktok.com/view/product/1729830455333525756?region=GB&locale=en,383.17,224.58,674.93,21,11,18.25,26.22,9433,4.6,83.3%,0.0%,2.9%,1.1%,5.84,0.32,1,/,/,是,否,是,丰富度P0｜增长｜10+销量｜高点击+高变现,Aeolus rid=6082893 / sid=3062689,2026-08-08 21:52
B级观察,US,1732153869299716976,S251216116358,广州市侃耶服装有限公司,Men's Bottoms,Men's Jeans,丰富度P0,增长,10+,高点击+高转化+高变现,平销,https://p16-she-va.ibyteimg.com/tos-alisg-i-f7lenjegsh-sg/8cb4baab12874c6f980eabdc7b060e61~tplv-g9dfdl17fc-origin-image.image,https://shop.tiktok.com/view/product/1732153869299716976?region=US&locale=en,726.43,223.45,3170.71,25,9,29.06,45.19,40,4.1,0.0%,0.0%,4.3%,2.5%,31.09,1.07,1件,/,/,否,否,是,丰富度P0｜增长｜10+销量｜高点击+高转化+高变现,Aeolus rid=6082893 / sid=3062689,2026-08-08 21:52
B级观察,MX,1731764260278077812,S240313006988,广州乐简服饰有限公司,Men's Tops,Shirts,丰富度P0,增长,50+,高点击+高转化+高变现,大爆,https://p16-she-va.ibyteimg.com/tos-alisg-i-f7lenjegsh-sg/fa6b09873a304f02b83feefa64af6ee8~tplv-g9dfdl17fc-origin-image.image,https://shop.tiktok.com/view/product/1731764260278077812?region=MX&locale=es,803.98,222.85,2191.31,92,30,8.74,20.04,263,4.6,60.0%,0.0%,4.1%,2.0%,7.46,0.84,1件,/,女装标准码,否,否,是,丰富度P0｜增长｜50+销量｜高点击+高转化+高变现,Aeolus rid=6082893 / sid=3062689,2026-08-08 21:52
B级观察,US,1732301015563277079,S260322001176,上饶市伊泽服饰有限公司,Men's Tops,T-shirts,丰富度P0,增长,破0件,高点击+高转化+高变现,滞销,https://p16-she-va.ibyteimg.com/tos-alisg-i-f7lenjegsh-sg/02f1fd36355b44ea952e2491aeeff5be~tplv-g9dfdl17fc-origin-image.image,https://shop.tiktok.com/view/product/1732301015563277079?region=US&locale=en,306.88,222.11,873.81,8,6,38.36,59.99,11,4.6,100.0%,0.0%,3.1%,2.2%,34.23,0.67,5件,/,/,否,否,是,丰富度P0｜增长｜破0件销量｜高点击+高转化+高变现,Aeolus rid=6082893 / sid=3062689,2026-08-08 21:52
B级观察,GB,1729619474631530961,S250826013726,广州市黄埔区营隆服装店（个体工商户）,Men's Suits & Sets,Men's Clothing Sets,丰富度P0,增长,破0件,高点击+高转化+高变现,滞销,https://p16-she-va.ibyteimg.com/tos-alisg-i-f7lenjegsh-sg/452fdb8c95f84b4ab7fc5f4edb50ee76~tplv-g9dfdl17fc-origin-image.image,https://shop.tiktok.com/view/product/1729619474631530961?region=GB&locale=en,251.48,219.35,423.28,8,7,31.44,51.50,2120,4.1,0.0%,0.0%,2.5%,5.1%,40.11,1.28,2件 4件,/,/,是,否,是,丰富度P0｜增长｜破0件销量｜高点击+高转化+高变现,Aeolus rid=6082893 / sid=3062689,2026-08-08 21:52
B级观察,GB,1729786044056377981,S260323015670,广州与杰服饰有限公司,Men's Bottoms,Men's Jeans,丰富度P0,增长,10+,高点击+高转化+高变现,爆品,https://p16-she-va.ibyteimg.com/tos-alisg-i-f7lenjegsh-sg/0c71f53fc5414a92be87686e7a11297a~tplv-g9dfdl17fc-origin-image.image,https://shop.tiktok.com/view/product/1729786044056377981?region=GB&locale=en,459.46,219.04,2065.78,23,11,19.98,22.18,74,4.4,80.0%,0.0%,4.8%,2.2%,21.23,1.06,1件,/,/,是,否,是,丰富度P0｜增长｜10+销量｜高点击+高转化+高变现,Aeolus rid=6082893 / sid=3062689,2026-08-08 21:52
B级观察,GB,1729824132042365709,S260507027892,赣州经济技术开发区皓美电子商务中心,Men's Bottoms,Men's Jeans,非P0补充,增长,10+,高点击+高转化+高变现,滞销,https://p16-she-va.ibyteimg.com/tos-alisg-i-f7lenjegsh-sg/73f1333a49774d6293d0c9e525571640~tplv-g9dfdl17fc-origin-image.image,https://shop.tiktok.com/view/product/1729824132042365709?region=GB&locale=en,218.55,218.55,265.23,10,10,21.85,34.96,24,4.4,0.0%,0.0%,3.8%,5.6%,115.70,2.12,1件,/,/,是,否,是,非P0补充｜增长｜10+销量｜高点击+高转化+高变现,Aeolus rid=6082893 / sid=3062689,2026-08-08 21:52
B级观察,DE,1729570949923838623,S250710005813,慈溪逸宁服装厂（个体工商户）,Men's Bottoms,Men's Pants,非P0补充,增长,10+,高点击+高转化+高变现,滞销,https://p16-she-va.ibyteimg.com/tos-alisg-i-f7lenjegsh-sg/1dfe2b179f69475fb9ef08afe8890ce9~tplv-g9dfdl17fc-origin-image.image,https://shop.tiktok.com/view/product/1729570949923838623?region=DE&locale=de,315.14,217.52,527.00,18,12,17.51,28.82,2322,3.9,100.0%,0.0%,2.4%,8.0%,33.56,1.92,1件,/,/,是,否,是,非P0补充｜增长｜10+销量｜高点击+高转化+高变现,Aeolus rid=6082893 / sid=3062689,2026-08-08 21:52
B级观察,US,1732090645692125952,S251124055245,石狮市毳毳服装厂（个体工商户）,Men's Bottoms,Men's Jeans,丰富度P0,增长,10+,高点击+高变现,平销,https://p16-she-va.ibyteimg.com/tos-alisg-i-f7lenjegsh-sg/77f627b98e75475082245e5683d83ae3~tplv-g9dfdl17fc-origin-image.image,https://shop.tiktok.com/view/product/1732090645692125952?region=US&locale=en,401.94,216.75,1374.39,18,11,22.33,36.79,1296,4.1,0.0%,0.0%,8.2%,1.4%,25.01,1.12,1件,/,/,是,否,是,丰富度P0｜增长｜10+销量｜高点击+高变现,Aeolus rid=6082893 / sid=3062689,2026-08-08 21:52
B级观察,US,1732483099247743452,S260709020559,深圳临犀贸易有限公司,Men's Bottoms,Men's Jeans,丰富度P0,增长,10+,高点击+高转化+高变现,平销,https://p16-she-va.ibyteimg.com/tos-alisg-i-f7lenjegsh-sg/55a8fbe11c764e3986280fd72090e055~tplv-g9dfdl17fc-origin-image.image,https://shop.tiktok.com/view/product/1732483099247743452?region=US&locale=en,305.61,216.43,734.65,14,10,21.83,40.79,5,4.6,0.0%,0.0%,3.6%,3.0%,23.90,1.10,1件,/,/,是,否,是,丰富度P0｜增长｜10+销量｜高点击+高转化+高变现,Aeolus rid=6082893 / sid=3062689,2026-08-08 21:52
B级观察,FR,1729740427121564632,S251230026061,汕头市阳衿贸易有限公司,Men's Tops,Shirts,丰富度P0,增长,10+,高变现,大爆,https://p16-she-va.ibyteimg.com/tos-alisg-i-f7lenjegsh-sg/5474c0777b0146b48a0a8c2bbb1d0159~tplv-g9dfdl17fc-origin-image.image,https://shop.tiktok.com/view/product/1729740427121564632?region=FR&locale=fr,1092.17,216.01,5537.26,31,6,35.23,58.80,2554,4.7,25.0%,0.0%,1.8%,1.3%,8.18,0.23,3件,/,/,是,否,否,丰富度P0｜增长｜10+销量｜高变现,Aeolus rid=6082893 / sid=3062689,2026-08-08 21:52
B级观察,DE,1729825762743261383,S260508022363,香港墨韻貿易有限公司,Men's Suits & Sets,Men's Clothing Sets,丰富度P0,增长,10+,高变现,滞销,https://p16-she-va.ibyteimg.com/tos-alisg-i-f7lenjegsh-sg/b57ffdc081204046824c8fe13744b219~tplv-g9dfdl17fc-origin-image.image,https://shop.tiktok.com/view/product/1729825762743261383?region=DE&locale=de,539.95,215.95,1591.52,19,7,28.42,44.38,207,4.5,0.0%,0.0%,1.5%,1.6%,7.02,0.25,2件套,/,/,否,否,否,丰富度P0｜增长｜10+销量｜高变现,Aeolus rid=6082893 / sid=3062689,2026-08-08 21:52
B级观察,US,1732308518964400919,S260324005223,上饶市伊泽服饰有限公司,Men's Tops,T-shirts,非P0补充,增长,50+,高点击+高转化+高变现,平销,https://p16-she-va.ibyteimg.com/tos-alisg-i-f7lenjegsh-sg/e980d2d363f24b6f97add49f23227f9f~tplv-g9dfdl17fc-origin-image.image,https://shop.tiktok.com/view/product/1732308518964400919?region=US&locale=en,1448.44,215.55,5220.43,58,9,24.97,38.99,55,4.6,100.0%,0.0%,2.5%,4.1%,26.14,1.03,3件,/,/,否,否,是,非P0补充｜增长｜50+销量｜高点击+高转化+高变现,Aeolus rid=6082893 / sid=3062689,2026-08-08 21:52
B级观察,US,1729577562827952807,S240731002720,石狮市谦莫服饰有限公司,Men's Tops,Hoodies & Sweatshirts,丰富度P0,增长,50+,高点击+高转化+高变现,平销,https://p16-she-va.ibyteimg.com/tos-alisg-i-f7lenjegsh-sg/73e3aea9a69a45da9cf29bd58fa9b7cc~tplv-g9dfdl17fc-origin-image.image,https://shop.tiktok.com/view/product/1729577562827952807?region=US&locale=en,817.47,215.36,2517.71,58,16,14.09,29.39,413,4.8,27.3%,0.0%,3.1%,2.6%,11.38,0.81,1件,/,女装标准码,是,否,是,丰富度P0｜增长｜50+销量｜高点击+高转化+高变现,Aeolus rid=6082893 / sid=3062689,2026-08-08 21:52
B级观察,DE,1729646845148240551,S250927025898,石狮市谦莫服饰有限公司,Men's Bottoms,Men's Shorts,非P0补充,增长,10+,高转化+高变现,爆品,https://p16-she-va.ibyteimg.com/tos-alisg-i-f7lenjegsh-sg/a3c18f880be24ccc931e85cbe246cb19~tplv-g9dfdl17fc-origin-image.image,https://shop.tiktok.com/view/product/1729646845148240551?region=DE&locale=de,505.21,210.87,2143.28,18,7,28.07,30.55,5539,4.3,0.0%,0.0%,1.6%,2.6%,12.85,0.41,1/2件,/,/,是,否,是,非P0补充｜增长｜10+销量｜高转化+高变现,Aeolus rid=6082893 / sid=3062689,2026-08-08 21:52
B级观察,US,1732300518347608323,S260321049235,义乌市营航贸易有限公司,Men's Tops,Vests,非P0补充,增长,10+,高转化+高变现,滞销,https://p16-she-va.ibyteimg.com/tos-alisg-i-f7lenjegsh-sg/1b9d9df00b5d43d0b48d0039d6e09d2b~tplv-g9dfdl17fc-origin-image.image,https://shop.tiktok.com/view/product/1732300518347608323?region=US&locale=en,279.60,210.78,469.72,28,21,9.99,16.89,233,4.6,100.0%,0.0%,1.1%,23.5%,26.21,2.62,1件,/,/,是,否,否,非P0补充｜增长｜10+销量｜高转化+高变现,Aeolus rid=6082893 / sid=3062689,2026-08-08 21:52
B级观察,US,1732328712168444417,S260409024614,宁波嘉祈电子商务有限公司,Men's Suits & Sets,Men's Clothing Sets,非P0补充,增长,10+,高点击+高转化+高变现,滞销,https://p16-she-va.ibyteimg.com/tos-alisg-i-f7lenjegsh-sg/3764e59062e04d2b9ae803c98adb4f70~tplv-g9dfdl17fc-origin-image.image,https://shop.tiktok.com/view/product/1732328712168444417?region=US&locale=en,273.00,210.61,611.21,10,8,27.30,47.59,5311,4.6,0.0%,0.0%,2.9%,6.8%,54.01,1.98,1套,/,/,是,否,否,非P0补充｜增长｜10+销量｜高点击+高转化+高变现,Aeolus rid=6082893 / sid=3062689,2026-08-08 21:52
B级观察,US,1730851882249588955,S250212006834,广州市侃耶服装有限公司,Men's Bottoms,Men's Jeans,丰富度P0,增长,10+,高点击+高转化+高变现,滞销,https://p16-she-va.ibyteimg.com/tos-alisg-i-f7lenjegsh-sg/f487a8626a98470688cd693590383760~tplv-g9dfdl17fc-origin-image.image,https://shop.tiktok.com/view/product/1730851882249588955?region=US&locale=en,395.73,210.46,912.78,15,7,26.38,35.29,14,3.9,0.0%,0.0%,3.2%,7.1%,60.34,2.29,1件,/,/,否,否,否,丰富度P0｜增长｜10+销量｜高点击+高转化+高变现,Aeolus rid=6082893 / sid=3062689,2026-08-08 21:52
B级观察,MX,1732877518773389276,S251017007343,庆元县天弘服装网店,Men's Bottoms,Men's Pants,丰富度P0,增长,50+,高点击+高转化+高变现,爆品,https://p16-she-va.ibyteimg.com/tos-alisg-i-f7lenjegsh-sg/d0521c6dafb143a08f97660673488c2c~tplv-g9dfdl17fc-origin-image.image,https://shop.tiktok.com/view/product/1732877518773389276?region=MX&locale=es,784.91,210.40,2613.89,69,22,11.38,21.70,102,4.9,100.0%,0.0%,3.5%,2.2%,9.30,0.78,1件,/,/,否,否,是,丰富度P0｜增长｜50+销量｜高点击+高转化+高变现,Aeolus rid=6082893 / sid=3062689,2026-08-08 21:52
B级观察,FR,1729797502434515230,S260413000800,阳江市阳东区云裳服装厂 (个体工商户),Men's Bottoms,Men's Pants,丰富度P0,增长,破0件,高点击+高转化+高变现,滞销,https://p16-she-va.ibyteimg.com/tos-alisg-i-f7lenjegsh-sg/635109707cfe4579ab005365af9a7402~tplv-g9dfdl17fc-origin-image.image,https://shop.tiktok.com/view/product/1729797502434515230?region=FR&locale=fr,273.25,208.46,481.02,9,7,30.36,43.23,348,4.2,100.0%,0.0%,2.9%,6.6%,57.90,1.91,/,/,/,是,否,是,丰富度P0｜增长｜破0件销量｜高点击+高转化+高变现,Aeolus rid=6082893 / sid=3062689,2026-08-08 21:52
B级观察,US,1732002815769874734,S251031016423,广州市荔湾区夏序商贸商行（个体工商户）,Men's Tops,Hoodies & Sweatshirts,丰富度P0,增长,10+,高点击+高转化+高变现,平销,https://p16-she-va.ibyteimg.com/tos-alisg-i-f7lenjegsh-sg/0b33ea3887b74f45b4b0c363c5313a00~tplv-g9dfdl17fc-origin-image.image,https://shop.tiktok.com/view/product/1732002815769874734?region=US&locale=en,421.80,208.24,804.37,29,15,14.54,27.79,1122,3.8,0.0%,0.0%,2.5%,2.4%,8.60,0.59,1件,/,/,是,否,否,丰富度P0｜增长｜10+销量｜高点击+高转化+高变现,Aeolus rid=6082893 / sid=3062689,2026-08-08 21:52
B级观察,GB,1729634047045310741,S250903026653,义乌市盛点服装厂,Men's Tops,Shirts,丰富度P0,增长,10+,高点击+高转化+高变现,平销,https://p16-she-va.ibyteimg.com/tos-alisg-i-f7lenjegsh-sg/17495550f03d43548c66df20cdee8351~tplv-g9dfdl17fc-origin-image.image,https://shop.tiktok.com/view/product/1729634047045310741?region=GB&locale=en,366.91,207.91,995.33,27,15,13.59,20.16,16,4.1,77.8%,0.0%,3.7%,5.8%,30.35,2.15,1件,/,/,否,否,是,丰富度P0｜增长｜10+销量｜高点击+高转化+高变现,Aeolus rid=6082893 / sid=3062689,2026-08-08 21:52
B级观察,GB,1729875489022646748,S260717019420,深圳临犀贸易有限公司,Men's Bottoms,Men's Shorts,丰富度P0,增长,10+,高点击+高转化+高变现,平销,https://p16-she-va.ibyteimg.com/tos-alisg-i-f7lenjegsh-sg/7d1d2be5084f48d0805936faa3c6002e~tplv-g9dfdl17fc-origin-image.image,https://shop.tiktok.com/view/product/1729875489022646748?region=GB&locale=en,207.71,207.71,207.71,13,13,15.98,36.30,6,4.4,0.0%,0.0%,4.2%,108.3%,721.20,45.14,1件,/,/,否,否,否,丰富度P0｜增长｜10+销量｜高点击+高转化+高变现,Aeolus rid=6082893 / sid=3062689,2026-08-08 21:52
B级观察,US,1732319302143021620,S260404028523,广州市黄埔区睿橙电子商务商行（个体工商户）,Men's Suits & Sets,Men's Clothing Sets,非P0补充,增长,10+,高变现,滞销,https://p16-she-va.ibyteimg.com/tos-alisg-i-f7lenjegsh-sg/f2881081bbfe46358ef20820c7eb99d4~tplv-g9dfdl17fc-origin-image.image,https://shop.tiktok.com/view/product/1732319302143021620?region=US&locale=en,470.69,205.36,1303.98,12,4,39.22,49.49,2267,3.8,0.0%,0.0%,1.5%,1.7%,9.96,0.25,2件,/,/,是,否,是,非P0补充｜增长｜10+销量｜高变现,Aeolus rid=6082893 / sid=3062689,2026-08-08 21:52
B级观察,FR,1729502933887916573,S241229004152,庆元县天弘服装网店,Men's Suits & Sets,Men's Clothing Sets,丰富度P0,增长,10+,高点击+高变现,爆品,https://p16-she-va.ibyteimg.com/tos-alisg-i-f7lenjegsh-sg/a0b1834193f24aecbb756a1d94febe59~tplv-g9dfdl17fc-origin-image.image,https://shop.tiktok.com/view/product/1729502933887916573?region=FR&locale=fr,1227.66,204.83,6406.71,46,9,26.69,50.72,779,4.0,50.0%,0.0%,2.4%,1.0%,6.55,0.25,2件套,/,/,否,否,是,丰富度P0｜增长｜10+销量｜高点击+高变现,Aeolus rid=6082893 / sid=3062689,2026-08-08 21:52
B级观察,US,1732464935701025063,S260629033083,广州赢一科技有限公司,Men's Bottoms,Men's Jeans,丰富度P0,增长,10+,高点击+高变现,滞销,https://p16-she-va.ibyteimg.com/tos-alisg-i-f7lenjegsh-sg/e52dbbbae7bc463d81b98fe377588757~tplv-g9dfdl17fc-origin-image.image,https://shop.tiktok.com/view/product/1732464935701025063?region=US&locale=en,525.87,204.75,1159.26,18,8,29.21,52.69,26,4.5,0.0%,0.0%,4.7%,1.7%,23.02,0.79,1件,/,/,是,否,是,丰富度P0｜增长｜10+销量｜高点击+高变现,Aeolus rid=6082893 / sid=3062689,2026-08-08 21:52
B级观察,ES,1729494709949864152,S231221001368,中山市圆素文化创意有限公司,Men's Suits & Sets,Men's Clothing Sets,丰富度P0,增长,10+,高点击+高变现,大爆,https://p16-she-va.ibyteimg.com/tos-alisg-i-f7lenjegsh-sg/93abee40457843059baa79f52f3a3d90~tplv-g9dfdl17fc-origin-image.image,https://shop.tiktok.com/view/product/1729494709949864152?region=ES&locale=es,762.74,204.05,3558.36,32,9,23.84,41.50,487,4.7,0.0%,0.0%,2.2%,1.1%,6.37,0.25,2件,/,女装标准码,否,否,是,丰富度P0｜增长｜10+销量｜高点击+高变现,Aeolus rid=6082893 / sid=3062689,2026-08-08 21:52
B级观察,US,1729506343338480697,S260311013774,长沙博临汇创商贸有限公司,Men's Tops,T-shirts,丰富度P0,增长,10+,高转化+高变现,平销,https://p16-she-va.ibyteimg.com/tos-alisg-i-f7lenjegsh-sg/55fcd852309b428eb329a2b09cfa5d98~tplv-g9dfdl17fc-origin-image.image,https://shop.tiktok.com/view/product/1729506343338480697?region=US&locale=en,455.52,203.34,845.94,38,18,11.99,16.59,70,4.6,50.0%,0.0%,1.7%,5.1%,10.36,0.86,/,/,/,是,否,是,丰富度P0｜增长｜10+销量｜高转化+高变现,Aeolus rid=6082893 / sid=3062689,2026-08-08 21:52
B级观察,US,1732497582498091952,S260717018636,广州市黄埔区袁清服饰商行（个体工商户）,Men's Tops,Hoodies & Sweatshirts,丰富度P0,增长,10+,高点击+高转化+高变现,平销,https://p16-she-va.ibyteimg.com/tos-alisg-i-f7lenjegsh-sg/259b27c523dc4d6bbf91888a6db50061~tplv-g9dfdl17fc-origin-image.image,https://shop.tiktok.com/view/product/1732497582498091952?region=US&locale=en,265.02,202.20,327.84,10,7,26.50,38.19,1862,4.2,0.0%,0.0%,5.5%,2.7%,39.41,1.49,1件,/,/,是,否,是,丰富度P0｜增长｜10+销量｜高点击+高转化+高变现,Aeolus rid=6082893 / sid=3062689,2026-08-08 21:52
B级观察,GB,1729622046603647221,S250825029939,广州市海珠区诚远纺织商行,Men's Suits & Sets,Men's Clothing Sets,丰富度P0,增长,10+,高转化+高变现,滞销,https://p16-she-va.ibyteimg.com/tos-alisg-i-f7lenjegsh-sg/0ab831795fb04d1589016a4bb15b8d56~tplv-g9dfdl17fc-origin-image.image,https://shop.tiktok.com/view/product/1729622046603647221?region=GB&locale=en,434.26,202.09,1429.70,20,6,21.71,41.68,6,4.7,0.0%,0.0%,1.9%,2.4%,10.08,0.46,1套,/,/,否,否,是,丰富度P0｜增长｜10+销量｜高转化+高变现,Aeolus rid=6082893 / sid=3062689,2026-08-08 21:52
B级观察,GB,1729826597065693666,S260509023800,石狮市雅涵荷英贸易有限公司,Men's Bottoms,Men's Shorts,丰富度P0,增长,10+,高点击+高变现,大爆,https://p16-she-va.ibyteimg.com/tos-alisg-i-f7lenjegsh-sg/b1f263f0ac754e31a490f71956f87584~tplv-g9dfdl17fc-origin-image.image,https://shop.tiktok.com/view/product/1729826597065693666?region=GB&locale=en,437.75,201.82,1018.38,25,9,17.51,18.55,374,4.5,100.0%,0.0%,7.0%,0.3%,3.34,0.19,1件,/,/,是,否,是,丰富度P0｜增长｜10+销量｜高点击+高变现,Aeolus rid=6082893 / sid=3062689,2026-08-08 21:52
B级观察,US,1732453111338144349,S260622003796,广州市越秀区咖露兹奴服饰店,Men's Suits & Sets,Men's Suits,非P0补充,增长,破0件,高点击+高转化+高变现,滞销,https://p16-she-va.ibyteimg.com/tos-alisg-i-f7lenjegsh-sg/d350b72867a046fdad47dddcd7f78883~tplv-g9dfdl17fc-origin-image.image,https://shop.tiktok.com/view/product/1732453111338144349?region=US&locale=en,296.39,201.41,556.83,3,2,98.80,170.39,16,4.5,0.0%,0.0%,3.0%,3.7%,109.86,1.11,三件套,/,/,否,否,是,非P0补充｜增长｜破0件销量｜高点击+高转化+高变现,Aeolus rid=6082893 / sid=3062689,2026-08-08 21:52
B级观察,US,1732136145170568065,S251211144792,晋江市新塘骏腾服装店,Men's Tops,Jackets & Coats,丰富度P0,增长,10+,高点击+高转化+高变现,滞销,https://p16-she-va.ibyteimg.com/tos-alisg-i-f7lenjegsh-sg/860cc2a40233197e0b2aa05b31ebd947~tplv-g9dfdl17fc-origin-image.image,https://shop.tiktok.com/view/product/1732136145170568065?region=US&locale=en,236.96,200.41,532.62,10,6,23.70,44.49,2470,3.9,0.0%,0.0%,2.4%,3.7%,20.52,0.87,/,/,/,是,否,是,丰富度P0｜增长｜10+销量｜高点击+高转化+高变现,Aeolus rid=6082893 / sid=3062689,2026-08-08 21:52
B级观察,GB,1729437983804001479,S241119006959,香港墨韻貿易有限公司,Men's Tops,Polo Shirts,丰富度P0,增长,10+,高点击+高转化+高变现,平销,https://p16-she-va.ibyteimg.com/tos-alisg-i-f7lenjegsh-sg/ae3c36a4dfc245c2ad4239812f2b8823~tplv-g9dfdl17fc-origin-image.image,https://shop.tiktok.com/view/product/1729437983804001479?region=GB&locale=en,226.26,200.32,346.18,16,14,14.14,18.14,45,3.8,0.0%,0.0%,3.5%,5.5%,29.21,1.94,1件,/,/,否,否,是,丰富度P0｜增长｜10+销量｜高点击+高转化+高变现,Aeolus rid=6082893 / sid=3062689,2026-08-08 21:52
B级观察,GB,1729635741898348797,S250915018651,广州市番禺区鑫鸿婷服饰商行（个体工商户）,Men's Tops,Vests,非P0补充,增长,10+,高点击+高转化+高变现,滞销,https://p16-she-va.ibyteimg.com/tos-alisg-i-f7lenjegsh-sg/18976620346547518a24e07dfe7f2473~tplv-g9dfdl17fc-origin-image.image,https://shop.tiktok.com/view/product/1729635741898348797?region=GB&locale=en,236.82,199.83,481.89,11,9,21.53,24.87,2450,4.7,80.0%,0.0%,2.8%,7.0%,41.43,1.92,1件,/,/,是,否,是,非P0补充｜增长｜10+销量｜高点击+高转化+高变现,Aeolus rid=6082893 / sid=3062689,2026-08-08 21:52
B级观察,US,1732468165191241958,S260701010509,广州市黄埔区桦楠服饰商行（个体工商户）,Men's Bottoms,Men's Pants,丰富度P0,增长,10+,高点击+高变现,滞销,https://p16-she-va.ibyteimg.com/tos-alisg-i-f7lenjegsh-sg/dfef3d72e2be4cf9962c0894c898c0e7~tplv-g9dfdl17fc-origin-image.image,https://shop.tiktok.com/view/product/1732468165191241958?region=US&locale=en,369.79,198.57,644.59,14,5,26.41,41.19,11307,4.6,0.0%,0.0%,2.0%,1.8%,9.55,0.36,1件,/,/,是,否,否,丰富度P0｜增长｜10+销量｜高点击+高变现,Aeolus rid=6082893 / sid=3062689,2026-08-08 21:52
B级观察,GB,1729880089273014779,S260724018392,慈溪烨沁服装厂（个体工商户）,Men's Bottoms,Men's Pants,丰富度P0,增长,10+,高点击+高转化+高变现,平销,https://p16-she-va.ibyteimg.com/tos-alisg-i-f7lenjegsh-sg/7b8f0459e6e64e31a9b7b86711f515db~tplv-g9dfdl17fc-origin-image.image,https://shop.tiktok.com/view/product/1729880089273014779?region=GB&locale=en,198.46,198.46,198.46,11,11,18.04,30.92,253,3.9,0.0%,0.0%,2.7%,5.5%,33.00,1.50,/,/,/,是,否,是,丰富度P0｜增长｜10+销量｜高点击+高转化+高变现,Aeolus rid=6082893 / sid=3062689,2026-08-08 21:52
B级观察,US,1729485589685311232,S260131039226,石狮市毳毳服装厂（个体工商户）,Men's Bottoms,Men's Shorts,非P0补充,增长,10+,高点击+高转化+高变现,滞销,https://p16-she-va.ibyteimg.com/tos-alisg-i-f7lenjegsh-sg/c89acf57f2c545538d378a3928e322c2~tplv-g9dfdl17fc-origin-image.image,https://shop.tiktok.com/view/product/1729485589685311232?region=US&locale=en,298.83,197.10,518.62,21,15,14.23,27.69,716,4.1,0.0%,0.0%,4.5%,4.5%,28.59,2.01,1件,/,/,是,否,否,非P0补充｜增长｜10+销量｜高点击+高转化+高变现,Aeolus rid=6082893 / sid=3062689,2026-08-08 21:52
B级观察,US,1732400423344640463,S260516004515,义乌市峙山电子商务有限公司,Men's Tops,Vests,丰富度P0,增长,10+,高点击+高转化+高变现,滞销,https://p16-she-va.ibyteimg.com/tos-alisg-i-f7lenjegsh-sg/749ba764e31640cfa2ef3876530b2873~tplv-g9dfdl17fc-origin-image.image,https://shop.tiktok.com/view/product/1732400423344640463?region=US&locale=en,457.56,196.87,956.47,27,10,16.95,32.89,12,4.6,28.6%,0.0%,3.2%,5.3%,30.22,1.72,5件,/,/,否,否,是,丰富度P0｜增长｜10+销量｜高点击+高转化+高变现,Aeolus rid=6082893 / sid=3062689,2026-08-08 21:52
B级观察,US,1732319369463370381,S260404035360,广州市黄埔区素记电子商务商行（个体工商户）,Men's Tops,T-shirts,丰富度P0,增长,50+,高转化+高变现,平销,https://p16-she-va.ibyteimg.com/tos-alisg-i-f7lenjegsh-sg/7c45426d152648019eac615adc3861ec~tplv-g9dfdl17fc-origin-image.image,https://shop.tiktok.com/view/product/1732319369463370381?region=US&locale=en,1168.12,196.79,4697.83,65,12,17.97,25.79,5715,4.6,0.0%,0.0%,1.8%,8.7%,28.84,1.58,/,/,/,是,否,否,丰富度P0｜增长｜50+销量｜高转化+高变现,Aeolus rid=6082893 / sid=3062689,2026-08-08 21:52
B级观察,JP,1731585358519567885,S250325021992,石狮韵茵服装有限公司,Men's Bottoms,Men's Shorts,丰富度P0,增长,10+,高点击,爆品,https://p16-she-va.ibyteimg.com/tos-alisg-i-f7lenjegsh-sg/3cca14bc38354a10bb5b321ceea33f35~tplv-g9dfdl17fc-origin-image.image,https://shop.tiktok.com/view/product/1731585358519567885?region=JP&locale=ja,230.15,196.59,665.39,18,15,12.79,15.82,363,4.4,100.0%,0.0%,2.9%,0.2%,0.84,0.06,5/3/1,/,/,否,否,是,丰富度P0｜增长｜10+销量｜高点击,Aeolus rid=6082893 / sid=3062689,2026-08-08 21:52
B级观察,US,1732483451209683719,S260709010252,广州市天河区潮往男装服装店（个体工商户）,Men's Bottoms,Men's Jeans,丰富度P0,增长,10+,高点击+高转化+高变现,平销,https://p16-she-va.ibyteimg.com/tos-alisg-i-f7lenjegsh-sg/7cf4d064d1a8442197fd033e94558ee6~tplv-g9dfdl17fc-origin-image.image,https://shop.tiktok.com/view/product/1732483451209683719?region=US&locale=en,256.73,195.92,351.46,13,11,19.75,39.09,654,4.1,0.0%,0.0%,3.6%,3.9%,28.09,1.42,1件,/,/,是,否,是,丰富度P0｜增长｜10+销量｜高点击+高转化+高变现,Aeolus rid=6082893 / sid=3062689,2026-08-08 21:52
B级观察,GB,1729804154150230388,S260420021139,广州乐简服饰有限公司,Men's Suits & Sets,Men's Clothing Sets,非P0补充,增长,10+,高转化+高变现,滞销,https://p16-she-va.ibyteimg.com/tos-alisg-i-f7lenjegsh-sg/4d6a2113f4b449a7b61316528c009e6e~tplv-g9dfdl17fc-origin-image.image,https://shop.tiktok.com/view/product/1729804154150230388?region=GB&locale=en,506.91,194.59,1197.01,27,9,18.77,27.56,61,4.9,77.8%,0.0%,1.1%,4.0%,8.19,0.44,2件,/,/,是,否,是,非P0补充｜增长｜10+销量｜高转化+高变现,Aeolus rid=6082893 / sid=3062689,2026-08-08 21:52
B级观察,US,1729487129950721020,S240510005500,广州酷维服装有限公司,Men's Bottoms,Men's Pants,丰富度P0,增长,10+,高点击+高转化+高变现,滞销,https://p16-she-va.ibyteimg.com/tos-alisg-i-f7lenjegsh-sg/776026db558541c08a41151ed727d703~tplv-g9dfdl17fc-origin-image.image,https://shop.tiktok.com/view/product/1729487129950721020?region=US&locale=en,467.22,194.02,1343.26,21,7,22.25,26.79,38,4.5,40.0%,0.0%,3.3%,3.3%,23.95,1.08,1件,/,女装标准码,否,否,是,丰富度P0｜增长｜10+销量｜高点击+高转化+高变现,Aeolus rid=6082893 / sid=3062689,2026-08-08 21:52
B级观察,DE,1729654791853807653,S251007015180,石狮市衣品官人贸易有限公司,Men's Suits & Sets,Men's Clothing Sets,丰富度P0,增长,破0件,高点击+高变现,爆品,https://p16-she-va.ibyteimg.com/tos-maliva-i-g9dfdl17fc-us/f9bec6c265c148f8826c81d0dc72c973~tplv-g9dfdl17fc-origin-image.image,https://shop.tiktok.com/view/product/1729654791853807653?region=DE&locale=de,193.61,193.61,306.48,4,4,48.40,57.07,111,4.3,100.0%,0.0%,2.2%,1.9%,20.32,0.42,2件套,/,/,否,否,是,丰富度P0｜增长｜破0件销量｜高点击+高变现,Aeolus rid=6082893 / sid=3062689,2026-08-08 21:52
B级观察,MX,1733290273490895893,S250820012841,广州中纤纺织品有限公司,Men's Tops,Polo Shirts,非P0补充,增长,10+,高转化+高变现,滞销,https://p16-she-va.ibyteimg.com/tos-alisg-i-f7lenjegsh-sg/678e0c28a05b49abb0ecd32f1c2ef632~tplv-g9dfdl17fc-origin-image.image,https://shop.tiktok.com/view/product/1733290273490895893?region=MX&locale=es,225.75,192.82,553.29,14,12,16.13,17.96,102,4.7,100.0%,0.0%,1.7%,2.5%,11.98,0.42,1件,/,/,是,否,是,非P0补充｜增长｜10+销量｜高转化+高变现,Aeolus rid=6082893 / sid=3062689,2026-08-08 21:52
B级观察,DE,1729599592660179143,S250730013532,香港墨韻貿易有限公司,Men's Suits & Sets,Men's Clothing Sets,丰富度P0,增长,50+,高点击+高变现,爆品,https://p16-she-va.ibyteimg.com/tos-alisg-i-f7lenjegsh-sg/238a35892017482f8de3f8553d065c2e~tplv-g9dfdl17fc-origin-image.image,https://shop.tiktok.com/view/product/1729599592660179143?region=DE&locale=de,2445.58,192.29,7737.73,81,2,30.19,44.38,172,4.5,85.7%,0.0%,2.5%,0.7%,5.17,0.17,2件套,/,/,否,否,是,丰富度P0｜增长｜50+销量｜高点击+高变现,Aeolus rid=6082893 / sid=3062689,2026-08-08 21:52
B级观察,MX,1736128276651279711,S260617018498,石狮市盛蓝绅尚贸易有限公司,Men's Bottoms,Men's Pants,丰富度P0,增长,10+,高点击+高转化+高变现,滞销,https://p16-she-va.ibyteimg.com/tos-alisg-i-f7lenjegsh-sg/c744b9f78bce4759b3fda0f75d9e3606~tplv-g9dfdl17fc-origin-image.image,https://shop.tiktok.com/view/product/1736128276651279711?region=MX&locale=es,192.05,192.05,342.64,13,13,14.77,24.93,919,4.7,0.0%,0.0%,6.8%,3.2%,32.70,2.21,3/2/1pcs,/,/,是,否,是,丰富度P0｜增长｜10+销量｜高点击+高转化+高变现,Aeolus rid=6082893 / sid=3062689,2026-08-08 21:52
B级观察,US,1732470796002825039,S260702030640,广州市天河区舒珩服饰贸易商行（个体工商户）,Men's Tops,Hoodies & Sweatshirts,丰富度P0,增长,10+,高点击+高转化+高变现,滞销,https://p16-she-va.ibyteimg.com/tos-alisg-i-f7lenjegsh-sg/1c814453f88b4b0f8b5f483f72b2b018~tplv-g9dfdl17fc-origin-image.image,https://shop.tiktok.com/view/product/1732470796002825039?region=US&locale=en,370.17,192.00,852.88,21,12,17.63,29.19,2299,4.5,0.0%,0.0%,4.3%,3.1%,22.94,1.30,1件,/,/,是,否,是,丰富度P0｜增长｜10+销量｜高点击+高转化+高变现,Aeolus rid=6082893 / sid=3062689,2026-08-08 21:52
B级观察,US,1729474807674279528,S260126052349,广州市黄埔区海聚百货商行（个体工商户）,Men's Tops,T-shirts,非P0补充,增长,10+,高点击+高转化+高变现,滞销,https://p16-she-va.ibyteimg.com/tos-alisg-i-f7lenjegsh-sg/ccc1d9b4227344feb1ba61effb246cbb~tplv-g9dfdl17fc-origin-image.image,https://shop.tiktok.com/view/product/1729474807674279528?region=US&locale=en,447.87,191.63,1042.81,27,12,16.59,20.89,174,4.1,0.0%,0.0%,2.8%,3.0%,15.55,0.83,/,/,/,是,否,是,非P0补充｜增长｜10+销量｜高点击+高转化+高变现,Aeolus rid=6082893 / sid=3062689,2026-08-08 21:52
B级观察,US,1732168681542095691,S251223063220,佛山市芬芬盈亿服饰有限公司,Men's Tops,Knitwear,丰富度P0,增长,10+,高点击+高变现,滞销,https://p16-she-va.ibyteimg.com/tos-alisg-i-f7lenjegsh-sg/3e0739f2eacc4baa87890c0c7bfcbace~tplv-g9dfdl17fc-origin-image.image,https://shop.tiktok.com/view/product/1732168681542095691?region=US&locale=en,571.14,191.39,1826.04,22,7,25.96,35.39,29,5.0,50.0%,0.0%,5.6%,1.3%,19.15,0.74,1件,/,/,否,否,否,丰富度P0｜增长｜10+销量｜高点击+高变现,Aeolus rid=6082893 / sid=3062689,2026-08-08 21:52
B级观察,MX,1732385762981545420,S250820030842,广州市黄埔区亿臻服饰商行,Men's Bottoms,Men's Pants,丰富度P0,增长,10+,高点击+高转化+高变现,平销,https://p16-she-va.ibyteimg.com/tos-alisg-i-f7lenjegsh-sg/d57d8cfd183344a6a60574f40ca9f533~tplv-g9dfdl17fc-origin-image.image,https://shop.tiktok.com/view/product/1732385762981545420?region=MX&locale=es,549.75,191.38,1781.98,46,16,11.95,27.21,184,4.7,33.3%,0.0%,3.2%,2.2%,8.77,0.72,1件,/,/,否,否,是,丰富度P0｜增长｜10+销量｜高点击+高转化+高变现,Aeolus rid=6082893 / sid=3062689,2026-08-08 21:52
B级观察,DE,1729831089345370575,S260518008536,义乌市峙山电子商务有限公司,Men's Tops,T-shirts,丰富度P0,增长,10+,高点击+高变现,爆品,https://p16-she-va.ibyteimg.com/tos-alisg-i-f7lenjegsh-sg/a9b62fb7c6df455987d25982f1faa317~tplv-g9dfdl17fc-origin-image.image,https://shop.tiktok.com/view/product/1729831089345370575?region=DE&locale=de,510.63,191.18,2245.82,19,7,26.88,36.89,139,4.3,50.0%,0.0%,2.2%,1.8%,10.82,0.38,/,/,/,否,否,是,丰富度P0｜增长｜10+销量｜高点击+高变现,Aeolus rid=6082893 / sid=3062689,2026-08-08 21:52
B级观察,US,1732485988230402285,S260711025155,广州市伍家坡服装有限公司,Men's Bottoms,Men's Shorts,丰富度P0,增长,10+,高点击+高转化+高变现,平销,https://p16-she-va.ibyteimg.com/tos-alisg-i-f7lenjegsh-sg/b8fd4dd00f31483dbf9d3fb4559795d5~tplv-g9dfdl17fc-origin-image.image,https://shop.tiktok.com/view/product/1732485988230402285?region=US&locale=en,357.78,190.69,579.24,16,6,22.36,32.59,346,4.5,0.0%,0.0%,3.8%,7.0%,59.33,2.65,1件,/,/,是,否,是,丰富度P0｜增长｜10+销量｜高点击+高转化+高变现,Aeolus rid=6082893 / sid=3062689,2026-08-08 21:52
B级观察,US,1729485943168603989,S260131055338,苏州宇煌霓裳贸易有限公司,Men's Bottoms,Men's Pants,非P0补充,增长,破0件,高点击+高转化+高变现,滞销,https://p16-she-va.ibyteimg.com/tos-alisg-i-f7lenjegsh-sg/fcfec05ba3844250b7c9196851de94ab~tplv-g9dfdl17fc-origin-image.image,https://shop.tiktok.com/view/product/1729485943168603989?region=US&locale=en,254.14,190.58,902.85,8,6,31.77,58.49,174761,3.8,50.0%,0.0%,2.8%,2.4%,21.28,0.67,2件,/,/,是,否,是,非P0补充｜增长｜破0件销量｜高点击+高转化+高变现,Aeolus rid=6082893 / sid=3062689,2026-08-08 21:52
B级观察,US,1731513757083341797,S250719012523,石狮市泽野服装商行（个体工商户）,Men's Tops,Polo Shirts,非P0补充,增长,100+,高点击+高转化+高变现,爆品,https://p16-she-va.ibyteimg.com/tos-alisg-i-f7lenjegsh-sg/c05377ceb9dc4b8bad01b7232a936ab0~tplv-g9dfdl17fc-origin-image.image,https://shop.tiktok.com/view/product/1731513757083341797?region=US&locale=en,2075.71,190.55,6452.69,124,2,16.74,30.49,248,4.7,30.0%,0.0%,3.4%,2.2%,12.47,0.75,1件,/,/,否,否,否,非P0补充｜增长｜100+销量｜高点击+高转化+高变现,Aeolus rid=6082893 / sid=3062689,2026-08-08 21:52
B级观察,GB,1729878371895974325,S260713037044,乐清市麦籽电子商务商行,Men's Tops,Shirts,丰富度P0,增长,10+,高点击+高转化+高变现,平销,https://p16-she-va.ibyteimg.com/tos-alisg-i-f7lenjegsh-sg/ac089dfeff5d475daf6948cbe1e5b256~tplv-g9dfdl17fc-origin-image.image,https://shop.tiktok.com/view/product/1729878371895974325?region=GB&locale=en,224.96,190.12,259.80,16,14,14.06,20.57,486,4.6,0.0%,0.0%,3.9%,14.7%,81.10,5.77,1件,/,/,是,否,是,丰富度P0｜增长｜10+销量｜高点击+高转化+高变现,Aeolus rid=6082893 / sid=3062689,2026-08-08 21:52
B级观察,US,1732383405555028352,S260503013828,广州市黄埔区海织电子商务商行（个体工商户）,Men's Tops,Polo Shirts,丰富度P0,增长,100+,高点击+高转化+高变现,爆品,https://p16-she-va.ibyteimg.com/tos-alisg-i-f7lenjegsh-sg/3d3e7418a54c4f6186fdc8c01455df1c~tplv-g9dfdl17fc-origin-image.image,https://shop.tiktok.com/view/product/1732383405555028352?region=US&locale=en,2087.07,189.95,8243.33,140,18,14.91,25.49,371,4.5,45.5%,0.0%,2.1%,3.0%,9.45,0.63,1件,/,/,是,否,否,丰富度P0｜增长｜100+销量｜高点击+高转化+高变现,Aeolus rid=6082893 / sid=3062689,2026-08-08 21:52
B级观察,FR,1729847700531812706,S260609032314,广州市黄埔区施伦商贸店（个体工商户）,Men's Suits & Sets,Men's Clothing Sets,丰富度P0,增长,10+,高转化+高变现,爆品,https://p16-she-va.ibyteimg.com/tos-alisg-i-f7lenjegsh-sg/55b33419a36247d7af831b6209d5b3c5~tplv-g9dfdl17fc-origin-image.image,https://shop.tiktok.com/view/product/1729847700531812706?region=FR&locale=fr,1134.55,188.92,4190.13,42,8,27.01,41.50,6652,4.8,75.0%,0.0%,0.6%,3.7%,6.39,0.24,2件套,/,/,是,否,否,丰富度P0｜增长｜10+销量｜高转化+高变现,Aeolus rid=6082893 / sid=3062689,2026-08-08 21:52
B级观察,US,1729495988252939925,S260304054579,广州虎道服饰商贸有限公司,Men's Tops,T-shirts,非P0补充,增长,10+,高点击+高转化+高变现,滞销,https://p16-she-va.ibyteimg.com/tos-alisg-i-f7lenjegsh-sg/f11b1599ba484ed1991a8f1abf72ea73~tplv-g9dfdl17fc-origin-image.image,https://shop.tiktok.com/view/product/1729495988252939925?region=US&locale=en,284.34,188.75,730.04,19,10,14.97,19.59,13,4.1,0.0%,0.0%,4.5%,2.4%,16.12,1.08,/,/,/,否,否,是,非P0补充｜增长｜10+销量｜高点击+高转化+高变现,Aeolus rid=6082893 / sid=3062689,2026-08-08 21:52
B级观察,DE,1729555872280123954,S250618000964,佛山市罗菲迪服饰有限公司,Men's Suits & Sets,Men's Clothing Sets,丰富度P0,增长,破0件,高点击+高转化+高变现,平销,https://p16-she-va.ibyteimg.com/tos-alisg-i-f7lenjegsh-sg/70dc5af2937c478f8d681d692da14e72~tplv-g9dfdl17fc-origin-image.image,https://shop.tiktok.com/view/product/1729555872280123954?region=DE&locale=de,235.07,187.40,1201.65,8,6,29.38,41.50,560,3.9,0.0%,0.0%,3.0%,2.4%,21.14,0.72,2件套,/,/,是,否,是,丰富度P0｜增长｜破0件销量｜高点击+高转化+高变现,Aeolus rid=6082893 / sid=3062689,2026-08-08 21:52
B级观察,GB,1729791774622915169,S260404026589,广州市白云区新市街儒锦服饰商行（个体工商户）,Men's Bottoms,Men's Pants,丰富度P0,增长,10+,高转化+高变现,滞销,https://p16-she-va.ibyteimg.com/tos-alisg-i-f7lenjegsh-sg/d3c7d921a9724c968118e881fcb7c007~tplv-g9dfdl17fc-origin-image.image,https://shop.tiktok.com/view/product/1729791774622915169?region=GB&locale=en,346.93,187.19,762.14,17,8,20.41,23.52,4601,4.5,100.0%,0.0%,0.9%,2.8%,5.30,0.26,/,/,/,是,否,是,丰富度P0｜增长｜10+销量｜高转化+高变现,Aeolus rid=6082893 / sid=3062689,2026-08-08 21:52
B级观察,US,1732024890419089780,S251105054581,广州乐简服饰有限公司,Men's Tops,Jackets & Coats,非P0补充,增长,10+,高点击+高变现,平销,https://p16-she-va.ibyteimg.com/tos-alisg-i-f7lenjegsh-sg/35f47430263c43b5be8dd1a99aeb65d3~tplv-g9dfdl17fc-origin-image.image,https://shop.tiktok.com/view/product/1732024890419089780?region=US&locale=en,657.34,187.02,2192.80,28,8,23.48,38.69,32,4.4,100.0%,0.0%,3.0%,0.9%,6.39,0.27,1件,/,/,是,否,否,非P0补充｜增长｜10+销量｜高点击+高变现,Aeolus rid=6082893 / sid=3062689,2026-08-08 21:52
B级观察,US,1732357835028009528,S260415039462,广州市侃耶服装有限公司,Men's Bottoms,Men's Jeans,丰富度P0,增长,10+,高点击+高转化+高变现,平销,https://p16-she-va.ibyteimg.com/tos-alisg-i-f7lenjegsh-sg/f7d3eaaec4d74097bccba1e810f3133b~tplv-g9dfdl17fc-origin-image.image,https://shop.tiktok.com/view/product/1732357835028009528?region=US&locale=en,838.10,187.00,2711.38,39,11,21.49,36.89,63,4.2,0.0%,0.0%,4.7%,5.6%,56.00,2.61,1,/,/,否,否,是,丰富度P0｜增长｜10+销量｜高点击+高转化+高变现,Aeolus rid=6082893 / sid=3062689,2026-08-08 21:52
B级观察,US,1731162010650252218,S250419001714,香港駿達嘉貿易有限公司,Men's Tops,Shirts,非P0补充,增长,10+,高点击+高转化+高变现,平销,https://p16-she-va.ibyteimg.com/tos-alisg-i-f7lenjegsh-sg/bd95834bdb624d9a93e814469ce5b32b~tplv-g9dfdl17fc-origin-image.image,https://shop.tiktok.com/view/product/1731162010650252218?region=US&locale=en,266.68,186.95,1018.08,15,11,17.78,21.99,61,4.0,0.0%,0.0%,2.9%,7.8%,50.08,2.25,1件,/,/,否,否,是,非P0补充｜增长｜10+销量｜高点击+高转化+高变现,Aeolus rid=6082893 / sid=3062689,2026-08-08 21:52
B级观察,US,1732382754331660949,S260502010377,广州虎道服饰商贸有限公司,Men's Tops,Vests,丰富度P0,增长,100+,高点击+高转化+高变现,爆品,https://p16-she-va.ibyteimg.com/tos-alisg-i-f7lenjegsh-sg/05c1e31a8b9e4cd4b447a12f9cf1bd98~tplv-g9dfdl17fc-origin-image.image,https://shop.tiktok.com/view/product/1732382754331660949?region=US&locale=en,3035.68,186.57,11204.15,251,-13,12.09,23.49,249,4.1,50.0%,0.0%,4.3%,3.5%,18.34,1.50,1件,/,/,否,否,否,丰富度P0｜增长｜100+销量｜高点击+高转化+高变现,Aeolus rid=6082893 / sid=3062689,2026-08-08 21:52
B级观察,DE,1729774846149433739,S260306029163,慈溪哈珀服装有限公司,Men's Bottoms,Men's Shorts,丰富度P0,增长,10+,高转化+高变现,爆品,https://p16-she-va.ibyteimg.com/tos-alisg-i-f7lenjegsh-sg/9088817c13104ecead7e2e6b04500887~tplv-g9dfdl17fc-origin-image.image,https://shop.tiktok.com/view/product/1729774846149433739?region=DE&locale=de,768.20,186.50,3182.19,40,10,19.20,33.43,575,4.3,100.0%,0.0%,1.5%,7.0%,20.11,1.02,1件,/,/,否,否,是,丰富度P0｜增长｜10+销量｜高转化+高变现,Aeolus rid=6082893 / sid=3062689,2026-08-08 21:52
B级观察,US,1730525145311318246,S250115006458,广州市黄埔区桦楠服饰商行（个体工商户）,Men's Bottoms,Men's Pants,丰富度P0,增长,10+,高点击+高转化+高变现,滞销,https://p16-she-va.ibyteimg.com/tos-alisg-i-f7lenjegsh-sg/ae534589617c4843af5ce28e989ce90f~tplv-g9dfdl17fc-origin-image.image,https://shop.tiktok.com/view/product/1730525145311318246?region=US&locale=en,411.68,186.38,1299.41,15,7,27.45,44.39,4028,4.6,0.0%,0.0%,3.2%,3.4%,29.88,1.09,1/2/3 件,/,/,是,否,是,丰富度P0｜增长｜10+销量｜高点击+高转化+高变现,Aeolus rid=6082893 / sid=3062689,2026-08-08 21:52
B级观察,US,1732462053668983629,S260627008411,宣城市普强电子商务有限公司,Men's Tops,T-shirts,丰富度P0,增长,50+,高点击+高转化+高变现,平销,https://p16-she-va.ibyteimg.com/tos-alisg-i-f7lenjegsh-sg/e2e4a166c47b44f48f9244e8356baaf8~tplv-g9dfdl17fc-origin-image.image,https://shop.tiktok.com/view/product/1732462053668983629?region=US&locale=en,604.35,185.90,1681.44,66,28,9.16,17.69,167776,4.6,12.5%,0.0%,3.4%,4.1%,12.79,1.40,/,/,/,是,否,是,丰富度P0｜增长｜50+销量｜高点击+高转化+高变现,Aeolus rid=6082893 / sid=3062689,2026-08-08 21:52
B级观察,US,1732387713999081510,S260507002505,广州市黄埔区唐与新潮服装店（个体工商户）,Men's Tops,T-shirts,非P0补充,增长,50+,高点击+高转化+高变现,爆品,https://p16-she-va.ibyteimg.com/tos-alisg-i-f7lenjegsh-sg/6133ec4a810c48198a68aaedfb5e64dd~tplv-g9dfdl17fc-origin-image.image,https://shop.tiktok.com/view/product/1732387713999081510?region=US&locale=en,850.62,185.81,2360.61,72,10,11.81,15.89,4712,4.2,11.1%,0.0%,5.0%,4.8%,28.26,2.39,/,/,/,是,否,是,非P0补充｜增长｜50+销量｜高点击+高转化+高变现,Aeolus rid=6082893 / sid=3062689,2026-08-08 21:52
B级观察,MX,1731531264385254439,S250415003330,香港興樂悅貿易有限公司,Men's Tops,Shirts,丰富度P0,增长,100+,高点击+高转化+高变现,爆品,https://p16-she-va.ibyteimg.com/tos-alisg-i-f7lenjegsh-sg/f128fde133564dd09cde59ef24aeaa66~tplv-g9dfdl17fc-origin-image.image,https://shop.tiktok.com/view/product/1731531264385254439?region=MX&locale=es,1001.86,185.73,3408.97,103,26,9.73,20.79,98,5.0,75.0%,0.0%,4.6%,2.2%,10.36,1.01,1件,/,/,否,否,是,丰富度P0｜增长｜100+销量｜高点击+高转化+高变现,Aeolus rid=6082893 / sid=3062689,2026-08-08 21:52
B级观察,MX,1736335568157246552,S260701036995,广州市黄埔区佐恩贸易商行（个体工商户）,Men's Suits & Sets,Men's Suits,非P0补充,增长,破0件,高点击+高变现,滞销,https://p16-she-va.ibyteimg.com/tos-alisg-i-f7lenjegsh-sg/f9374bd22e4e4c5086a94ecddd9c1a05~tplv-g9dfdl17fc-origin-image.image,https://shop.tiktok.com/view/product/1736335568157246552?region=MX&locale=es,209.95,185.71,256.52,9,8,23.33,58.88,3287,4.5,0.0%,0.0%,5.6%,1.6%,20.59,0.88,2件,/,/,是,否,是,非P0补充｜增长｜破0件销量｜高点击+高变现,Aeolus rid=6082893 / sid=3062689,2026-08-08 21:52
B级观察,US,1731506874918736153,S250723025391,絕倫電子商務有限公司,Men's Suits & Sets,Men's Clothing Sets,丰富度P0,增长,10+,高点击+高转化+高变现,平销,https://p16-she-va.ibyteimg.com/tos-alisg-i-f7lenjegsh-sg/9d154e472a12420088ab2f0b4b6b7861~tplv-g9dfdl17fc-origin-image.image,https://shop.tiktok.com/view/product/1731506874918736153?region=US&locale=en,682.19,184.61,2394.50,38,10,17.95,33.59,138,3.9,75.0%,0.0%,3.9%,4.0%,28.42,1.58,1组,/,/,否,否,是,丰富度P0｜增长｜10+销量｜高点击+高转化+高变现,Aeolus rid=6082893 / sid=3062689,2026-08-08 21:52
B级观察,GB,1729835672855616167,S260512013928,石狮市谦莫服饰有限公司,Men's Bottoms,Men's Shorts,丰富度P0,增长,10+,高转化+高变现,平销,https://p16-she-va.ibyteimg.com/tos-alisg-i-f7lenjegsh-sg/d463b93091684f4db6b6e90467224175~tplv-g9dfdl17fc-origin-image.image,https://shop.tiktok.com/view/product/1729835672855616167?region=GB&locale=en,393.61,184.32,2113.94,20,-4,19.68,25.27,2267,4.8,100.0%,0.0%,1.5%,2.5%,7.69,0.37,1/2件,/,/,是,否,否,丰富度P0｜增长｜10+销量｜高转化+高变现,Aeolus rid=6082893 / sid=3062689,2026-08-08 21:52
B级观察,IT,1729514511722388230,S240627001374,广州梓康服饰有限公司,Men's Suits & Sets,Men's Clothing Sets,丰富度P0,增长,10+,高点击+高变现,爆品,https://p16-she-va.ibyteimg.com/tos-alisg-i-f7lenjegsh-sg/7ab8e22c652f41da9247542d7f34be2e~tplv-g9dfdl17fc-origin-image.image,https://shop.tiktok.com/view/product/1729514511722388230?region=IT&locale=it,362.81,183.91,1024.39,22,11,16.49,36.31,129,4.6,50.0%,0.0%,2.1%,1.9%,6.89,0.40,2 件套,/,女装标准码,否,否,是,丰富度P0｜增长｜10+销量｜高点击+高变现,Aeolus rid=6082893 / sid=3062689,2026-08-08 21:52
B级观察,US,1730691944402096562,S250117001628,广州市喜牧服装有限公司,Men's Bottoms,Men's Jeans,丰富度P0,增长,10+,高点击+高转化+高变现,平销,https://p16-she-va.ibyteimg.com/tos-maliva-i-g9dfdl17fc-us/2375689AF00FBB9BOptimCopy~tplv-g9dfdl17fc-origin-image.image,https://shop.tiktok.com/view/product/1730691944402096562?region=US&locale=en,542.12,183.82,1765.20,27,8,20.08,38.49,29,4.5,60.0%,0.0%,3.5%,2.9%,20.52,1.02,1件,/,/,否,否,是,丰富度P0｜增长｜10+销量｜高点击+高转化+高变现,Aeolus rid=6082893 / sid=3062689,2026-08-08 21:52
B级观察,US,1729552857899307768,S240705003057,福穩有限公司,Men's Bottoms,Men's Shorts,丰富度P0,增长,破0件,高点击+高转化+高变现,滞销,https://p16-she-va.ibyteimg.com/tos-alisg-i-f7lenjegsh-sg/dace1f26bc6243cdb2bcaa0a2970382f~tplv-g9dfdl17fc-origin-image.image,https://shop.tiktok.com/view/product/1729552857899307768?region=US&locale=en,332.43,183.63,1197.07,9,5,36.94,45.69,24,4.8,100.0%,0.0%,3.8%,5.8%,81.14,2.20,4件,/,女装标准码,否,否,是,丰富度P0｜增长｜破0件销量｜高点击+高转化+高变现,Aeolus rid=6082893 / sid=3062689,2026-08-08 21:52
B级观察,US,1729959392556912833,S241021009487,北京优禄客商贸有限公司,Men's Tops,Hoodies & Sweatshirts,丰富度P0,增长,破0件,高点击+高转化+高变现,滞销,https://p16-she-va.ibyteimg.com/tos-alisg-i-f7lenjegsh-sg/53868a591f234638a7154a73c589f69d~tplv-g9dfdl17fc-origin-image.image,https://shop.tiktok.com/view/product/1729959392556912833?region=US&locale=en,183.37,183.37,251.62,5,5,36.67,39.63,8,4.6,50.0%,0.0%,4.8%,2.5%,44.79,1.22,1件,/,女装标准码,否,否,否,丰富度P0｜增长｜破0件销量｜高点击+高转化+高变现,Aeolus rid=6082893 / sid=3062689,2026-08-08 21:52
B级观察,IT,1729591695581812995,S250719019591,义乌市营航贸易有限公司,Men's Tops,Polo Shirts,非P0补充,增长,10+,高转化+高变现,爆品,https://p16-she-va.ibyteimg.com/tos-maliva-i-g9dfdl17fc-us/8d6ec5998d8d482ca07e6863f4a87bb5~tplv-g9dfdl17fc-origin-image.image,https://shop.tiktok.com/view/product/1729591695581812995?region=IT&locale=it,338.61,182.96,723.76,13,7,26.05,29.97,112,4.5,0.0%,0.0%,0.7%,2.1%,3.93,0.15,1件,/,/,否,否,是,非P0补充｜增长｜10+销量｜高转化+高变现,Aeolus rid=6082893 / sid=3062689,2026-08-08 21:52
B级观察,US,1732136109772476984,S251210037935,广州市侃耶服装有限公司,Men's Bottoms,Men's Jeans,非P0补充,增长,10+,高点击+高转化+高变现,平销,https://p16-she-va.ibyteimg.com/tos-alisg-i-f7lenjegsh-sg/3d66291557e147338e698a038c9db431~tplv-g9dfdl17fc-origin-image.image,https://shop.tiktok.com/view/product/1732136109772476984?region=US&locale=en,419.04,182.41,1220.41,19,4,22.05,49.79,45,4.2,25.0%,0.0%,2.3%,5.2%,26.22,1.19,1件,/,/,否,否,是,非P0补充｜增长｜10+销量｜高点击+高转化+高变现,Aeolus rid=6082893 / sid=3062689,2026-08-08 21:52
B级观察,GB,1729745304985181176,S260106067093,石狮市灵秀镇陈丽华服装店（个体工商户）,Men's Tops,Polo Shirts,非P0补充,增长,破0件,高点击+高转化+高变现,滞销,https://p16-she-va.ibyteimg.com/tos-alisg-i-f7lenjegsh-sg/de781e2b8065448dbf0bfa49e4febbc6~tplv-g9dfdl17fc-origin-image.image,https://shop.tiktok.com/view/product/1729745304985181176?region=GB&locale=en,181.35,181.35,181.35,6,6,30.23,54.46,35960,4.6,0.0%,0.0%,4.6%,15.4%,647.69,7.14,/,/,/,是,否,是,非P0补充｜增长｜破0件销量｜高点击+高转化+高变现,Aeolus rid=6082893 / sid=3062689,2026-08-08 21:52
B级观察,US,1729386004359320308,S230623001929,广州韩忆服饰有限公司,Men's Bottoms,Men's Pants,丰富度P0,增长,破0件,高转化+高变现,滞销,https://p16-she-va.ibyteimg.com/tos-alisg-i-f7lenjegsh-sg/3345551ff28d41fabc9c393b1d472e99~tplv-g9dfdl17fc-origin-image.image,https://shop.tiktok.com/view/product/1729386004359320308?region=US&locale=en,199.16,181.16,349.87,8,7,24.89,28.99,15,4.4,0.0%,0.0%,1.8%,7.5%,33.05,1.33,1件,无彩色-黑白灰,女装标准码,否,否,是,丰富度P0｜增长｜破0件销量｜高转化+高变现,Aeolus rid=6082893 / sid=3062689,2026-08-08 21:52
B级观察,GB,1729411269813636295,S240605001901,香港墨韻貿易有限公司,Men's Suits & Sets,Men's Clothing Sets,丰富度P0,增长,破0件,高点击+高转化+高变现,滞销,https://p16-she-va.ibyteimg.com/tos-maliva-i-g9dfdl17fc-us/A18B830FDBD41986OptimCopy~tplv-g9dfdl17fc-origin-image.image,https://shop.tiktok.com/view/product/1729411269813636295?region=GB&locale=en,180.59,180.59,413.95,7,7,25.80,28.91,71,3.8,100.0%,0.0%,3.6%,2.4%,22.00,0.85,2件套,/,女装标准码,否,否,是,丰富度P0｜增长｜破0件销量｜高点击+高转化+高变现,Aeolus rid=6082893 / sid=3062689,2026-08-08 21:52
B级观察,US,1732181323464741166,S251228058109,广州市荔湾区夏序商贸商行（个体工商户）,Men's Tops,T-shirts,丰富度P0,增长,50+,高点击+高转化+高变现,平销,https://p16-she-va.ibyteimg.com/tos-alisg-i-f7lenjegsh-sg/07c95f5c7c76429d984776200796cdd3~tplv-g9dfdl17fc-origin-image.image,https://shop.tiktok.com/view/product/1732181323464741166?region=US&locale=en,573.47,180.44,1534.08,63,32,9.10,18.29,2650,3.8,0.0%,0.0%,5.9%,4.3%,23.16,2.50,/,/,/,是,否,是,丰富度P0｜增长｜50+销量｜高点击+高转化+高变现,Aeolus rid=6082893 / sid=3062689,2026-08-08 21:52
B级观察,GB,1729835752953977679,S260525011923,广州市天河区舒珩服饰贸易商行（个体工商户）,Men's Suits & Sets,Men's Clothing Sets,丰富度P0,增长,10+,高点击+高转化+高变现,滞销,https://p16-she-va.ibyteimg.com/tos-alisg-i-f7lenjegsh-sg/0170ecab9fbb410e8963e182ddf9d65d~tplv-g9dfdl17fc-origin-image.image,https://shop.tiktok.com/view/product/1729835752953977679?region=GB&locale=en,284.35,180.40,682.85,13,8,21.87,33.34,1391,4.6,0.0%,0.0%,3.6%,5.4%,42.05,1.92,2件套,/,/,是,否,否,丰富度P0｜增长｜10+销量｜高点击+高转化+高变现,Aeolus rid=6082893 / sid=3062689,2026-08-08 21:52
B级观察,US,1732361582745261052,S260423027716,广州市黄埔区君宇服饰商行,Men's Tops,Vests,丰富度P0,增长,10+,高点击+高转化+高变现,平销,https://p16-she-va.ibyteimg.com/tos-alisg-i-f7lenjegsh-sg/da8fad9a04514a5897b2757d128e2d86~tplv-g9dfdl17fc-origin-image.image,https://shop.tiktok.com/view/product/1732361582745261052?region=US&locale=en,584.57,180.21,2532.26,44,12,13.29,17.79,833,4.7,16.7%,16.7%,4.2%,5.6%,31.39,2.36,1件,/,/,是,否,否,丰富度P0｜增长｜10+销量｜高点击+高转化+高变现,Aeolus rid=6082893 / sid=3062689,2026-08-08 21:52
B级观察,GB,1729802622498478731,S260418021757,泉州市闽旺信息技术咨询有限公司,Men's Tops,T-shirts,丰富度P0,增长,50+,高点击+高转化+高变现,爆品,https://p16-she-va.ibyteimg.com/tos-alisg-i-f7lenjegsh-sg/811173df4f4d477f840ddf2f315936be~tplv-g9dfdl17fc-origin-image.image,https://shop.tiktok.com/view/product/1729802622498478731?region=GB&locale=en,895.33,179.67,3462.59,60,13,14.92,25.54,53,4.2,50.0%,0.0%,2.1%,6.6%,21.87,1.42,3件,/,/,否,否,是,丰富度P0｜增长｜50+销量｜高点击+高转化+高变现,Aeolus rid=6082893 / sid=3062689,2026-08-08 21:52
B级观察,MX,1731600125750642172,S250522016700,石狮市明丝贸易有限公司,Men's Bottoms,Men's Pants,丰富度P0,增长,10+,高点击+高变现,平销,https://p16-she-va.ibyteimg.com/tos-alisg-i-f7lenjegsh-sg/04affc7acd5846188cf7939cb6a7cbcd~tplv-g9dfdl17fc-origin-image.image,https://shop.tiktok.com/view/product/1731600125750642172?region=MX&locale=es,473.40,178.92,1381.16,44,18,10.76,21.93,29,4.2,100.0%,0.0%,5.1%,1.6%,10.66,0.83,1件,/,/,是,否,是,丰富度P0｜增长｜10+销量｜高点击+高变现,Aeolus rid=6082893 / sid=3062689,2026-08-08 21:52
B级观察,FR,1729789650602793837,S260401003061,铅山县文言电子商务店（个体工商户）,Men's Suits & Sets,Men's Clothing Sets,非P0补充,增长,破0件,高点击+高转化+高变现,滞销,https://p16-she-va.ibyteimg.com/tos-alisg-i-f7lenjegsh-sg/a312bae9ee3f4b1baae2c0511f00175b~tplv-g9dfdl17fc-origin-image.image,https://shop.tiktok.com/view/product/1729789650602793837?region=FR&locale=fr,178.83,178.83,221.73,4,4,44.71,54.18,14942,4.1,0.0%,0.0%,6.3%,10.5%,296.57,6.63,1套,/,/,是,否,是,非P0补充｜增长｜破0件销量｜高点击+高转化+高变现,Aeolus rid=6082893 / sid=3062689,2026-08-08 21:52
B级观察,US,1732483452136231232,S260709016404,岫岩满族自治县轩泽凯服装店（个体工商户）,Men's Bottoms,Men's Jeans,非P0补充,增长,破0件,高点击+高转化+高变现,平销,https://p16-she-va.ibyteimg.com/tos-alisg-i-f7lenjegsh-sg/a083e5834cdd42fab99dade99a94d506~tplv-g9dfdl17fc-origin-image.image,https://shop.tiktok.com/view/product/1732483452136231232?region=US&locale=en,177.29,177.29,199.98,6,6,29.55,36.29,118,4.5,0.0%,0.0%,2.1%,3.3%,20.90,0.71,1件,/,/,是,否,是,非P0补充｜增长｜破0件销量｜高点击+高转化+高变现,Aeolus rid=6082893 / sid=3062689,2026-08-08 21:52
B级观察,US,1731043228954825327,S250407017112,广州欧牌服装有限公司,Men's Tops,Jackets & Coats,丰富度P0,增长,10+,高点击+高变现,滞销,https://p16-she-va.ibyteimg.com/tos-alisg-i-f7lenjegsh-sg/69fb4929bbbc4ccd854ef863a1bfb03e~tplv-g9dfdl17fc-origin-image.image,https://shop.tiktok.com/view/product/1731043228954825327?region=US&locale=en,507.70,176.93,1427.11,16,7,31.73,38.79,28,4.3,0.0%,0.0%,3.0%,1.9%,18.29,0.58,1件,/,/,否,否,是,丰富度P0｜增长｜10+销量｜高点击+高变现,Aeolus rid=6082893 / sid=3062689,2026-08-08 21:52
B级观察,US,1732398023519605680,S260514023687,广州市黄埔区袁清服饰商行（个体工商户）,Men's Bottoms,Men's Shorts,非P0补充,增长,10+,高转化+高变现,平销,https://p16-she-va.ibyteimg.com/tos-alisg-i-f7lenjegsh-sg/d9ed21fd7fbb4abf8e338aa3775f0eb8~tplv-g9dfdl17fc-origin-image.image,https://shop.tiktok.com/view/product/1732398023519605680?region=US&locale=en,427.87,176.66,831.40,26,6,16.46,17.99,3274,4.2,66.7%,0.0%,2.0%,2.7%,8.69,0.53,1件,/,/,是,否,是,非P0补充｜增长｜10+销量｜高转化+高变现,Aeolus rid=6082893 / sid=3062689,2026-08-08 21:52
B级观察,US,1732384886031945808,S260505001735,广州卓迅服饰有限公司,Men's Bottoms,Men's Shorts,丰富度P0,增长,10+,高点击+高变现,平销,https://p16-she-va.ibyteimg.com/tos-alisg-i-f7lenjegsh-sg/cc9a7832922b45a7a75f22db8c07300e~tplv-g9dfdl17fc-origin-image.image,https://shop.tiktok.com/view/product/1732384886031945808?region=US&locale=en,533.13,176.63,2548.83,18,2,29.62,44.79,35,3.8,0.0%,0.0%,3.0%,1.8%,16.02,0.54,1件,/,/,否,否,否,丰富度P0｜增长｜10+销量｜高点击+高变现,Aeolus rid=6082893 / sid=3062689,2026-08-08 21:52
B级观察,US,1731811277451923651,S250919052892,于都琪璘酷品供应链管理有限公司,Men's Tops,Jackets & Coats,丰富度P0,增长,10+,高点击+高转化+高变现,滞销,https://p16-she-va.ibyteimg.com/tos-alisg-i-f7lenjegsh-sg/5a72d12e0a7c454fb158dec125876a60~tplv-g9dfdl17fc-origin-image.image,https://shop.tiktok.com/view/product/1731811277451923651?region=US&locale=en,265.29,175.45,439.91,11,8,24.12,37.89,12,4.8,100.0%,0.0%,2.8%,2.2%,14.85,0.62,1件,/,/,否,否,是,丰富度P0｜增长｜10+销量｜高点击+高转化+高变现,Aeolus rid=6082893 / sid=3062689,2026-08-08 21:52
B级观察,US,1732465041877274861,S260629033784,广州市伍家坡服装有限公司,Men's Bottoms,Men's Shorts,丰富度P0,增长,10+,高点击+高转化+高变现,平销,https://p16-she-va.ibyteimg.com/tos-alisg-i-f7lenjegsh-sg/41415ed76a8c46cfa3ca76b5f677b99d~tplv-g9dfdl17fc-origin-image.image,https://shop.tiktok.com/view/product/1732465041877274861?region=US&locale=en,286.64,175.02,488.89,16,10,17.91,29.09,150,4.5,25.0%,0.0%,5.1%,3.1%,27.90,1.56,1件,/,/,是,否,是,丰富度P0｜增长｜10+销量｜高点击+高转化+高变现,Aeolus rid=6082893 / sid=3062689,2026-08-08 21:52
B级观察,DE,1729793593119906757,S260407059635,泉州市嵩盼商贸有限公司,Men's Tops,Jackets & Coats,丰富度P0,增长,破0件,高点击+高变现,爆品,https://p16-she-va.ibyteimg.com/tos-alisg-i-f7lenjegsh-sg/452ebd4d55274a85893b30af9292171c~tplv-g9dfdl17fc-origin-image.image,https://shop.tiktok.com/view/product/1729793593119906757?region=DE&locale=de,280.00,175.01,934.04,7,4,40.00,53.03,28803,3.8,0.0%,0.0%,3.1%,0.7%,8.92,0.22,/,/,/,是,否,是,丰富度P0｜增长｜破0件销量｜高点击+高变现,Aeolus rid=6082893 / sid=3062689,2026-08-08 21:52
B级观察,US,1731534085048209667,S250719019591,义乌市营航贸易有限公司,Men's Tops,Polo Shirts,非P0补充,增长,100+,高转化+高变现,爆品,https://p16-she-va.ibyteimg.com/tos-alisg-i-f7lenjegsh-sg/73e017d58eeb42568c4edb0a659a8cfd~tplv-g9dfdl17fc-origin-image.image,https://shop.tiktok.com/view/product/1731534085048209667?region=US&locale=en,2075.47,174.35,8639.64,186,-41,11.16,19.49,182,4.6,65.0%,0.0%,1.7%,6.4%,13.36,1.09,1件,/,/,否,否,是,非P0补充｜增长｜100+销量｜高转化+高变现,Aeolus rid=6082893 / sid=3062689,2026-08-08 21:52
B级观察,US,1732300907751510891,S260322012143,广州市黄埔区晖迈服饰商行（个体工商户）,Men's Tops,T-shirts,丰富度P0,增长,50+,高点击+高转化+高变现,爆品,https://p16-she-va.ibyteimg.com/tos-alisg-i-f7lenjegsh-sg/29056d67292c4a9d9b612d87ad698158~tplv-g9dfdl17fc-origin-image.image,https://shop.tiktok.com/view/product/1732300907751510891?region=US&locale=en,2422.22,173.91,7821.40,55,1,44.04,27.49,2351,4.6,0.0%,0.0%,2.9%,4.0%,50.95,1.16,2-5,/,/,是,否,是,丰富度P0｜增长｜50+销量｜高点击+高转化+高变现,Aeolus rid=6082893 / sid=3062689,2026-08-08 21:52
B级观察,US,1732310254888325403,S260117035211,广州市黄埔区绮菡服装店（个体工商户）,Men's Suits & Sets,Men's Clothing Sets,非P0补充,增长,10+,高点击+高变现,滞销,https://p16-she-va.ibyteimg.com/tos-alisg-i-f7lenjegsh-sg/e79000654d914b6e888c250146db4076~tplv-g9dfdl17fc-origin-image.image,https://shop.tiktok.com/view/product/1732310254888325403?region=US&locale=en,704.43,171.03,2312.18,22,4,32.02,43.89,49775,3.9,0.0%,0.0%,4.3%,1.0%,13.24,0.41,2件,/,/,是,否,是,非P0补充｜增长｜10+销量｜高点击+高变现,Aeolus rid=6082893 / sid=3062689,2026-08-08 21:52
B级观察,GB,1729853219586742672,S260610024326,广州从化江埔街铖熙贸易行（个体工商户）,Men's Suits & Sets,Men's Clothing Sets,丰富度P0,增长,10+,高点击+高转化+高变现,爆品,https://p16-she-va.ibyteimg.com/tos-alisg-i-f7lenjegsh-sg/3b16a8405399437ab1a13604a75b4013~tplv-g9dfdl17fc-origin-image.image,https://shop.tiktok.com/view/product/1729853219586742672?region=GB&locale=en,255.25,170.85,645.81,12,8,21.27,30.92,3746,4.0,66.7%,0.0%,4.3%,2.2%,20.54,0.97,2件,/,/,是,否,否,丰富度P0｜增长｜10+销量｜高点击+高转化+高变现,Aeolus rid=6082893 / sid=3062689,2026-08-08 21:52
B级观察,DE,1729791778500090327,S260404027319,泉州市鑫浪启航商贸有限公司,Men's Bottoms,Men's Shorts,丰富度P0,增长,10+,高转化+高变现,爆品,https://p16-she-va.ibyteimg.com/tos-alisg-i-f7lenjegsh-sg/b0a13cdb114746d3be71a5fa5aeb62f8~tplv-g9dfdl17fc-origin-image.image,https://shop.tiktok.com/view/product/1729791778500090327?region=DE&locale=de,239.76,170.24,443.95,14,10,17.13,26.51,161,5.0,0.0%,0.0%,1.6%,16.0%,48.39,2.62,1件,/,/,是,否,是,丰富度P0｜增长｜10+销量｜高转化+高变现,Aeolus rid=6082893 / sid=3062689,2026-08-08 21:52
B级观察,FR,1729795798701742561,S260410019385,铅山县狗胜电子商务有限公司,Men's Suits & Sets,Men's Clothing Sets,丰富度P0,增长,10+,高点击+高转化+高变现,滞销,https://p16-she-va.ibyteimg.com/tos-alisg-i-f7lenjegsh-sg/13e1442ba0234bd6b06e1347eac73ab4~tplv-g9dfdl17fc-origin-image.image,https://shop.tiktok.com/view/product/1729795798701742561?region=FR&locale=fr,220.71,170.24,767.69,10,8,22.07,36.31,341,4.0,25.0%,75.0%,2.1%,5.3%,24.82,1.12,1套,/,/,是,否,是,丰富度P0｜增长｜10+销量｜高点击+高转化+高变现,Aeolus rid=6082893 / sid=3062689,2026-08-08 21:52
B级观察,US,1729420712131597168,S231117003326,长沙沙乖网络科技有限公司,Men's Tops,T-shirts,丰富度P0,增长,10+,高点击+高转化+高变现,平销,https://p16-she-va.ibyteimg.com/tos-alisg-i-f7lenjegsh-sg/f600b8f5674843a6ae18ca5dc3d602f1~tplv-g9dfdl17fc-origin-image.image,https://shop.tiktok.com/view/product/1729420712131597168?region=US&locale=en,266.65,169.91,1010.56,23,15,11.59,17.09,963,4.8,66.7%,0.0%,2.0%,4.9%,11.96,0.99,1/2/3件,/,女装标准码,是,否,是,丰富度P0｜增长｜10+销量｜高点击+高转化+高变现,Aeolus rid=6082893 / sid=3062689,2026-08-08 21:52
B级观察,US,1729620328453804227,S240824005529,于都琪璘酷品供应链管理有限公司,Men's Tops,Hoodies & Sweatshirts,丰富度P0,增长,10+,高点击+高转化+高变现,平销,https://p16-she-va.ibyteimg.com/tos-alisg-i-f7lenjegsh-sg/8a01813f29fd48be98c46f8578fad104~tplv-g9dfdl17fc-origin-image.image,https://shop.tiktok.com/view/product/1729620328453804227?region=US&locale=en,577.62,169.90,1730.74,30,15,19.25,28.69,1064,4.8,0.0%,0.0%,2.6%,3.0%,15.18,0.79,1/2件,/,女装标准码,否,是,是,丰富度P0｜增长｜10+销量｜高点击+高转化+高变现,Aeolus rid=6082893 / sid=3062689,2026-08-08 21:52
B级观察,US,1731611999153459453,S250813012661,广州市番禺区鑫鸿婷服饰商行（个体工商户）,Men's Bottoms,Men's Pants,非P0补充,增长,破0件,高变现,滞销,https://p16-she-va.ibyteimg.com/tos-alisg-i-f7lenjegsh-sg/0dc722017b7a4373b24601cd8eccb9af~tplv-g9dfdl17fc-origin-image.image,https://shop.tiktok.com/view/product/1731611999153459453?region=US&locale=en,209.35,167.48,369.22,5,4,41.87,72.19,231,4.6,0.0%,0.0%,1.4%,1.4%,13.55,0.19,3件,/,/,是,否,是,非P0补充｜增长｜破0件销量｜高变现,Aeolus rid=6082893 / sid=3062689,2026-08-08 21:52
B级观察,US,1732488864885870889,S260713020346,香港星兆服飾有限公司,Men's Tops,T-shirts,丰富度P0,增长,10+,高点击+高转化+高变现,平销,https://p16-she-va.ibyteimg.com/tos-alisg-i-f7lenjegsh-sg/d64ad595fe1a4f59b5a17775583d02c0~tplv-g9dfdl17fc-origin-image.image,https://shop.tiktok.com/view/product/1732488864885870889?region=US&locale=en,189.32,167.15,221.45,13,12,14.56,35.09,114,4.2,0.0%,0.0%,2.1%,12.5%,54.67,2.60,/,/,/,是,否,是,丰富度P0｜增长｜10+销量｜高点击+高转化+高变现,Aeolus rid=6082893 / sid=3062689,2026-08-08 21:52
B级观察,GB,1729781041772075474,S260316069802,广州森辉服饰商行,Men's Suits & Sets,Men's Clothing Sets,非P0补充,增长,破0件,高点击+高转化+高变现,滞销,https://p16-she-va.ibyteimg.com/tos-alisg-i-f7lenjegsh-sg/16148f1d25f1458190b2e24da2fd745b~tplv-g9dfdl17fc-origin-image.image,https://shop.tiktok.com/view/product/1729781041772075474?region=GB&locale=en,167.02,167.02,490.19,5,5,33.40,45.72,78,4.6,0.0%,0.0%,5.9%,6.0%,116.96,3.50,1套,/,/,是,否,是,非P0补充｜增长｜破0件销量｜高点击+高转化+高变现,Aeolus rid=6082893 / sid=3062689,2026-08-08 21:52
B级观察,US,1732410163098456680,S260523012662,广州市黄埔区海聚百货商行（个体工商户）,Men's Tops,Shirts,非P0补充,增长,10+,高点击+高转化+高变现,滞销,https://p16-she-va.ibyteimg.com/tos-alisg-i-f7lenjegsh-sg/920aa5a1fe904345b586c0bca3f321e6~tplv-g9dfdl17fc-origin-image.image,https://shop.tiktok.com/view/product/1732410163098456680?region=US&locale=en,218.82,165.37,425.36,14,10,15.63,27.79,713,4.6,0.0%,0.0%,2.7%,10.1%,43.21,2.76,/,/,/,是,否,是,非P0补充｜增长｜10+销量｜高点击+高转化+高变现,Aeolus rid=6082893 / sid=3062689,2026-08-08 21:52
B级观察,US,1732179149868667409,S251212018709,广州市十杈柏服饰有限公司,Men's Bottoms,Men's Jeans,丰富度P0,增长,破0件,高点击+高转化+高变现,滞销,https://p16-she-va.ibyteimg.com/tos-alisg-i-f7lenjegsh-sg/fe467a8357804edba71f6f0b412f04b8~tplv-g9dfdl17fc-origin-image.image,https://shop.tiktok.com/view/product/1732179149868667409?region=US&locale=en,186.71,165.00,636.24,8,6,23.34,35.39,284,4.6,0.0%,0.0%,4.5%,4.5%,47.35,2.03,1件,/,/,是,否,是,丰富度P0｜增长｜破0件销量｜高点击+高转化+高变现,Aeolus rid=6082893 / sid=3062689,2026-08-08 21:52
B级观察,US,1729441577982530282,S240120000300,广州市天河区颜绮商品零售店（个体工商户）,Men's Tops,T-shirts,丰富度P0,增长,破0件,高点击+高转化+高变现,滞销,https://p16-she-va.ibyteimg.com/tos-alisg-i-f7lenjegsh-sg/04e7e12c5e7847cb81181d51c6cee4cc~tplv-g9dfdl17fc-origin-image.image,https://shop.tiktok.com/view/product/1729441577982530282?region=US&locale=en,164.91,164.91,396.96,5,5,32.98,35.09,7531,4.6,0.0%,0.0%,3.7%,5.3%,64.17,1.95,4/8/12电脑,/,女装标准码,是,是,是,丰富度P0｜增长｜破0件销量｜高点击+高转化+高变现,Aeolus rid=6082893 / sid=3062689,2026-08-08 21:52
B级观察,US,1732291234053460463,S260315031801,晋江市狮墨服装有限公司,Men's Tops,Jackets & Coats,非P0补充,增长,10+,高点击+高转化+高变现,滞销,https://p16-she-va.ibyteimg.com/tos-alisg-i-f7lenjegsh-sg/285bebe1aecf43939bdf93aaf73b23f5~tplv-g9dfdl17fc-origin-image.image,https://shop.tiktok.com/view/product/1732291234053460463?region=US&locale=en,258.59,164.82,518.74,10,6,25.86,34.79,83,3.9,0.0%,0.0%,2.2%,3.8%,21.01,0.81,1件,/,/,是,否,是,非P0补充｜增长｜10+销量｜高点击+高转化+高变现,Aeolus rid=6082893 / sid=3062689,2026-08-08 21:52
B级观察,ES,1729853388005873893,S260614008558,广西众森服饰有限公司,Men's Suits & Sets,Men's Clothing Sets,丰富度P0,增长,破0件,高转化+高变现,爆品,https://p16-she-va.ibyteimg.com/tos-alisg-i-f7lenjegsh-sg/086013f801ab468493b2c62271d9619c~tplv-g9dfdl17fc-origin-image.image,https://shop.tiktok.com/view/product/1729853388005873893?region=ES&locale=es,309.91,164.49,1616.64,8,4,38.74,45.54,72,4.2,100.0%,0.0%,1.4%,2.1%,11.15,0.29,2件套,/,/,是,否,是,丰富度P0｜增长｜破0件销量｜高转化+高变现,Aeolus rid=6082893 / sid=3062689,2026-08-08 21:52
B级观察,MX,1735832067257697809,S260529030805,广州市十杈柏服饰有限公司,Men's Bottoms,Men's Jeans,非P0补充,增长,10+,高点击+高变现,滞销,https://p16-she-va.ibyteimg.com/tos-alisg-i-f7lenjegsh-sg/d95e702997174c9e9ef787a3c0d2ec1a~tplv-g9dfdl17fc-origin-image.image,https://shop.tiktok.com/view/product/1735832067257697809?region=MX&locale=es,367.87,163.99,745.78,22,10,16.72,52.30,360,4.4,0.0%,0.0%,5.9%,1.1%,11.21,0.67,1件,/,/,是,否,是,非P0补充｜增长｜10+销量｜高点击+高变现,Aeolus rid=6082893 / sid=3062689,2026-08-08 21:52
B级观察,GB,1729751267365525915,S260114045222,广州市黄埔区逍遥家居日用品商行（个体工商户）,Men's Tops,Hoodies & Sweatshirts,非P0补充,增长,破0件,高点击+高转化+高变现,滞销,https://p16-she-va.ibyteimg.com/tos-alisg-i-f7lenjegsh-sg/b06cfe4e929941a5bd8a8fb632b33d00~tplv-g9dfdl17fc-origin-image.image,https://shop.tiktok.com/view/product/1729751267365525915?region=GB&locale=en,162.97,162.97,185.09,8,8,20.37,30.65,85,4.4,0.0%,0.0%,3.7%,4.7%,35.16,1.73,1,/,/,是,否,否,非P0补充｜增长｜破0件销量｜高点击+高转化+高变现,Aeolus rid=6082893 / sid=3062689,2026-08-08 21:52
B级观察,US,1730377138937762730,S241223005354,广东雅迪服装有限公司,Men's Suits & Sets,Men's Clothing Sets,丰富度P0,增长,10+,高点击+高转化+高变现,平销,https://p16-she-va.ibyteimg.com/tos-alisg-i-f7lenjegsh-sg/ba5e28f76d98436da3e3fa96d3463c03~tplv-g9dfdl17fc-origin-image.image,https://shop.tiktok.com/view/product/1730377138937762730?region=US&locale=en,367.48,162.84,1395.10,20,8,18.37,17.19,52,4.6,0.0%,0.0%,3.7%,6.8%,46.70,2.54,2件套,/,/,否,否,是,丰富度P0｜增长｜10+销量｜高点击+高转化+高变现,Aeolus rid=6082893 / sid=3062689,2026-08-08 21:52
B级观察,MX,1731758369132873918,S240821006204,杭州萧山储杰服装厂（个体工商户）,Men's Tops,Polo Shirts,丰富度P0,增长,10+,高点击+高转化+高变现,爆品,https://p16-she-va.ibyteimg.com/tos-alisg-i-f7lenjegsh-sg/60c88e0f48304ea1a0ecb82f462831a4~tplv-g9dfdl17fc-origin-image.image,https://shop.tiktok.com/view/product/1731758369132873918?region=MX&locale=es,426.61,162.23,1146.95,42,12,10.16,16.87,95,4.7,100.0%,0.0%,3.7%,2.4%,9.62,0.88,1件,/,女装标准码,否,否,是,丰富度P0｜增长｜10+销量｜高点击+高转化+高变现,Aeolus rid=6082893 / sid=3062689,2026-08-08 21:52
B级观察,GB,1729736978675112915,S251225010485,泉州市哈雷斯顿服饰有限公司,Men's Tops,Jackets & Coats,非P0补充,增长,破0件,高点击+高变现,平销,https://p16-she-va.ibyteimg.com/tos-alisg-i-f7lenjegsh-sg/f75f6d60df854f94b35318a3e990a83d~tplv-g9dfdl17fc-origin-image.image,https://shop.tiktok.com/view/product/1729736978675112915?region=GB&locale=en,318.87,161.63,1059.25,8,3,39.86,74.37,3468,4.9,0.0%,0.0%,3.7%,1.4%,20.88,0.52,1件,/,/,是,否,否,非P0补充｜增长｜破0件销量｜高点击+高变现,Aeolus rid=6082893 / sid=3062689,2026-08-08 21:52
B级观察,US,1731883030478819365,S251007015180,石狮市衣品官人贸易有限公司,Men's Suits & Sets,Men's Clothing Sets,丰富度P0,增长,破0件,高点击+高变现,爆品,https://p16-she-va.ibyteimg.com/tos-alisg-i-f7lenjegsh-sg/28abf8fc09e74ef3ac7ae207e9dc34bc~tplv-g9dfdl17fc-origin-image.image,https://shop.tiktok.com/view/product/1731883030478819365?region=US&locale=en,313.06,161.55,920.63,9,3,34.78,37.89,99,4.2,100.0%,0.0%,2.3%,1.7%,13.46,0.39,2件套,/,/,否,否,是,丰富度P0｜增长｜破0件销量｜高点击+高变现,Aeolus rid=6082893 / sid=3062689,2026-08-08 21:52
B级观察,US,1732480347658096935,S260708021520,广州赢一科技有限公司,Men's Bottoms,Men's Jeans,丰富度P0,增长,10+,高点击+高转化+高变现,平销,https://p16-she-va.ibyteimg.com/tos-alisg-i-f7lenjegsh-sg/9a4c0f5990a24adc8f6e2c99a69f8f59~tplv-g9dfdl17fc-origin-image.image,https://shop.tiktok.com/view/product/1732480347658096935?region=US&locale=en,367.05,161.42,753.11,12,4,30.59,54.29,9,4.5,0.0%,0.0%,3.6%,3.1%,34.46,1.13,1件,/,/,是,否,是,丰富度P0｜增长｜10+销量｜高点击+高转化+高变现,Aeolus rid=6082893 / sid=3062689,2026-08-08 21:52
B级观察,US,1730835747199423220,S250213005406,广州韩忆服饰有限公司,Men's Suits & Sets,Men's Clothing Sets,丰富度P0,增长,10+,高点击+高转化+高变现,平销,https://p16-she-va.ibyteimg.com/tos-alisg-i-f7lenjegsh-sg/f5b94e55b33149b5a3df1caaa38ad056~tplv-g9dfdl17fc-origin-image.image,https://shop.tiktok.com/view/product/1730835747199423220?region=US&locale=en,693.54,160.90,3149.99,23,5,30.15,46.29,38,4.4,37.5%,0.0%,2.5%,4.5%,34.16,1.13,2件套,/,/,否,否,否,丰富度P0｜增长｜10+销量｜高点击+高转化+高变现,Aeolus rid=6082893 / sid=3062689,2026-08-08 21:52
B级观察,US,1732179402108473856,S251227063192,南昌市恒梦医疗设备维修有限公司,Men's Tops,T-shirts,丰富度P0,增长,10+,高点击+高变现,平销,https://p16-she-va.ibyteimg.com/tos-alisg-i-f7lenjegsh-sg/7a3504dbb0ad4bcda46585bb89135b30~tplv-g9dfdl17fc-origin-image.image,https://shop.tiktok.com/view/product/1732179402108473856?region=US&locale=en,615.14,160.30,1880.74,24,6,25.63,33.99,31,4.5,100.0%,0.0%,4.1%,0.9%,9.74,0.35,/,/,/,否,否,否,丰富度P0｜增长｜10+销量｜高点击+高变现,Aeolus rid=6082893 / sid=3062689,2026-08-08 21:52
B级观察,DE,1729487289095658151,S240908004455,石狮市谦莫服饰有限公司,Men's Bottoms,Men's Pants,丰富度P0,增长,10+,高点击+高变现,大爆,https://p16-she-va.ibyteimg.com/tos-alisg-i-f7lenjegsh-sg/589c281faa92496a86c79517d99165f1~tplv-g9dfdl17fc-origin-image.image,https://shop.tiktok.com/view/product/1729487289095658151?region=DE&locale=de,1021.83,160.27,3104.72,40,0,25.55,36.31,600,4.3,25.0%,0.0%,3.9%,0.4%,4.29,0.16,1/2/3,/,女装标准码,是,否,是,丰富度P0｜增长｜10+销量｜高点击+高变现,Aeolus rid=6082893 / sid=3062689,2026-08-08 21:52
B级观察,GB,1729696834966756339,S251120076951,广州市黄埔区海尚装服饰商贸店（个体工商户）,Men's Tops,T-shirts,丰富度P0,增长,10+,高点击+高转化+高变现,爆品,https://p16-she-va.ibyteimg.com/tos-alisg-i-f7lenjegsh-sg/49803f3301e640ef9b0dc65764880a2b~tplv-g9dfdl17fc-origin-image.image,https://shop.tiktok.com/view/product/1729696834966756339?region=GB&locale=en,207.63,159.99,693.73,11,7,18.88,15.19,144,3.9,0.0%,0.0%,3.4%,5.0%,32.18,1.70,1件,/,/,否,否,否,丰富度P0｜增长｜10+销量｜高点击+高转化+高变现,Aeolus rid=6082893 / sid=3062689,2026-08-08 21:52
B级观察,FR,1729604797214595087,S250811025074,強隆國際貿易有限公司,Men's Bottoms,Men's Pants,丰富度P0,增长,破0件,高点击+高转化+高变现,平销,https://p16-she-va.ibyteimg.com/tos-alisg-i-f7lenjegsh-sg/a1e46cc924174d2db8389ce716779b1d~tplv-g9dfdl17fc-origin-image.image,https://shop.tiktok.com/view/product/1729604797214595087?region=FR&locale=fr,159.27,159.27,305.91,3,3,53.09,49.00,97,4.5,0.0%,0.0%,2.3%,2.8%,33.54,0.63,2/1,/,/,是,否,是,丰富度P0｜增长｜破0件销量｜高点击+高转化+高变现,Aeolus rid=6082893 / sid=3062689,2026-08-08 21:52
B级观察,GB,1729850304336992923,S260610005558,慈溪匡堰朝元电子商务经营部（个体工商户）,Men's Tops,T-shirts,丰富度P0,增长,10+,高点击+高转化+高变现,平销,https://p16-she-va.ibyteimg.com/tos-alisg-i-f7lenjegsh-sg/d00d49e0ac5d4d34bce246ee44d86b3d~tplv-g9dfdl17fc-origin-image.image,https://shop.tiktok.com/view/product/1729850304336992923?region=GB&locale=en,275.08,159.04,713.17,20,10,13.75,21.24,5289,4.7,0.0%,0.0%,4.4%,5.5%,35.21,2.43,/,/,/,是,否,是,丰富度P0｜增长｜10+销量｜高点击+高转化+高变现,Aeolus rid=6082893 / sid=3062689,2026-08-08 21:52
B级观察,GB,1729492440087828675,S250414017022,于都琪璘酷品供应链管理有限公司,Men's Tops,Polo Shirts,丰富度P0,增长,10+,高点击+高转化+高变现,平销,https://p16-she-va.ibyteimg.com/tos-alisg-i-f7lenjegsh-sg/3efaea4875a54344a0d66a1cf1d8a504~tplv-g9dfdl17fc-origin-image.image,https://shop.tiktok.com/view/product/1729492440087828675?region=GB&locale=en,267.43,158.83,655.44,10,6,26.74,49.08,32,4.9,0.0%,0.0%,5.5%,2.8%,40.57,1.52,3件,/,/,否,否,否,丰富度P0｜增长｜10+销量｜高点击+高转化+高变现,Aeolus rid=6082893 / sid=3062689,2026-08-08 21:52
B级观察,ES,1729578064868776135,S250710007841,香港墨韻貿易有限公司,Men's Suits & Sets,Men's Clothing Sets,丰富度P0,增长,破0件,高点击+高变现,爆品,https://p16-she-va.ibyteimg.com/tos-alisg-i-f7lenjegsh-sg/da4b1ea8fb704acfbc6594802737298f~tplv-g9dfdl17fc-origin-image.image,https://shop.tiktok.com/view/product/1729578064868776135?region=ES&locale=es,158.33,158.33,343.42,4,4,39.58,46.69,926,4.5,0.0%,0.0%,3.5%,1.4%,20.10,0.51,2件套,/,/,是,否,是,丰富度P0｜增长｜破0件销量｜高点击+高变现,Aeolus rid=6082893 / sid=3062689,2026-08-08 21:52
B级观察,US,1732290439395316237,S260314026276,石狮韵茵服装有限公司,Men's Tops,Polo Shirts,非P0补充,增长,10+,高点击+高转化+高变现,滞销,https://p16-she-va.ibyteimg.com/tos-alisg-i-f7lenjegsh-sg/d898da3859f249fbad1ebb36b8a9893b~tplv-g9dfdl17fc-origin-image.image,https://shop.tiktok.com/view/product/1732290439395316237?region=US&locale=en,157.89,157.89,465.89,18,18,8.77,17.29,8978,4.7,0.0%,0.0%,3.3%,38.5%,396.71,12.56,/,/,/,是,否,是,非P0补充｜增长｜10+销量｜高点击+高转化+高变现,Aeolus rid=6082893 / sid=3062689,2026-08-08 21:52
B级观察,ES,1729480822614169795,S240824006104,于都琪璘酷品供应链管理有限公司,Men's Tops,Polo Shirts,丰富度P0,增长,10+,高转化+高变现,爆品,https://p16-she-va.ibyteimg.com/tos-maliva-i-g9dfdl17fc-us/0e59ee6e586d49cbae5672513c1572fc~tplv-g9dfdl17fc-origin-image.image,https://shop.tiktok.com/view/product/1729480822614169795?region=ES&locale=es,228.90,157.53,566.12,10,7,22.89,28.24,113,4.6,0.0%,0.0%,1.8%,3.6%,15.03,0.66,1件,/,女装标准码,否,否,是,丰富度P0｜增长｜10+销量｜高转化+高变现,Aeolus rid=6082893 / sid=3062689,2026-08-08 21:52
B级观察,ES,1729780046409996540,S260314060827,宁波御力电子商务有限公司,Men's Tops,T-shirts,丰富度P0,增长,10+,高点击+高变现,滞销,https://p16-she-va.ibyteimg.com/tos-alisg-i-f7lenjegsh-sg/12af334df5994859add47b55e6282d91~tplv-g9dfdl17fc-origin-image.image,https://shop.tiktok.com/view/product/1729780046409996540?region=ES&locale=es,201.03,156.85,510.61,10,8,20.10,23.63,15,4.5,100.0%,0.0%,2.9%,0.5%,2.75,0.14,/,/,/,否,否,是,丰富度P0｜增长｜10+销量｜高点击+高变现,Aeolus rid=6082893 / sid=3062689,2026-08-08 21:52
B级观察,US,1732289015320908039,S260313051548,宁波慈溪雨谦服装有限公司,Men's Bottoms,Men's Pants,丰富度P0,增长,10+,高点击+高转化+高变现,平销,https://p16-she-va.ibyteimg.com/tos-alisg-i-f7lenjegsh-sg/2bbf94947f304fad94cc531431fe2654~tplv-g9dfdl17fc-origin-image.image,https://shop.tiktok.com/view/product/1732289015320908039?region=US&locale=en,297.60,156.82,924.81,19,10,15.66,25.09,38,4.2,100.0%,0.0%,2.4%,7.2%,32.44,1.74,/,/,/,否,否,否,丰富度P0｜增长｜10+销量｜高点击+高转化+高变现,Aeolus rid=6082893 / sid=3062689,2026-08-08 21:52
B级观察,US,1729663509923991745,S240909000680,北京优禄客商贸有限公司,Men's Tops,Jackets & Coats,丰富度P0,增长,10+,高点击+高变现,滞销,https://p16-she-va.ibyteimg.com/tos-maliva-i-g9dfdl17fc-us/6d70fcada72a45d78c2c0441ae418ffe~tplv-g9dfdl17fc-origin-image.image,https://shop.tiktok.com/view/product/1729663509923991745?region=US&locale=en,503.79,156.48,1663.08,15,6,33.59,48.34,19,4.6,0.0%,0.0%,2.1%,1.0%,7.00,0.21,1件,/,女装标准码,否,否,否,丰富度P0｜增长｜10+销量｜高点击+高变现,Aeolus rid=6082893 / sid=3062689,2026-08-08 21:52
B级观察,US,1732352592719418065,S260417012909,上饶艺浔服饰有限公司,Men's Suits & Sets,Men's Clothing Sets,非P0补充,增长,10+,高点击+高转化+高变现,滞销,https://p16-she-va.ibyteimg.com/tos-alisg-i-f7lenjegsh-sg/70aa158c1947473c93e9c00af0ad3fb1~tplv-g9dfdl17fc-origin-image.image,https://shop.tiktok.com/view/product/1732352592719418065?region=US&locale=en,170.57,156.23,473.47,10,9,17.06,21.29,1653,4.1,0.0%,0.0%,6.2%,11.8%,124.32,7.29,1套,/,/,是,否,是,非P0补充｜增长｜10+销量｜高点击+高转化+高变现,Aeolus rid=6082893 / sid=3062689,2026-08-08 21:52
B级观察,GB,1729745640717785961,S260107003534,赣州大衫科技有限公司,Men's Bottoms,Men's Shorts,非P0补充,增长,破0件,高点击+高转化+高变现,爆品,https://p16-she-va.ibyteimg.com/tos-alisg-i-f7lenjegsh-sg/d7cd91f29ba94cf0b97b2733d802fe74~tplv-g9dfdl17fc-origin-image.image,https://shop.tiktok.com/view/product/1729745640717785961?region=GB&locale=en,156.20,156.20,257.11,6,6,26.03,33.34,203,4.3,0.0%,0.0%,2.8%,12.8%,93.87,3.61,1件,/,/,是,否,是,非P0补充｜增长｜破0件销量｜高点击+高转化+高变现,Aeolus rid=6082893 / sid=3062689,2026-08-08 21:52
B级观察,US,1729470251378774776,S240417002211,福穩有限公司,Men's Tops,T-shirts,丰富度P0,增长,10+,高点击+高转化+高变现,平销,https://p16-she-va.ibyteimg.com/tos-alisg-i-f7lenjegsh-sg/2bf833eed5f04bde8b1ee1aff994e744~tplv-g9dfdl17fc-origin-image.image,https://shop.tiktok.com/view/product/1729470251378774776?region=US&locale=en,1149.95,155.85,3990.35,37,6,31.08,37.89,116,4.8,66.7%,0.0%,3.5%,5.2%,55.95,1.80,5件,/,女装标准码,否,否,是,丰富度P0｜增长｜10+销量｜高点击+高转化+高变现,Aeolus rid=6082893 / sid=3062689,2026-08-08 21:52
B级观察,GB,1729876507229789007,S260719012872,广州市天河区舒珩服饰贸易商行（个体工商户）,Men's Suits & Sets,Men's Clothing Sets,丰富度P0,增长,10+,高点击+高转化+高变现,平销,https://p16-she-va.ibyteimg.com/tos-alisg-i-f7lenjegsh-sg/107c8cedd3c14d1eb21d753f80787ae7~tplv-g9dfdl17fc-origin-image.image,https://shop.tiktok.com/view/product/1729876507229789007?region=GB&locale=en,438.35,155.58,794.63,27,10,16.24,28.23,950,4.6,0.0%,0.0%,3.5%,4.8%,27.29,1.68,2件套,/,/,是,否,是,丰富度P0｜增长｜10+销量｜高点击+高转化+高变现,Aeolus rid=6082893 / sid=3062689,2026-08-08 21:52
B级观察,FR,1729579996077922488,S250719004586,海丰县城东镇鹏力电子商务,Men's Suits & Sets,Men's Suits,非P0补充,增长,破0件,高点击+高变现,滞销,https://p16-she-va.ibyteimg.com/tos-alisg-i-f7lenjegsh-sg/d1bdec1285d8461eb6566a4683e4785b~tplv-g9dfdl17fc-origin-image.image,https://shop.tiktok.com/view/product/1729579996077922488?region=FR&locale=fr,236.65,155.44,852.89,3,2,78.88,106.65,925,4.2,0.0%,0.0%,3.5%,0.6%,17.37,0.22,2件,/,/,是,否,否,非P0补充｜增长｜破0件销量｜高点击+高变现,Aeolus rid=6082893 / sid=3062689,2026-08-08 21:52
B级观察,US,1732502492987953999,S260720030718,广州市天河区舒珩服饰贸易商行（个体工商户）,Men's Bottoms,Men's Pants,丰富度P0,增长,破0件,高点击+高转化+高变现,平销,https://p16-she-va.ibyteimg.com/tos-alisg-i-f7lenjegsh-sg/d53fb654c3b746d8b055d78ad9f3475d~tplv-g9dfdl17fc-origin-image.image,https://shop.tiktok.com/view/product/1732502492987953999?region=US&locale=en,328.23,154.64,501.82,8,0,41.03,62.39,1688,4.6,0.0%,0.0%,4.7%,4.4%,85.17,2.08,/,/,/,是,否,是,丰富度P0｜增长｜破0件销量｜高点击+高转化+高变现,Aeolus rid=6082893 / sid=3062689,2026-08-08 21:52
B级观察,DE,1729796159162391409,S260410049463,石狮市栋清贸易有限公司,Men's Tops,T-shirts,丰富度P0,增长,10+,高变现,爆品,https://p16-she-va.ibyteimg.com/tos-alisg-i-f7lenjegsh-sg/94e14f90706f477a844b3c5ff360b52b~tplv-g9dfdl17fc-origin-image.image,https://shop.tiktok.com/view/product/1729796159162391409?region=DE&locale=de,506.53,154.44,1837.17,11,3,46.05,64.56,388,4.5,100.0%,0.0%,1.4%,1.1%,6.96,0.15,/,/,/,否,否,是,丰富度P0｜增长｜10+销量｜高变现,Aeolus rid=6082893 / sid=3062689,2026-08-08 21:52
B级观察,ES,1729591698856777987,S250719019591,义乌市营航贸易有限公司,Men's Tops,Polo Shirts,非P0补充,增长,10+,高转化+高变现,爆品,https://p16-she-va.ibyteimg.com/tos-maliva-i-g9dfdl17fc-us/8cc36ac04819409da372c5f78b94e695~tplv-g9dfdl17fc-origin-image.image,https://shop.tiktok.com/view/product/1729591698856777987?region=ES&locale=es,251.74,154.38,711.74,11,7,22.89,29.39,112,4.5,100.0%,0.0%,1.7%,2.7%,11.98,0.48,1件,/,/,否,否,是,非P0补充｜增长｜10+销量｜高转化+高变现,Aeolus rid=6082893 / sid=3062689,2026-08-08 21:52
B级观察,US,1731775494496817236,S250914013900,铅山县本念贸易有限公司,Men's Suits & Sets,Men's Clothing Sets,非P0补充,增长,破0件,高点击+高转化+高变现,滞销,https://p16-she-va.ibyteimg.com/tos-alisg-i-f7lenjegsh-sg/8ee4fe47f283471fb50a70502fcf5aef~tplv-g9dfdl17fc-origin-image.image,https://shop.tiktok.com/view/product/1731775494496817236?region=US&locale=en,154.35,154.35,296.93,6,6,25.72,39.19,125,4.3,0.0%,0.0%,2.5%,3.8%,29.48,0.95,1套,/,/,是,否,否,非P0补充｜增长｜破0件销量｜高点击+高转化+高变现,Aeolus rid=6082893 / sid=3062689,2026-08-08 21:52
B级观察,US,1732411819635282000,S260522002641,广州卓迅服饰有限公司,Men's Bottoms,Men's Jeans,非P0补充,增长,破0件,高点击+高转化+高变现,滞销,https://p16-she-va.ibyteimg.com/tos-alisg-i-f7lenjegsh-sg/70a01abbe9b2477bb77b35cc00923b96~tplv-g9dfdl17fc-origin-image.image,https://shop.tiktok.com/view/product/1732411819635282000?region=US&locale=en,155.46,154.31,298.28,6,3,25.91,42.29,981,3.8,0.0%,0.0%,5.8%,4.0%,60.56,2.34,1件,/,/,是,否,是,非P0补充｜增长｜破0件销量｜高点击+高转化+高变现,Aeolus rid=6082893 / sid=3062689,2026-08-08 21:52
B级观察,DE,1729491633054914932,S240313006988,广州乐简服饰有限公司,Men's Tops,Shirts,丰富度P0,增长,10+,高转化+高变现,大爆,https://p16-she-va.ibyteimg.com/tos-alisg-i-f7lenjegsh-sg/fa6b09873a304f02b83feefa64af6ee8~tplv-g9dfdl17fc-origin-image.image,https://shop.tiktok.com/view/product/1729491633054914932?region=DE&locale=de,413.30,154.23,1464.97,21,5,19.68,27.09,222,4.5,0.0%,0.0%,1.4%,4.2%,12.43,0.60,1件,/,女装标准码,否,否,是,丰富度P0｜增长｜10+销量｜高转化+高变现,Aeolus rid=6082893 / sid=3062689,2026-08-08 21:52
B级观察,US,1732435810869875171,S260609039346,宣城海聚力电子商务有限公司,Men's Suits & Sets,Men's Clothing Sets,丰富度P0,增长,10+,高点击+高转化+高变现,滞销,https://p16-she-va.ibyteimg.com/tos-alisg-i-f7lenjegsh-sg/d5d2176d73f24be8b4e152c52c490321~tplv-g9dfdl17fc-origin-image.image,https://shop.tiktok.com/view/product/1732435810869875171?region=US&locale=en,423.52,154.15,1235.30,23,9,18.41,28.49,2425,4.2,0.0%,0.0%,5.4%,4.2%,45.76,2.27,2件套,/,/,是,否,是,丰富度P0｜增长｜10+销量｜高点击+高转化+高变现,Aeolus rid=6082893 / sid=3062689,2026-08-08 21:52
B级观察,US,1731187911693538234,S250514004644,香港駿達嘉貿易有限公司,Men's Tops,T-shirts,非P0补充,增长,破0件,高点击+高转化+高变现,滞销,https://p16-she-va.ibyteimg.com/tos-alisg-i-f7lenjegsh-sg/d126a652f0db46d29abd48e1cb9199d6~tplv-g9dfdl17fc-origin-image.image,https://shop.tiktok.com/view/product/1731187911693538234?region=US&locale=en,187.50,153.96,293.71,7,6,26.79,59.89,596,4.0,0.0%,0.0%,8.1%,7.0%,351.78,5.63,4件,/,/,是,否,是,非P0补充｜增长｜破0件销量｜高点击+高转化+高变现,Aeolus rid=6082893 / sid=3062689,2026-08-08 21:52
B级观察,MX,1733693848635147451,S251223017469,宁波简潮阁服饰有限公司,Men's Tops,T-shirts,非P0补充,增长,10+,高点击+高转化+高变现,爆品,https://p16-she-va.ibyteimg.com/tos-alisg-i-f7lenjegsh-sg/3e1222f27db94366a570e3613b47b6ce~tplv-g9dfdl17fc-origin-image.image,https://shop.tiktok.com/view/product/1733693848635147451?region=MX&locale=es,303.61,153.30,1094.20,29,16,10.47,20.85,291,3.8,100.0%,0.0%,3.2%,4.0%,14.32,1.27,/,/,/,是,否,否,非P0补充｜增长｜10+销量｜高点击+高转化+高变现,Aeolus rid=6082893 / sid=3062689,2026-08-08 21:52
B级观察,US,1732410833747677185,S260521027239,广州市番禺区洛浦薇薇潮牌服装店,Men's Tops,Vests,非P0补充,增长,10+,高点击+高变现,滞销,https://p16-she-va.ibyteimg.com/tos-alisg-i-f7lenjegsh-sg/a62d972e6913467daab5345208ffcb40~tplv-g9dfdl17fc-origin-image.image,https://shop.tiktok.com/view/product/1732410833747677185?region=US&locale=en,215.10,153.11,305.26,14,11,15.36,23.19,649,4.9,0.0%,0.0%,3.8%,0.9%,5.12,0.33,1件,/,/,是,否,是,非P0补充｜增长｜10+销量｜高点击+高变现,Aeolus rid=6082893 / sid=3062689,2026-08-08 21:52
B级观察,GB,1729799668931075002,S260415031982,香港駿達嘉貿易有限公司,Men's Tops,Shirts,丰富度P0,增长,50+,高点击+高转化+高变现,爆品,https://p16-she-va.ibyteimg.com/tos-alisg-i-f7lenjegsh-sg/6f416f139ad0432aaa0f1f0fea62bdf2~tplv-g9dfdl17fc-origin-image.image,https://shop.tiktok.com/view/product/1729799668931075002?region=GB&locale=en,1909.76,153.04,8790.87,71,6,26.90,51.77,384,4.2,100.0%,0.0%,2.6%,4.1%,28.03,1.04,3件,/,/,是,否,否,丰富度P0｜增长｜50+销量｜高点击+高转化+高变现,Aeolus rid=6082893 / sid=3062689,2026-08-08 21:52
B级观察,GB,1729463302441307326,S250219010111,杭州萧山储杰服装厂（个体工商户）,Men's Tops,Polo Shirts,丰富度P0,增长,10+,高点击+高转化+高变现,滞销,https://p16-she-va.ibyteimg.com/tos-maliva-i-g9dfdl17fc-us/eb62ebcf640b496b8c5136a6ce86474c~tplv-g9dfdl17fc-origin-image.image,https://shop.tiktok.com/view/product/1729463302441307326?region=GB&locale=en,275.23,152.64,796.65,11,6,25.02,47.06,53,4.2,0.0%,0.0%,5.1%,4.1%,52.73,2.11,3件,/,/,否,否,是,丰富度P0｜增长｜10+销量｜高点击+高转化+高变现,Aeolus rid=6082893 / sid=3062689,2026-08-08 21:52
B级观察,GB,1729784077317675799,S260322003712,上饶市伊泽服饰有限公司,Men's Tops,T-shirts,丰富度P0,增长,破0件,高点击+高变现,爆品,https://p16-she-va.ibyteimg.com/tos-alisg-i-f7lenjegsh-sg/dd77212cd46c4b58a5e78d5b6d580d66~tplv-g9dfdl17fc-origin-image.image,https://shop.tiktok.com/view/product/1729784077317675799?region=GB&locale=en,214.16,152.24,630.99,7,5,30.59,58.23,48,4.3,100.0%,0.0%,4.7%,1.5%,21.45,0.70,5件,/,/,否,否,是,丰富度P0｜增长｜破0件销量｜高点击+高变现,Aeolus rid=6082893 / sid=3062689,2026-08-08 21:52
B级观察,US,1732480065540887357,S260707021199,广州烽朔科技有限公司,Men's Bottoms,Men's Jeans,丰富度P0,增长,破0件,高点击+高转化+高变现,平销,https://p16-she-va.ibyteimg.com/tos-alisg-i-f7lenjegsh-sg/84095065b0d84b389ac511f060866135~tplv-g9dfdl17fc-origin-image.image,https://shop.tiktok.com/view/product/1732480065540887357?region=US&locale=en,212.16,152.22,317.97,8,6,26.52,60.19,7,4.6,0.0%,0.0%,5.6%,3.8%,56.41,2.13,1件,/,/,是,否,是,丰富度P0｜增长｜破0件销量｜高点击+高转化+高变现,Aeolus rid=6082893 / sid=3062689,2026-08-08 21:52
B级观察,FR,1729787065593272802,S260315007909,石狮市民浩贸易有限公司,Men's Suits & Sets,Men's Clothing Sets,丰富度P0,增长,10+,高变现,大爆,https://p16-she-va.ibyteimg.com/tos-alisg-i-f7lenjegsh-sg/8bd8b23ac3f7443b87274f3cd9c2dc65~tplv-g9dfdl17fc-origin-image.image,https://shop.tiktok.com/view/product/1729787065593272802?region=FR&locale=fr,476.07,152.13,2636.51,17,1,28.00,39.19,494,4.1,33.3%,0.0%,1.4%,1.5%,6.03,0.20,2件,/,/,否,否,是,丰富度P0｜增长｜10+销量｜高变现,Aeolus rid=6082893 / sid=3062689,2026-08-08 21:52
B级观察,GB,1729645083098847988,S250905032029,广州韩忆服饰有限公司,Men's Bottoms,Men's Pants,非P0补充,增长,10+,高点击+高转化+高变现,爆品,https://p16-she-va.ibyteimg.com/tos-alisg-i-f7lenjegsh-sg/762d8164178541e299f641772333c3fc~tplv-g9dfdl17fc-origin-image.image,https://shop.tiktok.com/view/product/1729645083098847988?region=GB&locale=en,338.75,151.13,766.64,15,7,22.58,30.92,86,4.4,50.0%,0.0%,2.6%,2.4%,14.75,0.61,1件,/,/,否,否,否,非P0补充｜增长｜10+销量｜高点击+高转化+高变现,Aeolus rid=6082893 / sid=3062689,2026-08-08 21:52
B级观察,US,1729482295394473728,S260128059964,石狮市毳毳服装厂（个体工商户）,Men's Bottoms,Men's Jeans,丰富度P0,增长,10+,高点击+高转化+高变现,滞销,https://p16-she-va.ibyteimg.com/tos-alisg-i-f7lenjegsh-sg/10680ead64ed409aa2b479560b5f39e2~tplv-g9dfdl17fc-origin-image.image,https://shop.tiktok.com/view/product/1729482295394473728?region=US&locale=en,381.92,149.36,1472.10,16,7,23.87,36.49,1175,4.1,0.0%,0.0%,6.2%,3.5%,51.54,2.16,1件,/,/,是,否,是,丰富度P0｜增长｜10+销量｜高点击+高转化+高变现,Aeolus rid=6082893 / sid=3062689,2026-08-08 21:52
B级观察,GB,1729598473358842862,S250805020418,广州市天河区洋绮服饰商行（个体工商户）,Men's Suits & Sets,Men's Clothing Sets,非P0补充,增长,破0件,高点击+高变现,滞销,https://p16-she-va.ibyteimg.com/tos-alisg-i-f7lenjegsh-sg/088a80ef27074a1083e1d4b5b89e8d4b~tplv-g9dfdl17fc-origin-image.image,https://shop.tiktok.com/view/product/1729598473358842862?region=GB&locale=en,238.86,149.22,710.44,8,5,29.86,43.03,892,4.6,0.0%,0.0%,3.4%,1.6%,16.47,0.55,2件套,/,/,是,否,是,非P0补充｜增长｜破0件销量｜高点击+高变现,Aeolus rid=6082893 / sid=3062689,2026-08-08 21:52
B级观察,US,1729489058051887850,S240511005297,广州市天河区颜绮商品零售店（个体工商户）,Men's Tops,T-shirts,丰富度P0,增长,10+,高点击+高转化+高变现,滞销,https://p16-she-va.ibyteimg.com/tos-alisg-i-f7lenjegsh-sg/3d6c9ca59b0049d891adf5400b2149d7~tplv-g9dfdl17fc-origin-image.image,https://shop.tiktok.com/view/product/1729489058051887850?region=US&locale=en,567.11,149.08,2101.19,19,5,29.85,28.29,7567,4.6,0.0%,0.0%,5.5%,3.3%,54.50,1.83,4件,/,女装标准码,是,否,是,丰富度P0｜增长｜10+销量｜高点击+高转化+高变现,Aeolus rid=6082893 / sid=3062689,2026-08-08 21:52
B级观察,IT,1729826776325659303,S260509025845,石狮市谦莫服饰有限公司,Men's Bottoms,Men's Shorts,丰富度P0,增长,破0件,高点击+高转化+高变现,滞销,https://p16-she-va.ibyteimg.com/tos-alisg-i-f7lenjegsh-sg/2c14029001504c3db36c8eb3c117fd64~tplv-g9dfdl17fc-origin-image.image,https://shop.tiktok.com/view/product/1729826776325659303?region=IT&locale=it,148.41,148.41,285.49,4,4,37.10,31.12,3427,4.3,0.0%,0.0%,4.7%,10.7%,249.01,5.03,1/2/3,/,/,是,否,是,丰富度P0｜增长｜破0件销量｜高点击+高转化+高变现,Aeolus rid=6082893 / sid=3062689,2026-08-08 21:52
B级观察,GB,1729875224465545723,S260717004313,慈溪烨沁服装厂（个体工商户）,Men's Bottoms,Men's Pants,丰富度P0,增长,10+,高转化+高变现,平销,https://p16-she-va.ibyteimg.com/tos-alisg-i-f7lenjegsh-sg/8a5ea41926904172924a0522fc117c2d~tplv-g9dfdl17fc-origin-image.image,https://shop.tiktok.com/view/product/1729875224465545723?region=GB&locale=en,659.64,148.05,1171.22,35,13,18.85,30.25,364,3.9,100.0%,0.0%,1.4%,4.9%,15.62,0.66,/,/,/,是,否,是,丰富度P0｜增长｜10+销量｜高转化+高变现,Aeolus rid=6082893 / sid=3062689,2026-08-08 21:52
B级观察,US,1732476540086030950,S260706015481,汕头市龙湖区雁珊毛织加工场,Men's Tops,Knitwear,丰富度P0,增长,破0件,高点击+高转化+高变现,平销,https://p16-she-va.ibyteimg.com/tos-alisg-i-f7lenjegsh-sg/508c15a1d394403d92c263cf7d83fb3e~tplv-g9dfdl17fc-origin-image.image,https://shop.tiktok.com/view/product/1732476540086030950?region=US&locale=en,148.02,148.02,183.95,8,8,18.50,30.19,22,4.5,0.0%,0.0%,4.3%,3.4%,26.97,1.46,/,/,/,是,否,是,丰富度P0｜增长｜破0件销量｜高点击+高转化+高变现,Aeolus rid=6082893 / sid=3062689,2026-08-08 21:52
B级观察,US,1732358902979268905,S260422019611,香港辰希电子商务有限公司,Men's Bottoms,Men's Shorts,非P0补充,增长,10+,高点击+高变现,平销,https://p16-she-va.ibyteimg.com/tos-alisg-i-f7lenjegsh-sg/4cd038ab4eac4fab8ead37e971553bb5~tplv-g9dfdl17fc-origin-image.image,https://shop.tiktok.com/view/product/1732358902979268905?region=US&locale=en,544.39,147.62,3742.99,45,12,12.10,17.29,345,4.9,100.0%,0.0%,6.7%,0.5%,4.32,0.35,1件,/,/,是,否,是,非P0补充｜增长｜10+销量｜高点击+高变现,Aeolus rid=6082893 / sid=3062689,2026-08-08 21:52
B级观察,US,1732448344219292592,S260618003418,广州市黄埔区袁清服饰商行（个体工商户）,Men's Tops,T-shirts,丰富度P0,增长,破0件,高点击+高转化+高变现,滞销,https://p16-she-va.ibyteimg.com/tos-alisg-i-f7lenjegsh-sg/8e61c74290454fa2946df4e281f2cf90~tplv-g9dfdl17fc-origin-image.image,https://shop.tiktok.com/view/product/1732448344219292592?region=US&locale=en,147.41,147.41,446.83,5,5,29.48,52.19,1861,4.2,0.0%,0.0%,5.3%,5.9%,115.80,3.14,4件,/,/,是,否,是,丰富度P0｜增长｜破0件销量｜高点击+高转化+高变现,Aeolus rid=6082893 / sid=3062689,2026-08-08 21:52
B级观察,US,1732488883988828514,S260713015715,广州市黄埔区施伦商贸店（个体工商户）,Men's Tops,Vests,丰富度P0,增长,10+,高点击+高变现,平销,https://p16-she-va.ibyteimg.com/tos-alisg-i-f7lenjegsh-sg/dddb88a119a042fc97dead06a6c1e5d5~tplv-g9dfdl17fc-origin-image.image,https://shop.tiktok.com/view/product/1732488883988828514?region=US&locale=en,189.78,147.22,232.34,10,7,18.98,27.39,1487,3.9,0.0%,0.0%,4.3%,1.1%,8.74,0.46,1件,/,/,是,否,是,丰富度P0｜增长｜10+销量｜高点击+高变现,Aeolus rid=6082893 / sid=3062689,2026-08-08 21:52
B级观察,US,1732171344251359586,S251224041210,广州市黄埔区施伦商贸店（个体工商户）,Men's Tops,Hoodies & Sweatshirts,非P0补充,增长,10+,高点击+高转化+高变现,平销,https://p16-she-va.ibyteimg.com/tos-alisg-i-f7lenjegsh-sg/870f0e3d04944f6b967bcebece925b2d~tplv-g9dfdl17fc-origin-image.image,https://shop.tiktok.com/view/product/1732171344251359586?region=US&locale=en,606.96,146.90,1636.56,27,6,22.48,36.19,1817,3.9,0.0%,0.0%,3.1%,2.1%,14.53,0.65,1件,/,/,是,否,是,非P0补充｜增长｜10+销量｜高点击+高转化+高变现,Aeolus rid=6082893 / sid=3062689,2026-08-08 21:52
B级观察,ES,1729500116465589178,S250419001714,香港駿達嘉貿易有限公司,Men's Tops,Shirts,非P0补充,增长,破0件,高转化+高变现,平销,https://p16-she-va.ibyteimg.com/tos-alisg-i-f7lenjegsh-sg/bd95834bdb624d9a93e814469ce5b32b~tplv-g9dfdl17fc-origin-image.image,https://shop.tiktok.com/view/product/1729500116465589178?region=ES&locale=es,200.93,146.72,629.80,7,5,28.70,27.66,75,4.7,0.0%,0.0%,1.9%,10.3%,55.86,1.95,1件,/,/,否,否,是,非P0补充｜增长｜破0件销量｜高转化+高变现,Aeolus rid=6082893 / sid=3062689,2026-08-08 21:52
B级观察,US,1731828432158167800,S250925037865,晋江森天迪玛服饰贸易有限公司,Men's Bottoms,Men's Pants,丰富度P0,增长,10+,高转化+高变现,爆品,https://p16-she-va.ibyteimg.com/tos-alisg-i-f7lenjegsh-sg/7d758df5bacb4cddaeb4c8b874bee6bd~tplv-g9dfdl17fc-origin-image.image,https://shop.tiktok.com/view/product/1731828432158167800?region=US&locale=en,418.64,146.47,1596.36,31,11,13.50,19.39,162,4.3,0.0%,0.0%,1.5%,3.8%,7.98,0.59,1件,/,/,是,否,是,丰富度P0｜增长｜10+销量｜高转化+高变现,Aeolus rid=6082893 / sid=3062689,2026-08-08 21:52
B级观察,GB,1729778384943945947,S260311068396,广州市白云区石门街华皓服装服饰店（个体工商户）,Men's Tops,T-shirts,丰富度P0,增长,50+,高点击+高转化+高变现,爆品,https://p16-she-va.ibyteimg.com/tos-alisg-i-f7lenjegsh-sg/97f68b6655de49deab95f2becd11c41a~tplv-g9dfdl17fc-origin-image.image,https://shop.tiktok.com/view/product/1729778384943945947?region=GB&locale=en,956.55,146.44,3900.30,71,11,13.47,17.20,7461,4.8,44.4%,0.0%,5.0%,2.2%,14.87,1.10,/,/,/,是,否,否,丰富度P0｜增长｜50+销量｜高点击+高转化+高变现,Aeolus rid=6082893 / sid=3062689,2026-08-08 21:52
B级观察,FR,1729829961871694306,S260516016513,石狮市民浩贸易有限公司,Men's Suits & Sets,Men's Clothing Sets,丰富度P0,增长,破0件,高点击+高变现,爆品,https://p16-she-va.ibyteimg.com/tos-alisg-i-f7lenjegsh-sg/f1da8f9fde8a46f89d8680922ec8b5c1~tplv-g9dfdl17fc-origin-image.image,https://shop.tiktok.com/view/product/1729829961871694306?region=FR&locale=fr,246.81,146.42,550.03,5,3,49.36,60.53,251,4.1,0.0%,0.0%,2.3%,1.4%,15.66,0.32,2件,/,/,是,否,是,丰富度P0｜增长｜破0件销量｜高点击+高变现,Aeolus rid=6082893 / sid=3062689,2026-08-08 21:52
B级观察,GB,1729421304096984632,S240624005640,广州市侃耶服装有限公司,Men's Bottoms,Men's Jeans,丰富度P0,增长,50+,高点击+高变现,爆品,https://p16-she-va.ibyteimg.com/tos-alisg-i-f7lenjegsh-sg/0ba1bbd30eb541daa63cad462c013d05~tplv-g9dfdl17fc-origin-image.image,https://shop.tiktok.com/view/product/1729421304096984632?region=GB&locale=en,1348.93,146.42,4084.34,79,13,17.08,34.96,59,4.1,63.6%,0.0%,3.7%,1.6%,10.05,0.58,1件,/,女装标准码,是,否,是,丰富度P0｜增长｜50+销量｜高点击+高变现,Aeolus rid=6082893 / sid=3062689,2026-08-08 21:52
B级观察,FR,1729631661853743412,S250910030975,石狮市杰建日用百货商行,Men's Bottoms,Men's Pants,丰富度P0,增长,10+,高点击+高转化+高变现,爆品,https://p16-she-va.ibyteimg.com/tos-alisg-i-f7lenjegsh-sg/d97a6eda33114106965f17111bae7dae~tplv-g9dfdl17fc-origin-image.image,https://shop.tiktok.com/view/product/1729631661853743412?region=FR&locale=fr,199.52,146.08,480.14,10,7,19.95,29.97,6406,4.6,0.0%,0.0%,2.8%,2.2%,12.62,0.63,/,/,/,是,否,是,丰富度P0｜增长｜10+销量｜高点击+高转化+高变现,Aeolus rid=6082893 / sid=3062689,2026-08-08 21:52
B级观察,MX,1731885760497027413,S240924007845,广州市白云区石门街星澜外贸服饰店（个体工商户）,Men's Tops,Shirts,丰富度P0,增长,10+,高点击+高变现,滞销,https://p16-she-va.ibyteimg.com/tos-alisg-i-f7lenjegsh-sg/47f8d2a5ce3548ad80bf1e9c0d57b864~tplv-g9dfdl17fc-origin-image.image,https://shop.tiktok.com/view/product/1731885760497027413?region=MX&locale=es,223.83,145.94,784.22,13,8,17.22,19.08,876,4.9,0.0%,0.0%,4.1%,1.5%,10.37,0.60,1件,/,/,是,否,是,丰富度P0｜增长｜10+销量｜高点击+高变现,Aeolus rid=6082893 / sid=3062689,2026-08-08 21:52
B级观察,US,1730902119027347651,S250302008295,于都琪璘酷品供应链管理有限公司,Men's Tops,Polo Shirts,丰富度P0,增长,破0件,高转化+高变现,滞销,https://p16-she-va.ibyteimg.com/tos-alisg-i-f7lenjegsh-sg/29edeb037bc44a1e9b400821856f0a8c~tplv-g9dfdl17fc-origin-image.image,https://shop.tiktok.com/view/product/1730902119027347651?region=US&locale=en,145.93,145.93,949.64,3,3,48.64,81.99,15,4.8,0.0%,0.0%,0.8%,2.8%,10.74,0.22,5件,/,/,否,否,是,丰富度P0｜增长｜破0件销量｜高转化+高变现,Aeolus rid=6082893 / sid=3062689,2026-08-08 21:52
B级观察,GB,1729796671573301743,S260411035747,晋江市狮墨服装有限公司,Men's Tops,Jackets & Coats,丰富度P0,增长,10+,高点击+高变现,滞销,https://p16-she-va.ibyteimg.com/tos-alisg-i-f7lenjegsh-sg/f900c23e4d8d4085ab922451e9e8edbb~tplv-g9dfdl17fc-origin-image.image,https://shop.tiktok.com/view/product/1729796671573301743?region=GB&locale=en,389.39,145.88,942.53,12,4,32.45,45.45,269,4.3,50.0%,0.0%,5.1%,0.6%,9.67,0.30,1件,/,/,是,否,否,丰富度P0｜增长｜10+销量｜高点击+高变现,Aeolus rid=6082893 / sid=3062689,2026-08-08 21:52
B级观察,GB,1729536872391743741,S250610018732,广州市番禺区鑫鸿婷服饰商行（个体工商户）,Men's Tops,Vests,丰富度P0,增长,10+,高转化+高变现,平销,https://p16-she-va.ibyteimg.com/tos-alisg-i-f7lenjegsh-sg/2240e612e5a14e19a8841afd2cb92a03~tplv-g9dfdl17fc-origin-image.image,https://shop.tiktok.com/view/product/1729536872391743741?region=GB&locale=en,441.02,145.54,2582.07,25,5,17.64,22.18,396,4.7,0.0%,0.0%,1.5%,8.0%,22.20,1.21,1件,/,/,是,否,否,丰富度P0｜增长｜10+销量｜高转化+高变现,Aeolus rid=6082893 / sid=3062689,2026-08-08 21:52
B级观察,FR,1729772154498358200,S260203056354,广州市增城坦爵服装商行,Men's Bottoms,Men's Jeans,丰富度P0,增长,破0件,高点击+高变现,爆品,https://p16-she-va.ibyteimg.com/tos-alisg-i-f7lenjegsh-sg/32d1bd13ba814160bd845258ec65907c~tplv-g9dfdl17fc-origin-image.image,https://shop.tiktok.com/view/product/1729772154498358200?region=FR&locale=fr,144.86,144.86,181.34,4,4,36.21,49.00,136,4.6,100.0%,0.0%,3.3%,2.0%,23.93,0.66,1件,/,/,否,否,是,丰富度P0｜增长｜破0件销量｜高点击+高变现,Aeolus rid=6082893 / sid=3062689,2026-08-08 21:52
B级观察,GB,1729833245358069977,S260520015225,广州浮顾纯服饰有限公司,Men's Bottoms,Men's Shorts,丰富度P0,增长,破0件,高点击+高转化+高变现,滞销,https://p16-she-va.ibyteimg.com/tos-alisg-i-f7lenjegsh-sg/f0d2b0e3ee3a4930964c019b2478a811~tplv-g9dfdl17fc-origin-image.image,https://shop.tiktok.com/view/product/1729833245358069977?region=GB&locale=en,192.66,144.67,291.32,9,7,21.41,33.34,37,4.6,0.0%,0.0%,2.9%,6.8%,48.41,2.01,1件,/,/,否,否,是,丰富度P0｜增长｜破0件销量｜高点击+高转化+高变现,Aeolus rid=6082893 / sid=3062689,2026-08-08 21:52
B级观察,GB,1729871947305425419,S260713011844,天津市宁河区润奇哲百货经营部（个体工商户）,Men's Suits & Sets,Men's Clothing Sets,丰富度P0,增长,破0件,高点击+高转化+高变现,平销,https://p16-she-va.ibyteimg.com/tos-alisg-i-f7lenjegsh-sg/226b037997ba483c88c2efb7e494137c~tplv-g9dfdl17fc-origin-image.image,https://shop.tiktok.com/view/product/1729871947305425419?region=GB&locale=en,144.09,144.09,247.39,7,7,20.58,36.30,13955,4.6,0.0%,0.0%,2.4%,11.1%,54.50,2.65,一套,/,/,是,否,是,丰富度P0｜增长｜破0件销量｜高点击+高转化+高变现,Aeolus rid=6082893 / sid=3062689,2026-08-08 21:52
B级观察,US,1729684836774744222,S240913007373,宁波东斐工贸有限公司,Men's Tops,Hoodies & Sweatshirts,丰富度P0,增长,破0件,高点击+高转化+高变现,滞销,https://p16-she-va.ibyteimg.com/tos-alisg-i-f7lenjegsh-sg/b3ad0ce623d54e99a661a1e449d0b89d~tplv-g9dfdl17fc-origin-image.image,https://shop.tiktok.com/view/product/1729684836774744222?region=US&locale=en,143.44,143.44,225.64,7,7,20.49,31.79,576,4.9,100.0%,0.0%,2.4%,7.6%,37.09,1.81,1/2件,/,女装标准码,是,是,否,丰富度P0｜增长｜破0件销量｜高点击+高转化+高变现,Aeolus rid=6082893 / sid=3062689,2026-08-08 21:52
B级观察,GB,1729829206690273525,S260514035744,广州市海珠区诚远纺织商行,Men's Tops,Shirts,丰富度P0,增长,破0件,高点击+高转化+高变现,滞销,https://p16-she-va.ibyteimg.com/tos-alisg-i-f7lenjegsh-sg/5e0267a0229c4edc8e7a319ae328f04e~tplv-g9dfdl17fc-origin-image.image,https://shop.tiktok.com/view/product/1729829206690273525?region=GB&locale=en,206.06,143.44,385.33,7,5,29.44,66.30,28,4.7,0.0%,0.0%,5.4%,5.0%,79.90,2.71,/,/,/,否,否,是,丰富度P0｜增长｜破0件销量｜高点击+高转化+高变现,Aeolus rid=6082893 / sid=3062689,2026-08-08 21:52
B级观察,GB,1729832795812108850,S260520001920,佛山市罗菲迪服饰有限公司,Men's Suits & Sets,Men's Clothing Sets,丰富度P0,增长,10+,高点击+高转化+高变现,平销,https://p16-she-va.ibyteimg.com/tos-alisg-i-f7lenjegsh-sg/efba24b1fd8c486687978b90f9c7ba30~tplv-g9dfdl17fc-origin-image.image,https://shop.tiktok.com/view/product/1729832795812108850?region=GB&locale=en,375.90,143.37,1239.48,19,6,19.78,34.02,16,4.5,100.0%,0.0%,2.1%,4.3%,17.96,0.91,2件套,/,/,否,否,是,丰富度P0｜增长｜10+销量｜高点击+高转化+高变现,Aeolus rid=6082893 / sid=3062689,2026-08-08 21:52
B级观察,GB,1729751458912180689,S260114095662,广州市黄埔区营隆服装店（个体工商户）,Men's Tops,Hoodies & Sweatshirts,非P0补充,增长,10+,高点击+高转化+高变现,滞销,https://p16-she-va.ibyteimg.com/tos-alisg-i-f7lenjegsh-sg/38604c0fc87a408991cdbb7b5e20c7ba~tplv-g9dfdl17fc-origin-image.image,https://shop.tiktok.com/view/product/1729751458912180689?region=GB&locale=en,262.03,141.53,624.79,13,7,20.16,26.89,5068,4.1,0.0%,0.0%,2.9%,7.5%,44.40,2.20,1件,/,/,是,否,是,非P0补充｜增长｜10+销量｜高点击+高转化+高变现,Aeolus rid=6082893 / sid=3062689,2026-08-08 21:52
B级观察,GB,1729779912681888650,S260314031319,广州市番禺区佑时服饰商行（个体工商户）,Men's Tops,T-shirts,丰富度P0,增长,破0件,高点击+高转化+高变现,平销,https://p16-she-va.ibyteimg.com/tos-alisg-i-f7lenjegsh-sg/c6bd4c1a8d5b40a6b1c93c7f0487ede2~tplv-g9dfdl17fc-origin-image.image,https://shop.tiktok.com/view/product/1729779912681888650?region=GB&locale=en,141.23,141.23,178.33,9,9,15.69,22.85,18,4.2,100.0%,0.0%,6.3%,2.0%,19.91,1.27,1件,/,/,否,否,否,丰富度P0｜增长｜破0件销量｜高点击+高转化+高变现,Aeolus rid=6082893 / sid=3062689,2026-08-08 21:52
B级观察,GB,1729868080833075663,S260707029932,义乌市峙山电子商务有限公司,Men's Tops,Polo Shirts,丰富度P0,增长,10+,高点击+高转化+高变现,平销,https://p16-she-va.ibyteimg.com/tos-alisg-i-f7lenjegsh-sg/ee5f651b55aa41adb77f1695afe86a3b~tplv-g9dfdl17fc-origin-image.image,https://shop.tiktok.com/view/product/1729868080833075663?region=GB&locale=en,212.24,140.69,283.79,11,7,19.29,24.87,1655,4.4,0.0%,0.0%,4.1%,5.3%,41.79,2.17,/,/,/,是,否,是,丰富度P0｜增长｜10+销量｜高点击+高转化+高变现,Aeolus rid=6082893 / sid=3062689,2026-08-08 21:52
B级观察,ES,1729480204461578493,S250108005330,广州市番禺区鑫鸿婷服饰商行（个体工商户）,Men's Tops,Vests,丰富度P0,增长,破0件,高转化+高变现,爆品,https://p16-she-va.ibyteimg.com/tos-alisg-i-f7lenjegsh-sg/b9340c702da846d3bd663f0e7a87e21e~tplv-g9dfdl17fc-origin-image.image,https://shop.tiktok.com/view/product/1729480204461578493?region=ES&locale=es,164.47,140.54,423.48,7,6,23.50,32.28,283,4.7,100.0%,0.0%,0.9%,3.1%,6.56,0.28,2件,/,/,是,否,是,丰富度P0｜增长｜破0件销量｜高转化+高变现,Aeolus rid=6082893 / sid=3062689,2026-08-08 21:52
B级观察,GB,1729421735341297396,S240706003922,广州韩忆服饰有限公司,Men's Bottoms,Men's Pants,丰富度P0,增长,10+,高点击+高变现,爆品,https://p16-she-va.ibyteimg.com/tos-alisg-i-f7lenjegsh-sg/423d875b44884399be4a20008e8283dd~tplv-g9dfdl17fc-origin-image.image,https://shop.tiktok.com/view/product/1729421735341297396?region=GB&locale=en,526.28,139.93,1553.92,37,10,14.22,28.23,341,4.4,50.0%,0.0%,3.2%,1.8%,8.25,0.58,1件,/,女装标准码,是,否,是,丰富度P0｜增长｜10+销量｜高点击+高变现,Aeolus rid=6082893 / sid=3062689,2026-08-08 21:52
B级观察,US,1729405982241035083,S230913002841,佛山市芬芬盈亿服饰有限公司,Men's Tops,Knitwear,丰富度P0,增长,破0件,高点击+高变现,滞销,https://p16-she-va.ibyteimg.com/tos-alisg-i-f7lenjegsh-sg/9f2ae748af75465d958001cf4c6be251~tplv-g9dfdl17fc-origin-image.image,https://shop.tiktok.com/view/product/1729405982241035083?region=US&locale=en,220.58,139.72,702.14,8,5,27.57,39.59,32,5.0,0.0%,0.0%,2.1%,2.0%,11.54,0.42,1件,/,女装标准码,否,否,是,丰富度P0｜增长｜破0件销量｜高点击+高变现,Aeolus rid=6082893 / sid=3062689,2026-08-08 21:52
B级观察,US,1732129842134815524,S251208076302,海口龙华倾浅锦服饰工作室（个体工商户）,Men's Tops,Jackets & Coats,非P0补充,增长,10+,高点击+高变现,滞销,https://p16-she-va.ibyteimg.com/tos-alisg-i-f7lenjegsh-sg/4834a733a8834c8c81f5ce9525e2e8fb~tplv-g9dfdl17fc-origin-image.image,https://shop.tiktok.com/view/product/1732129842134815524?region=US&locale=en,286.82,139.65,675.06,10,3,28.68,43.49,696,4.7,0.0%,0.0%,8.0%,1.9%,43.96,1.53,1件,/,/,是,否,是,非P0补充｜增长｜10+销量｜高点击+高变现,Aeolus rid=6082893 / sid=3062689,2026-08-08 21:52
B级观察,GB,1729801319177361447,S260417006882,香港興樂悅貿易有限公司,Men's Suits & Sets,Men's Clothing Sets,丰富度P0,增长,10+,高点击+高转化+高变现,滞销,https://p16-she-va.ibyteimg.com/tos-alisg-i-f7lenjegsh-sg/5add92b720204599adca0d110453d89a~tplv-g9dfdl17fc-origin-image.image,https://shop.tiktok.com/view/product/1729801319177361447?region=GB&locale=en,190.82,139.37,410.41,10,7,19.08,32.00,1032,4.7,0.0%,0.0%,4.6%,7.4%,64.73,3.39,2件套,/,/,是,否,否,丰富度P0｜增长｜10+销量｜高点击+高转化+高变现,Aeolus rid=6082893 / sid=3062689,2026-08-08 21:52
B级观察,US,1732308519609340695,S260324023116,上饶市伊泽服饰有限公司,Men's Tops,T-shirts,丰富度P0,增长,10+,高点击+高转化+高变现,滞销,https://p16-she-va.ibyteimg.com/tos-alisg-i-f7lenjegsh-sg/061af0161d6a4c98b01da8bbf85259c3~tplv-g9dfdl17fc-origin-image.image,https://shop.tiktok.com/view/product/1732308519609340695?region=US&locale=en,244.37,139.03,724.79,10,6,24.44,35.99,10,4.6,50.0%,0.0%,2.2%,3.3%,21.76,0.71,3件,/,/,否,否,是,丰富度P0｜增长｜10+销量｜高点击+高转化+高变现,Aeolus rid=6082893 / sid=3062689,2026-08-08 21:52
B级观察,FR,1729751830406863832,S260115018891,汕头市阳衿贸易有限公司,Men's Tops,Shirts,非P0补充,增长,破0件,高点击+高变现,爆品,https://p16-she-va.ibyteimg.com/tos-alisg-i-f7lenjegsh-sg/c163470e4f1b4457a92f9fe1ceb530b9~tplv-g9dfdl17fc-origin-image.image,https://shop.tiktok.com/view/product/1729751830406863832?region=FR&locale=fr,138.69,138.69,2860.99,2,2,69.34,81.28,6627,4.7,0.0%,0.0%,2.3%,0.4%,6.70,0.10,5件,/,/,是,否,否,非P0补充｜增长｜破0件销量｜高点击+高变现,Aeolus rid=6082893 / sid=3062689,2026-08-08 21:52
B级观察,FR,1729683111215929528,S251104026743,海丰县城东镇鹏力电子商务,Men's Suits & Sets,Men's Suits,非P0补充,增长,破0件,高点击+高转化+高变现,滞销,https://p16-she-va.ibyteimg.com/tos-alisg-i-f7lenjegsh-sg/9ee0936a31434fc48b667e996661670e~tplv-g9dfdl17fc-origin-image.image,https://shop.tiktok.com/view/product/1729683111215929528?region=FR&locale=fr,138.52,138.52,138.52,1,1,138.52,153.93,1551,4.2,0.0%,0.0%,5.7%,2.3%,180.60,1.30,3件,/,/,是,否,是,非P0补充｜增长｜破0件销量｜高点击+高转化+高变现,Aeolus rid=6082893 / sid=3062689,2026-08-08 21:52
B级观察,GB,1729782338275941363,S260318021883,广州市黄埔区海尚装服饰商贸店（个体工商户）,Men's Tops,T-shirts,丰富度P0,增长,10+,高点击+高转化+高变现,爆品,https://p16-she-va.ibyteimg.com/tos-alisg-i-f7lenjegsh-sg/bcd9efbcffab4f1086abeb4f15314498~tplv-g9dfdl17fc-origin-image.image,https://shop.tiktok.com/view/product/1729782338275941363?region=GB&locale=en,570.94,138.31,2036.68,26,3,21.96,15.45,1098,3.9,100.0%,0.0%,3.3%,8.1%,63.90,2.69,/,/,/,是,否,否,丰富度P0｜增长｜10+销量｜高点击+高转化+高变现,Aeolus rid=6082893 / sid=3062689,2026-08-08 21:52
B级观察,FR,1729797113772219213,S260412014981,宣城市普强电子商务有限公司,Men's Tops,T-shirts,丰富度P0,增长,10+,高转化+高变现,平销,https://p16-she-va.ibyteimg.com/tos-alisg-i-f7lenjegsh-sg/822a869173dd4ab7b07eecac38f52002~tplv-g9dfdl17fc-origin-image.image,https://shop.tiktok.com/view/product/1729797113772219213?region=FR&locale=fr,215.55,137.58,654.92,12,8,17.96,23.63,399527,4.4,0.0%,0.0%,0.8%,2.9%,4.27,0.24,1件,/,/,是,否,否,丰富度P0｜增长｜10+销量｜高转化+高变现,Aeolus rid=6082893 / sid=3062689,2026-08-08 21:52
B级观察,GB,1729748842977008600,S251230023007,汕头市阳衿贸易有限公司,Men's Tops,Shirts,非P0补充,增长,破0件,高点击+高转化+高变现,滞销,https://p16-she-va.ibyteimg.com/tos-alisg-i-f7lenjegsh-sg/3b8900fc356747caa9dc53cb95cc916a~tplv-g9dfdl17fc-origin-image.image,https://shop.tiktok.com/view/product/1729748842977008600?region=GB&locale=en,137.55,137.55,282.30,5,5,27.51,22.85,4552,4.7,100.0%,0.0%,5.8%,6.4%,168.36,3.67,/,/,/,是,否,否,非P0补充｜增长｜破0件销量｜高点击+高转化+高变现,Aeolus rid=6082893 / sid=3062689,2026-08-08 21:52
B级观察,US,1732010944108335201,S251102027384,广州市黄埔区誉颖服装店（个体工商户）,Men's Tops,Polo Shirts,非P0补充,增长,破0件,高点击+高转化+高变现,滞销,https://p16-she-va.ibyteimg.com/tos-alisg-i-f7lenjegsh-sg/18252009dd174e3e85a83d7ab8ee1cb8~tplv-g9dfdl17fc-origin-image.image,https://shop.tiktok.com/view/product/1732010944108335201?region=US&locale=en,137.49,137.49,226.16,4,4,34.37,53.89,1483,4.0,0.0%,0.0%,4.7%,7.5%,121.56,3.54,3件套,/,/,是,否,是,非P0补充｜增长｜破0件销量｜高点击+高转化+高变现,Aeolus rid=6082893 / sid=3062689,2026-08-08 21:52
B级观察,US,1731737320159220280,S250904010028,广州市侃耶服装有限公司,Men's Bottoms,Men's Jeans,丰富度P0,增长,10+,高点击+高转化+高变现,平销,https://p16-she-va.ibyteimg.com/tos-alisg-i-f7lenjegsh-sg/05e926319bc3418988e8b73dd131babc~tplv-g9dfdl17fc-origin-image.image,https://shop.tiktok.com/view/product/1731737320159220280?region=US&locale=en,446.47,137.04,1665.86,19,5,23.50,34.59,40,4.2,25.0%,0.0%,4.1%,3.3%,31.46,1.34,1件,/,/,否,否,是,丰富度P0｜增长｜10+销量｜高点击+高转化+高变现,Aeolus rid=6082893 / sid=3062689,2026-08-08 21:52
B级观察,US,1730956989711814915,S250326010744,义乌市营航贸易有限公司,Men's Bottoms,Men's Pants,丰富度P0,增长,10+,高点击+高转化+高变现,爆品,https://p16-she-va.ibyteimg.com/tos-alisg-i-f7lenjegsh-sg/637182c6e7eb4919976632e280764499~tplv-g9dfdl17fc-origin-image.image,https://shop.tiktok.com/view/product/1730956989711814915?region=US&locale=en,549.59,136.78,2685.04,36,8,15.27,19.89,164,4.6,45.5%,0.0%,4.2%,4.5%,29.77,1.90,/,/,/,是,否,否,丰富度P0｜增长｜10+销量｜高点击+高转化+高变现,Aeolus rid=6082893 / sid=3062689,2026-08-08 21:52
B级观察,GB,1729840869407365405,S260603025661,义乌市微汗进出口有限公司,Men's Suits & Sets,Men's Clothing Sets,丰富度P0,增长,破0件,高点击+高转化+高变现,滞销,https://p16-she-va.ibyteimg.com/tos-alisg-i-f7lenjegsh-sg/a434677c786e4bed98489b0cda1b19dc~tplv-g9dfdl17fc-origin-image.image,https://shop.tiktok.com/view/product/1729840869407365405?region=GB&locale=en,136.39,136.39,136.39,4,4,34.10,46.39,1150,4.4,0.0%,0.0%,3.2%,15.4%,169.85,4.98,1套,/,/,是,否,否,丰富度P0｜增长｜破0件销量｜高点击+高转化+高变现,Aeolus rid=6082893 / sid=3062689,2026-08-08 21:52
B级观察,US,1730000126868033735,S241011002213,香港墨韻貿易有限公司,Men's Suits & Sets,Men's Clothing Sets,丰富度P0,增长,10+,高点击+高转化+高变现,平销,https://p16-she-va.ibyteimg.com/tos-alisg-i-f7lenjegsh-sg/52ff480a756c4565b61ca0320f41da58~tplv-g9dfdl17fc-origin-image.image,https://shop.tiktok.com/view/product/1730000126868033735?region=US&locale=en,385.59,136.38,1282.00,18,4,21.42,36.49,46,4.0,0.0%,0.0%,5.2%,5.2%,57.83,2.70,2件套,/,/,否,否,是,丰富度P0｜增长｜10+销量｜高点击+高转化+高变现,Aeolus rid=6082893 / sid=3062689,2026-08-08 21:52
B级观察,US,1730989354232942787,S250314017424,于都琪璘酷品供应链管理有限公司,Men's Bottoms,Men's Shorts,丰富度P0,增长,破0件,高点击+高转化+高变现,滞销,https://p16-she-va.ibyteimg.com/tos-alisg-i-f7lenjegsh-sg/0e2690865f624e3bbca022435b461849~tplv-g9dfdl17fc-origin-image.image,https://shop.tiktok.com/view/product/1730989354232942787?region=US&locale=en,136.27,136.27,183.87,3,3,45.42,69.99,7,4.8,0.0%,0.0%,3.2%,6.2%,90.54,1.99,5件,/,/,否,否,是,丰富度P0｜增长｜破0件销量｜高点击+高转化+高变现,Aeolus rid=6082893 / sid=3062689,2026-08-08 21:52
B级观察,US,1731422403478197203,S250707019826,泉州市哈雷斯顿服饰有限公司,Men's Tops,Jackets & Coats,非P0补充,增长,破0件,高点击+高变现,滞销,https://p16-she-va.ibyteimg.com/tos-alisg-i-f7lenjegsh-sg/655835b6a97849daa0a3d2f5a8e0f0fa~tplv-g9dfdl17fc-origin-image.image,https://shop.tiktok.com/view/product/1731422403478197203?region=US&locale=en,135.09,135.09,367.73,3,3,45.03,73.69,1866,4.9,0.0%,0.0%,3.7%,1.0%,16.87,0.37,1件,/,/,是,否,是,非P0补充｜增长｜破0件销量｜高点击+高变现,Aeolus rid=6082893 / sid=3062689,2026-08-08 21:52
B级观察,US,1731789421307007134,S250915012882,宁波东斐工贸有限公司,Men's Tops,Hoodies & Sweatshirts,丰富度P0,增长,10+,高点击+高转化+高变现,滞销,https://p16-she-va.ibyteimg.com/tos-alisg-i-f7lenjegsh-sg/170964c4d5e44d71a38392eb24c4d229~tplv-g9dfdl17fc-origin-image.image,https://shop.tiktok.com/view/product/1731789421307007134?region=US&locale=en,177.35,135.00,290.21,11,8,16.12,23.69,430,4.9,40.0%,0.0%,2.7%,5.0%,23.30,1.31,1件,/,/,是,否,是,丰富度P0｜增长｜10+销量｜高点击+高转化+高变现,Aeolus rid=6082893 / sid=3062689,2026-08-08 21:52
B级观察,US,1731749509996974382,S250910038411,广州市荔湾区夏序商贸商行（个体工商户）,Men's Tops,Hoodies & Sweatshirts,非P0补充,增长,10+,高转化+高变现,滞销,https://p16-she-va.ibyteimg.com/tos-alisg-i-f7lenjegsh-sg/3dee537a23094920a03b324a4620ab96~tplv-g9dfdl17fc-origin-image.image,https://shop.tiktok.com/view/product/1731749509996974382?region=US&locale=en,134.77,134.77,134.77,13,13,10.37,26.39,487,3.8,0.0%,0.0%,1.6%,175.0%,534.80,27.78,1件,/,/,是,否,否,非P0补充｜增长｜10+销量｜高转化+高变现,Aeolus rid=6082893 / sid=3062689,2026-08-08 21:52
B级观察,US,1730745140426478503,S250222009597,凱儷有限公司,Men's Tops,T-shirts,丰富度P0,增长,10+,高点击+高转化+高变现,平销,https://p16-she-va.ibyteimg.com/tos-alisg-i-f7lenjegsh-sg/0a101d050253463ab56ade247fb580ed~tplv-g9dfdl17fc-origin-image.image,https://shop.tiktok.com/view/product/1730745140426478503?region=US&locale=en,914.18,134.75,3363.70,30,5,30.47,52.59,4822,4.8,0.0%,0.0%,3.3%,6.1%,60.26,1.98,4件,/,/,是,否,是,丰富度P0｜增长｜10+销量｜高点击+高转化+高变现,Aeolus rid=6082893 / sid=3062689,2026-08-08 21:52
B级观察,GB,1729777971783571655,S260311046202,香港墨韻貿易有限公司,Men's Suits & Sets,Men's Clothing Sets,丰富度P0,增长,50+,高转化+高变现,爆品,https://p16-she-va.ibyteimg.com/tos-alisg-i-f7lenjegsh-sg/5d3d278e2266410d9b5e878c296671e1~tplv-g9dfdl17fc-origin-image.image,https://shop.tiktok.com/view/product/1729777971783571655?region=GB&locale=en,1646.20,134.74,7295.48,68,1,24.21,28.91,259,4.4,61.5%,0.0%,1.7%,3.9%,16.64,0.68,2件套,/,/,是,否,是,丰富度P0｜增长｜50+销量｜高转化+高变现,Aeolus rid=6082893 / sid=3062689,2026-08-08 21:52
B级观察,IT,1729797502594095390,S260413000800,阳江市阳东区云裳服装厂 (个体工商户),Men's Bottoms,Men's Pants,丰富度P0,增长,破0件,高点击+高转化+高变现,滞销,https://p16-she-va.ibyteimg.com/tos-alisg-i-f7lenjegsh-sg/635109707cfe4579ab005365af9a7402~tplv-g9dfdl17fc-origin-image.image,https://shop.tiktok.com/view/product/1729797502594095390?region=IT&locale=it,166.66,134.66,230.91,5,4,33.33,43.81,348,4.2,100.0%,0.0%,2.6%,5.3%,46.67,1.40,/,/,/,是,否,是,丰富度P0｜增长｜破0件销量｜高点击+高转化+高变现,Aeolus rid=6082893 / sid=3062689,2026-08-08 21:52
B级观察,US,1731025949796765915,S250408015699,广州市侃耶服装有限公司,Men's Bottoms,Men's Shorts,丰富度P0,增长,50+,高点击+高转化+高变现,爆品,https://p16-she-va.ibyteimg.com/tos-alisg-i-f7lenjegsh-sg/6a5e35b31edc46e3976026f468794d05~tplv-g9dfdl17fc-origin-image.image,https://shop.tiktok.com/view/product/1731025949796765915?region=US&locale=en,1287.33,134.43,5405.92,67,8,19.21,24.49,144,3.9,30.0%,0.0%,3.5%,6.5%,44.63,2.25,1件,/,/,否,否,是,丰富度P0｜增长｜50+销量｜高点击+高转化+高变现,Aeolus rid=6082893 / sid=3062689,2026-08-08 21:52
B级观察,GB,1729735281636186299,S251223017469,宁波简潮阁服饰有限公司,Men's Tops,T-shirts,非P0补充,增长,10+,高点击+高转化+高变现,爆品,https://p16-she-va.ibyteimg.com/tos-alisg-i-f7lenjegsh-sg/3e1222f27db94366a570e3613b47b6ce~tplv-g9dfdl17fc-origin-image.image,https://shop.tiktok.com/view/product/1729735281636186299?region=GB&locale=en,204.16,133.64,504.38,17,11,12.01,18.14,530,4.2,0.0%,0.0%,4.5%,5.9%,35.69,2.62,/,/,/,是,否,否,非P0补充｜增长｜10+销量｜高点击+高转化+高变现,Aeolus rid=6082893 / sid=3062689,2026-08-08 21:52
B级观察,ES,1729480802157828401,S240725008354,泉州惠通跨境贸易服务有限公司,Men's Bottoms,Men's Shorts,丰富度P0,增长,破0件,高点击+高转化+高变现,爆品,https://p16-she-va.ibyteimg.com/tos-alisg-i-f7lenjegsh-sg/4ea88b07a49c41a4915539134c2b4d48~tplv-g9dfdl17fc-origin-image.image,https://shop.tiktok.com/view/product/1729480802157828401?region=ES&locale=es,132.56,132.56,347.93,3,3,44.19,22.47,858,4.5,0.0%,0.0%,4.0%,2.8%,49.15,1.11,1件/2件/3件/5件,/,女装标准码,是,否,是,丰富度P0｜增长｜破0件销量｜高点击+高转化+高变现,Aeolus rid=6082893 / sid=3062689,2026-08-08 21:52
B级观察,FR,1729795183867042736,S260409038326,广州市黄埔区袁清服饰商行（个体工商户）,Men's Tops,T-shirts,丰富度P0,增长,破0件,高转化+高变现,滞销,https://p16-she-va.ibyteimg.com/tos-alisg-i-f7lenjegsh-sg/67f8ae4c6cc64320be9ca0cb8477f350~tplv-g9dfdl17fc-origin-image.image,https://shop.tiktok.com/view/product/1729795183867042736?region=FR&locale=fr,132.04,132.04,251.02,6,6,22.01,22.47,9468,4.2,0.0%,0.0%,1.5%,3.6%,12.16,0.55,/,/,/,是,否,是,丰富度P0｜增长｜破0件销量｜高转化+高变现,Aeolus rid=6082893 / sid=3062689,2026-08-08 21:52
B级观察,US,1732425740347216701,S260603012701,广州烽朔科技有限公司,Men's Bottoms,Men's Jeans,非P0补充,增长,破0件,高点击+高转化+高变现,滞销,https://p16-she-va.ibyteimg.com/tos-alisg-i-f7lenjegsh-sg/6d5294b2ce564f3196c1c2c08a4454ad~tplv-g9dfdl17fc-origin-image.image,https://shop.tiktok.com/view/product/1732425740347216701?region=US&locale=en,233.48,131.80,492.40,6,3,38.91,65.09,9,4.6,0.0%,0.0%,6.6%,2.1%,53.72,1.38,1件,/,/,是,否,是,非P0补充｜增长｜破0件销量｜高点击+高转化+高变现,Aeolus rid=6082893 / sid=3062689,2026-08-08 21:52
B级观察,US,1732364541265416983,S260424012661,上饶市伊泽服饰有限公司,Men's Suits & Sets,Men's Clothing Sets,非P0补充,增长,10+,高点击+高转化+高变现,滞销,https://p16-she-va.ibyteimg.com/tos-alisg-i-f7lenjegsh-sg/6f5965d62413459fbcfa28feeebc99a2~tplv-g9dfdl17fc-origin-image.image,https://shop.tiktok.com/view/product/1732364541265416983?region=US&locale=en,204.40,131.60,491.15,11,7,18.58,31.39,2489,4.6,0.0%,0.0%,4.5%,10.3%,85.31,4.59,1套,/,/,是,否,是,非P0补充｜增长｜10+销量｜高点击+高转化+高变现,Aeolus rid=6082893 / sid=3062689,2026-08-08 21:52
B级观察,US,1732027985381200091,S251106076400,广州市侃耶服装有限公司,Men's Tops,Jackets & Coats,非P0补充,增长,10+,高点击+高转化+高变现,滞销,https://p16-she-va.ibyteimg.com/tos-alisg-i-f7lenjegsh-sg/92b3651782a14f8592f82b603b78e756~tplv-g9dfdl17fc-origin-image.image,https://shop.tiktok.com/view/product/1732027985381200091?region=US&locale=en,318.59,131.35,1093.04,10,4,31.86,48.39,52,3.9,0.0%,0.0%,2.7%,2.8%,26.66,0.75,1件,/,/,是,否,是,非P0补充｜增长｜10+销量｜高点击+高转化+高变现,Aeolus rid=6082893 / sid=3062689,2026-08-08 21:52
B级观察,US,1731499186918559783,S250719013725,香港興樂悅貿易有限公司,Men's Tops,Hoodies & Sweatshirts,非P0补充,增长,10+,高点击+高转化+高变现,滞销,https://p16-she-va.ibyteimg.com/tos-alisg-i-f7lenjegsh-sg/39805b1a266346b698f900c8ca934557~tplv-g9dfdl17fc-origin-image.image,https://shop.tiktok.com/view/product/1731499186918559783?region=US&locale=en,189.81,131.26,342.21,12,9,15.82,34.49,428,4.6,0.0%,0.0%,3.6%,5.6%,35.03,2.03,1件,/,/,是,否,否,非P0补充｜增长｜10+销量｜高点击+高转化+高变现,Aeolus rid=6082893 / sid=3062689,2026-08-08 21:52
B级观察,US,1731011715801846013,S250410003808,广州市番禺区鑫鸿婷服饰商行（个体工商户）,Men's Suits & Sets,Men's Suits,丰富度P0,增长,破0件,高点击+高变现,滞销,https://p16-she-va.ibyteimg.com/tos-alisg-i-f7lenjegsh-sg/544d1418bca948bebd0c154eeeca8092~tplv-g9dfdl17fc-origin-image.image,https://shop.tiktok.com/view/product/1731011715801846013?region=US&locale=en,275.93,130.91,1056.08,6,3,45.99,72.69,16,4.6,0.0%,0.0%,5.9%,1.5%,41.52,0.90,2件,/,/,是,否,否,丰富度P0｜增长｜破0件销量｜高点击+高变现,Aeolus rid=6082893 / sid=3062689,2026-08-08 21:52
B级观察,ES,1729883841662655217,S260730012037,广州弘展服饰有限公司,Men's Bottoms,Men's Jeans,非P0补充,增长,破0件,高点击+高变现,平销,https://p16-she-va.ibyteimg.com/tos-alisg-i-f7lenjegsh-sg/dbd15cbe9ff842dfb1e04a717cfa152d~tplv-g9dfdl17fc-origin-image.image,https://shop.tiktok.com/view/product/1729883841662655217?region=ES&locale=es,130.76,130.76,130.76,5,5,26.15,52.45,16655,3.8,0.0%,0.0%,5.6%,1.9%,27.83,1.06,1件,/,/,是,否,是,非P0补充｜增长｜破0件销量｜高点击+高变现,Aeolus rid=6082893 / sid=3062689,2026-08-08 21:52
B级观察,US,1731640786009822207,S250816019393,宁波伟昊电子商务有限公司,Men's Bottoms,Men's Pants,丰富度P0,增长,10+,高点击+高转化+高变现,滞销,https://p16-she-va.ibyteimg.com/tos-alisg-i-f7lenjegsh-sg/20280c2bab5e49169471677d8f4af3e6~tplv-g9dfdl17fc-origin-image.image,https://shop.tiktok.com/view/product/1731640786009822207?region=US&locale=en,361.25,130.63,1566.99,17,5,21.25,24.89,13,4.0,33.3%,0.0%,3.1%,5.4%,37.10,1.64,一件,/,/,是,否,是,丰富度P0｜增长｜10+销量｜高点击+高转化+高变现,Aeolus rid=6082893 / sid=3062689,2026-08-08 21:52
B级观察,US,1730523424123359505,S241218008970,广州市黄埔区君宇服饰商行,Men's Tops,T-shirts,丰富度P0,增长,50+,高转化+高变现,平销,https://p16-she-va.ibyteimg.com/tos-alisg-i-f7lenjegsh-sg/db03538b7484430a860bc097dbbe8e9f~tplv-g9dfdl17fc-origin-image.image,https://shop.tiktok.com/view/product/1730523424123359505?region=US&locale=en,1703.60,130.60,8224.20,54,5,31.55,44.99,96,4.6,20.0%,0.0%,1.1%,3.9%,13.92,0.44,4件,/,/,是,否,是,丰富度P0｜增长｜50+销量｜高转化+高变现,Aeolus rid=6082893 / sid=3062689,2026-08-08 21:52
B级观察,FR,1729673778020063397,S251025048486,广州市荔湾区海叙服装服饰商行（个体工商户）,Men's Bottoms,Men's Pants,非P0补充,增长,破0件,高点击+高转化+高变现,滞销,https://p16-she-va.ibyteimg.com/tos-alisg-i-f7lenjegsh-sg/e6c069761ce947028f90901a8dacc42f~tplv-g9dfdl17fc-origin-image.image,https://shop.tiktok.com/view/product/1729673778020063397?region=FR&locale=fr,164.61,130.55,296.43,5,4,32.92,42.65,2474,4.1,100.0%,0.0%,3.7%,2.7%,32.51,0.99,1件,/,/,是,否,否,非P0补充｜增长｜破0件销量｜高点击+高转化+高变现,Aeolus rid=6082893 / sid=3062689,2026-08-08 21:52
B级观察,US,1732383202063257941,S260503005208,广州市白云区石门街骅格贸易商行（个体工商户）,Men's Bottoms,Men's Pants,非P0补充,增长,破0件,高点击+高转化+高变现,滞销,https://p16-she-va.ibyteimg.com/tos-alisg-i-f7lenjegsh-sg/425624f05cdb4e19ad899c2512b4d235~tplv-g9dfdl17fc-origin-image.image,https://shop.tiktok.com/view/product/1732383202063257941?region=US&locale=en,170.77,130.37,416.64,6,4,28.46,32.99,593,3.9,0.0%,0.0%,4.3%,2.6%,32.22,1.13,1件,/,/,是,否,是,非P0补充｜增长｜破0件销量｜高点击+高转化+高变现,Aeolus rid=6082893 / sid=3062689,2026-08-08 21:52
B级观察,US,1732399154073211362,S260512016335,石狮市雅涵荷英贸易有限公司,Men's Suits & Sets,Men's Clothing Sets,丰富度P0,增长,10+,高点击+高转化+高变现,平销,https://p16-she-va.ibyteimg.com/tos-alisg-i-f7lenjegsh-sg/06849ea959144e1b986927c2077bbf08~tplv-g9dfdl17fc-origin-image.image,https://shop.tiktok.com/view/product/1732399154073211362?region=US&locale=en,490.86,130.10,1874.46,27,7,18.18,31.29,240,4.7,100.0%,0.0%,3.7%,4.6%,30.96,1.70,2件,/,/,是,否,是,丰富度P0｜增长｜10+销量｜高点击+高转化+高变现,Aeolus rid=6082893 / sid=3062689,2026-08-08 21:52
B级观察,IT,1729870461493549092,S260710028189,广州市黄埔区捷殿精品商行（个体工商户）,Men's Tops,Shirts,丰富度P0,增长,破0件,高点击+高转化+高变现,平销,https://p16-she-va.ibyteimg.com/tos-alisg-i-f7lenjegsh-sg/528de8214b774ba4834c641604a71161~tplv-g9dfdl17fc-origin-image.image,https://shop.tiktok.com/view/product/1729870461493549092?region=IT&locale=it,151.70,129.98,344.57,7,6,21.67,28.24,3065,4.3,0.0%,0.0%,3.6%,5.3%,41.37,1.91,/,/,/,是,否,否,丰富度P0｜增长｜破0件销量｜高点击+高转化+高变现,Aeolus rid=6082893 / sid=3062689,2026-08-08 21:52
B级观察,GB,1729470230394015191,S250311008258,泉州市鑫浪启航商贸有限公司,Men's Bottoms,Men's Shorts,丰富度P0,增长,50+,高点击+高转化+高变现,爆品,https://p16-she-va.ibyteimg.com/tos-maliva-i-g9dfdl17fc-us/1746eece8948426381df57c2bebebe03~tplv-g9dfdl17fc-origin-image.image,https://shop.tiktok.com/view/product/1729470230394015191?region=GB&locale=en,573.52,129.06,2209.70,66,10,8.69,14.78,118,5.0,22.2%,0.0%,3.2%,17.6%,51.16,5.62,1件,/,/,否,否,是,丰富度P0｜增长｜50+销量｜高点击+高转化+高变现,Aeolus rid=6082893 / sid=3062689,2026-08-08 21:52
B级观察,FR,1729699613836745063,S251124102129,余姚祺林服装厂（个体工商户）,Men's Suits & Sets,Men's Clothing Sets,丰富度P0,增长,破0件,高点击+高变现,爆品,https://p16-she-va.ibyteimg.com/tos-alisg-i-f7lenjegsh-sg/47178e8c44c64bd992c2c650b55c5e2b~tplv-g9dfdl17fc-origin-image.image,https://shop.tiktok.com/view/product/1729699613836745063?region=FR&locale=fr,194.15,129.00,543.87,5,3,38.83,44.96,734,4.3,100.0%,0.0%,3.0%,1.4%,16.65,0.43,2件套,/,/,否,否,是,丰富度P0｜增长｜破0件销量｜高点击+高变现,Aeolus rid=6082893 / sid=3062689,2026-08-08 21:52
B级观察,US,1729486530393642663,S260201019855,石狮市谦莫服饰有限公司,Men's Tops,Knitwear,非P0补充,增长,10+,高点击+高转化+高变现,爆品,https://p16-she-va.ibyteimg.com/tos-alisg-i-f7lenjegsh-sg/b5d9669a8240468cafd12ec6ef664ede~tplv-g9dfdl17fc-origin-image.image,https://shop.tiktok.com/view/product/1729486530393642663?region=US&locale=en,433.87,128.71,2178.23,20,3,21.69,26.29,2340,4.8,40.0%,0.0%,2.4%,4.7%,24.42,1.13,/,/,/,是,否,是,非P0补充｜增长｜10+销量｜高点击+高转化+高变现,Aeolus rid=6082893 / sid=3062689,2026-08-08 21:52
B级观察,US,1732425037122081187,S260603021207,佛山市南海区班布亚服装店（个体工商户）,Men's Suits & Sets,Men's Suits,丰富度P0,增长,破0件,高点击+高转化+高变现,滞销,https://p16-she-va.ibyteimg.com/tos-alisg-i-f7lenjegsh-sg/d5a74f84fd944f30897055741120327b~tplv-g9dfdl17fc-origin-image.image,https://shop.tiktok.com/view/product/1732425037122081187?region=US&locale=en,185.26,128.55,707.25,6,4,30.88,38.29,117,4.4,0.0%,0.0%,5.4%,5.0%,84.32,2.73,/,/,/,是,否,是,丰富度P0｜增长｜破0件销量｜高点击+高转化+高变现,Aeolus rid=6082893 / sid=3062689,2026-08-08 21:52
B级观察,GB,1729444147836128597,S241219010150,广州市白云区石门街星澜外贸服饰店（个体工商户）,Men's Tops,T-shirts,丰富度P0,增长,破0件,高点击+高转化+高变现,滞销,https://p16-she-va.ibyteimg.com/tos-alisg-i-f7lenjegsh-sg/fe9b1aafcc634b349ad605022b6965de~tplv-g9dfdl17fc-origin-image.image,https://shop.tiktok.com/view/product/1729444147836128597?region=GB&locale=en,128.47,128.47,173.91,5,5,25.69,33.61,3380,4.5,0.0%,0.0%,2.5%,4.4%,47.72,1.11,1件,/,/,是,否,否,丰富度P0｜增长｜破0件销量｜高点击+高转化+高变现,Aeolus rid=6082893 / sid=3062689,2026-08-08 21:52
B级观察,US,1732099075594424622,S251128136366,广州市荔湾区夏序商贸商行（个体工商户）,Men's Tops,T-shirts,非P0补充,增长,10+,高点击+高转化+高变现,平销,https://p16-she-va.ibyteimg.com/tos-alisg-i-f7lenjegsh-sg/808dd422ed11fb37895b7ce87a4ead45~tplv-g9dfdl17fc-origin-image.image,https://shop.tiktok.com/view/product/1732099075594424622?region=US&locale=en,407.02,128.17,1199.21,32,10,12.72,18.09,277,3.8,0.0%,0.0%,4.6%,3.8%,22.19,1.74,/,/,/,是,否,是,非P0补充｜增长｜10+销量｜高点击+高转化+高变现,Aeolus rid=6082893 / sid=3062689,2026-08-08 21:52
B级观察,US,1732472424479232230,S260703011169,广州市黄埔区桦楠服饰商行（个体工商户）,Men's Bottoms,Men's Pants,非P0补充,增长,破0件,高转化+高变现,滞销,https://p16-she-va.ibyteimg.com/tos-alisg-i-f7lenjegsh-sg/c2af2fde4ae84345be06bcde989126e9~tplv-g9dfdl17fc-origin-image.image,https://shop.tiktok.com/view/product/1732472424479232230?region=US&locale=en,127.70,127.70,272.43,4,4,31.93,40.49,1658,4.6,100.0%,0.0%,1.8%,5.1%,29.92,0.94,1件,/,/,是,否,是,非P0补充｜增长｜破0件销量｜高转化+高变现,Aeolus rid=6082893 / sid=3062689,2026-08-08 21:52
B级观察,ES,1729834881679137244,S260521029842,深圳临犀贸易有限公司,Men's Bottoms,Men's Jeans,丰富度P0,增长,10+,效率待观察,爆品,https://p16-she-va.ibyteimg.com/tos-alisg-i-f7lenjegsh-sg/c27a9c659bcd4c85892479f7a008403f~tplv-g9dfdl17fc-origin-image.image,https://shop.tiktok.com/view/product/1729834881679137244?region=ES&locale=es,393.47,127.47,1248.92,17,4,23.15,53.03,57,4.5,0.0%,0.0%,0.7%,0.8%,1.26,0.05,1,/,/,是,否,否,丰富度P0｜增长｜10+销量｜效率待观察,Aeolus rid=6082893 / sid=3062689,2026-08-08 21:52
B级观察,US,1730387809971835655,S241225006447,广州市天河区潮往男装服装店（个体工商户）,Men's Tops,Shirts,丰富度P0,增长,破0件,高点击+高转化+高变现,滞销,https://p16-she-va.ibyteimg.com/tos-alisg-i-f7lenjegsh-sg/4c76beb469cf4f77b3e04e44aec7cf46~tplv-g9dfdl17fc-origin-image.image,https://shop.tiktok.com/view/product/1730387809971835655?region=US&locale=en,157.31,127.45,348.47,4,3,39.33,55.29,969,4.2,0.0%,0.0%,4.8%,3.6%,69.18,1.76,/,/,/,是,否,否,丰富度P0｜增长｜破0件销量｜高点击+高转化+高变现,Aeolus rid=6082893 / sid=3062689,2026-08-08 21:52
B级观察,US,1730946491315622046,S250327006397,宁波东斐工贸有限公司,Men's Tops,T-shirts,丰富度P0,增长,10+,高点击+高转化+高变现,滞销,https://p16-she-va.ibyteimg.com/tos-alisg-i-f7lenjegsh-sg/275886084b93444eb1acc158997c3d27~tplv-g9dfdl17fc-origin-image.image,https://shop.tiktok.com/view/product/1730946491315622046?region=US&locale=en,353.77,127.12,1746.69,26,9,13.61,21.89,91,4.9,80.0%,0.0%,3.7%,3.7%,18.61,1.37,1件,/,/,是,否,是,丰富度P0｜增长｜10+销量｜高点击+高转化+高变现,Aeolus rid=6082893 / sid=3062689,2026-08-08 21:52
B级观察,GB,1729409153676446990,S240505000827,广州市超广服装有限公司,Men's Bottoms,Men's Pants,丰富度P0,增长,10+,高点击+高转化+高变现,滞销,https://p16-she-va.ibyteimg.com/tos-alisg-i-f7lenjegsh-sg/a3da3ed122954b51adcc5577c46fce18~tplv-g9dfdl17fc-origin-image.image,https://shop.tiktok.com/view/product/1729409153676446990?region=GB&locale=en,183.99,127.10,434.16,12,8,15.33,24.20,57,3.9,0.0%,0.0%,3.6%,7.0%,38.20,2.49,1/2件,/,女装标准码,否,否,是,丰富度P0｜增长｜10+销量｜高点击+高转化+高变现,Aeolus rid=6082893 / sid=3062689,2026-08-08 21:52
B级观察,US,1732171314802627527,S251224040278,歐寧有限公司,Men's Tops,T-shirts,非P0补充,增长,10+,高点击+高转化+高变现,平销,https://p16-she-va.ibyteimg.com/tos-alisg-i-f7lenjegsh-sg/540f73bd355d4bba8e5b30b9494862e6~tplv-g9dfdl17fc-origin-image.image,https://shop.tiktok.com/view/product/1732171314802627527?region=US&locale=en,287.96,127.00,825.80,25,7,11.52,17.09,3674,3.8,100.0%,0.0%,4.4%,7.8%,39.85,3.46,/,/,/,是,否,否,非P0补充｜增长｜10+销量｜高点击+高转化+高变现,Aeolus rid=6082893 / sid=3062689,2026-08-08 21:52
B级观察,GB,1729737448067799818,S251225080991,广州市精方服装有限公司,Men's Bottoms,Men's Jeans,丰富度P0,增长,破0件,高点击+高变现,大爆,https://p16-she-va.ibyteimg.com/tos-alisg-i-f7lenjegsh-sg/cfa17af3195e499f986de60176fa0587~tplv-g9dfdl17fc-origin-image.image,https://shop.tiktok.com/view/product/1729737448067799818?region=GB&locale=en,203.85,126.70,862.80,8,5,25.48,40.07,454,4.3,33.3%,0.0%,3.9%,1.2%,11.78,0.46,1件,/,/,是,否,是,丰富度P0｜增长｜破0件销量｜高点击+高变现,Aeolus rid=6082893 / sid=3062689,2026-08-08 21:52
B级观察,GB,1729859809510201397,S260624035181,义乌市灿链电子商务商行（个体工商户）,Men's Bottoms,Men's Shorts,非P0补充,增长,破0件,高点击+高转化+高变现,滞销,https://p16-she-va.ibyteimg.com/tos-alisg-i-f7lenjegsh-sg/03809938972c4b7e89b72ec06a2beb1f~tplv-g9dfdl17fc-origin-image.image,https://shop.tiktok.com/view/product/1729859809510201397?region=GB&locale=en,126.67,126.67,126.67,6,6,21.11,26.22,9994,4.4,0.0%,0.0%,3.7%,66.7%,777.13,24.54,1件,/,/,是,否,是,非P0补充｜增长｜破0件销量｜高点击+高转化+高变现,Aeolus rid=6082893 / sid=3062689,2026-08-08 21:52
B级观察,GB,1729642172763511334,S250919050721,晋江卡多雷传媒有限责任公司,Men's Tops,Hoodies & Sweatshirts,丰富度P0,增长,破0件,高点击+高转化+高变现,滞销,https://p16-she-va.ibyteimg.com/tos-alisg-i-f7lenjegsh-sg/ae04669e10374b36884a28aeaab2c41d~tplv-g9dfdl17fc-origin-image.image,https://shop.tiktok.com/view/product/1729642172763511334?region=GB&locale=en,126.65,126.65,144.61,6,6,21.11,27.96,5983,4.3,0.0%,0.0%,6.4%,15.4%,206.94,9.80,1件,/,/,是,否,是,丰富度P0｜增长｜破0件销量｜高点击+高转化+高变现,Aeolus rid=6082893 / sid=3062689,2026-08-08 21:52
B级观察,GB,1729818880970299915,S260504010570,天津市宁河区润奇哲百货经营部（个体工商户）,Men's Tops,Polo Shirts,丰富度P0,增长,10+,高点击+高转化+高变现,滞销,https://p16-she-va.ibyteimg.com/tos-alisg-i-f7lenjegsh-sg/3a07d722ee0a4cabaef1a855f1122d9e~tplv-g9dfdl17fc-origin-image.image,https://shop.tiktok.com/view/product/1729818880970299915?region=GB&locale=en,144.35,126.31,219.81,10,9,14.44,17.20,10247,4.6,100.0%,0.0%,13.2%,8.5%,161.11,11.16,1件,/,/,是,否,是,丰富度P0｜增长｜10+销量｜高点击+高转化+高变现,Aeolus rid=6082893 / sid=3062689,2026-08-08 21:52
B级观察,US,1729729342314550113,S241007008689,石狮市杰时宇服装贸易有限公司,Men's Bottoms,Men's Pants,丰富度P0,增长,破0件,高点击+高转化+高变现,滞销,https://p16-she-va.ibyteimg.com/tos-alisg-i-f7lenjegsh-sg/33cdff67d1744a29a92fea9d2746de65~tplv-g9dfdl17fc-origin-image.image,https://shop.tiktok.com/view/product/1729729342314550113?region=US&locale=en,125.88,125.88,170.05,2,2,62.94,81.99,16,4.6,0.0%,0.0%,4.6%,5.3%,153.51,2.44,5件,/,女装标准码,否,否,是,丰富度P0｜增长｜破0件销量｜高点击+高转化+高变现,Aeolus rid=6082893 / sid=3062689,2026-08-08 21:52
B级观察,GB,1729760249909975992,S260129067778,广州市增城坦爵服装商行,Men's Bottoms,Men's Shorts,丰富度P0,增长,10+,高点击+高变现,大爆,https://p16-she-va.ibyteimg.com/tos-alisg-i-f7lenjegsh-sg/a0597d1a4bbb47f6bf407c62327f4f8a~tplv-g9dfdl17fc-origin-image.image,https://shop.tiktok.com/view/product/1729760249909975992?region=GB&locale=en,250.82,125.82,1000.88,12,6,20.90,32.00,245,4.4,0.0%,0.0%,2.8%,1.6%,10.26,0.45,1件,/,/,否,否,是,丰富度P0｜增长｜10+销量｜高点击+高变现,Aeolus rid=6082893 / sid=3062689,2026-08-08 21:52
B级观察,GB,1729800749127408097,S260416030582,广州市番禺区南村镇云志服饰商行（个体工商户）,Men's Tops,Shirts,丰富度P0,增长,破0件,高点击+高转化+高变现,滞销,https://p16-she-va.ibyteimg.com/tos-alisg-i-f7lenjegsh-sg/fea293a070ad445cb6272e45aa2c5490~tplv-g9dfdl17fc-origin-image.image,https://shop.tiktok.com/view/product/1729800749127408097?region=GB&locale=en,139.47,125.82,346.16,9,8,15.50,25.27,87,4.3,0.0%,0.0%,7.2%,7.6%,84.79,5.47,/,/,/,是,否,否,丰富度P0｜增长｜破0件销量｜高点击+高转化+高变现,Aeolus rid=6082893 / sid=3062689,2026-08-08 21:52
B级观察,US,1731765218026689102,S250910034166,晋江市新塘赐金服装贸易商行,Men's Tops,T-shirts,非P0补充,增长,10+,高点击+高转化+高变现,滞销,https://p16-she-va.ibyteimg.com/tos-alisg-i-f7lenjegsh-sg/a697b2392f724db5b929433d1cf9342c~tplv-g9dfdl17fc-origin-image.image,https://shop.tiktok.com/view/product/1731765218026689102?region=US&locale=en,125.78,125.78,125.78,12,12,10.48,25.19,438,4.9,0.0%,0.0%,11.3%,171.4%,2028.71,193.55,1件,/,/,是,否,是,非P0补充｜增长｜10+销量｜高点击+高转化+高变现,Aeolus rid=6082893 / sid=3062689,2026-08-08 21:52
B级观察,DE,1729780045719509244,S260314060827,宁波御力电子商务有限公司,Men's Tops,T-shirts,丰富度P0,增长,破0件,高变现,滞销,https://p16-she-va.ibyteimg.com/tos-alisg-i-f7lenjegsh-sg/12af334df5994859add47b55e6282d91~tplv-g9dfdl17fc-origin-image.image,https://shop.tiktok.com/view/product/1729780045719509244?region=DE&locale=de,150.61,125.63,256.07,8,7,18.83,23.05,15,4.5,100.0%,0.0%,1.7%,1.3%,4.18,0.22,/,/,/,否,否,是,丰富度P0｜增长｜破0件销量｜高变现,Aeolus rid=6082893 / sid=3062689,2026-08-08 21:52
B级观察,GB,1729844433103395253,S260606026049,乐清市麦籽电子商务商行,Men's Tops,Shirts,丰富度P0,增长,10+,高点击+高转化+高变现,滞销,https://p16-she-va.ibyteimg.com/tos-alisg-i-f7lenjegsh-sg/f627982e3646474c9ea75aae3f5e5e99~tplv-g9dfdl17fc-origin-image.image,https://shop.tiktok.com/view/product/1729844433103395253?region=GB&locale=en,365.19,125.52,900.48,21,7,17.39,21.24,13854,4.6,0.0%,0.0%,4.0%,12.5%,96.69,5.03,1,/,/,是,否,否,丰富度P0｜增长｜10+销量｜高点击+高转化+高变现,Aeolus rid=6082893 / sid=3062689,2026-08-08 21:52
B级观察,MX,1734983989870691823,S260404025866,晋江市狮墨服装有限公司,Men's Bottoms,Men's Pants,非P0补充,增长,10+,高点击+高转化+高变现,滞销,https://p16-she-va.ibyteimg.com/tos-alisg-i-f7lenjegsh-sg/42b1a97fc4474e0bbc0001348586d9ac~tplv-g9dfdl17fc-origin-image.image,https://shop.tiktok.com/view/product/1734983989870691823?region=MX&locale=es,125.01,125.01,172.15,14,14,8.93,25.17,16,4.3,0.0%,0.0%,5.4%,2.7%,14.01,1.46,1件,/,/,是,否,否,非P0补充｜增长｜10+销量｜高点击+高转化+高变现,Aeolus rid=6082893 / sid=3062689,2026-08-08 21:52
B级观察,FR,1729482160427276911,S250109001558,广州欧牌服装有限公司,Men's Bottoms,Men's Jeans,丰富度P0,增长,破0件,高点击+高转化+高变现,平销,https://p16-she-va.ibyteimg.com/tos-alisg-i-f7lenjegsh-sg/0c12e2b69b8e425abd6a64cd829fdc39~tplv-g9dfdl17fc-origin-image.image,https://shop.tiktok.com/view/product/1729482160427276911?region=FR&locale=fr,124.82,124.82,265.18,4,4,31.20,51.88,29,4.4,0.0%,0.0%,2.7%,4.7%,39.89,1.28,1件,/,/,否,否,否,丰富度P0｜增长｜破0件销量｜高点击+高转化+高变现,Aeolus rid=6082893 / sid=3062689,2026-08-08 21:52
B级观察,GB,1729717041488960167,S251206104674,石狮市谦莫服饰有限公司,Men's Bottoms,Men's Pants,丰富度P0,增长,破0件,高点击+高转化+高变现,滞销,https://p16-she-va.ibyteimg.com/tos-alisg-i-f7lenjegsh-sg/98b8848733b64a5da76bbe74bf28b6df~tplv-g9dfdl17fc-origin-image.image,https://shop.tiktok.com/view/product/1729717041488960167?region=GB&locale=en,178.48,124.80,356.16,7,5,25.50,26.89,1955,4.8,0.0%,0.0%,4.7%,3.4%,47.01,1.58,1/2件,/,/,是,否,否,丰富度P0｜增长｜破0件销量｜高点击+高转化+高变现,Aeolus rid=6082893 / sid=3062689,2026-08-08 21:52
B级观察,US,1732352842387526054,S260417015141,广州傲翔服饰厂,Men's Tops,Polo Shirts,非P0补充,增长,100+,高点击+高转化+高变现,爆品,https://p16-she-va.ibyteimg.com/tos-alisg-i-f7lenjegsh-sg/3b7224a4a6044ee6970c3c851949ada2~tplv-g9dfdl17fc-origin-image.image,https://shop.tiktok.com/view/product/1732352842387526054?region=US&locale=en,1587.77,124.53,3805.62,100,10,15.88,24.69,57,4.8,84.6%,0.0%,2.8%,6.9%,30.77,1.92,/,/,/,是,否,否,非P0补充｜增长｜100+销量｜高点击+高转化+高变现,Aeolus rid=6082893 / sid=3062689,2026-08-08 21:52
B级观察,DE,1729870168095758492,S260710031443,广州市天河区豪瑞服饰品牌店（个体工商户）,Men's Suits & Sets,Men's Clothing Sets,丰富度P0,增长,破0件,高点击+高转化+高变现,平销,https://p16-she-va.ibyteimg.com/tos-alisg-i-f7lenjegsh-sg/5f8bb04880f447f0abb640c6073d71ca~tplv-g9dfdl17fc-origin-image.image,https://shop.tiktok.com/view/product/1729870168095758492?region=DE&locale=de,124.41,124.41,124.41,5,5,24.88,40.35,896,3.9,0.0%,0.0%,2.7%,4.9%,33.47,1.35,2件套,/,/,是,否,是,丰富度P0｜增长｜破0件销量｜高点击+高转化+高变现,Aeolus rid=6082893 / sid=3062689,2026-08-08 21:52
B级观察,FR,1729803300151859280,S260417012234,广州卓迅服饰有限公司,Men's Bottoms,Men's Jeans,丰富度P0,增长,破0件,高点击+高转化+高变现,滞销,https://p16-she-va.ibyteimg.com/tos-alisg-i-f7lenjegsh-sg/289b959e3583430683e9c9cfe8f999cf~tplv-g9dfdl17fc-origin-image.image,https://shop.tiktok.com/view/product/1729803300151859280?region=FR&locale=fr,124.31,124.31,124.31,3,3,41.44,52.45,6727,4.2,0.0%,0.0%,5.1%,12.0%,254.22,6.13,1件,/,/,是,否,是,丰富度P0｜增长｜破0件销量｜高点击+高转化+高变现,Aeolus rid=6082893 / sid=3062689,2026-08-08 21:52
B级观察,ES,1729782338236357619,S260318021883,广州市黄埔区海尚装服饰商贸店（个体工商户）,Men's Tops,T-shirts,丰富度P0,增长,破0件,高点击+高转化+高变现,爆品,https://p16-she-va.ibyteimg.com/tos-alisg-i-f7lenjegsh-sg/bcd9efbcffab4f1086abeb4f15314498~tplv-g9dfdl17fc-origin-image.image,https://shop.tiktok.com/view/product/1729782338236357619?region=ES&locale=es,187.77,124.14,413.46,8,6,23.47,25.93,1098,4.5,100.0%,0.0%,2.9%,2.3%,21.04,0.67,/,/,/,是,否,否,丰富度P0｜增长｜破0件销量｜高点击+高转化+高变现,Aeolus rid=6082893 / sid=3062689,2026-08-08 21:52
B级观察,FR,1729701454511643087,S251126110538,义乌市峙山电子商务有限公司,Men's Tops,T-shirts,丰富度P0,增长,10+,高变现,爆品,https://p16-she-va.ibyteimg.com/tos-alisg-i-f7lenjegsh-sg/957e50c35adb40de833d9dab5fbb4f23~tplv-g9dfdl17fc-origin-image.image,https://shop.tiktok.com/view/product/1729701454511643087?region=FR&locale=fr,524.73,123.67,2426.55,17,4,30.87,43.81,138,4.3,66.7%,0.0%,0.9%,1.1%,3.25,0.10,5件装,/,/,否,否,是,丰富度P0｜增长｜10+销量｜高变现,Aeolus rid=6082893 / sid=3062689,2026-08-08 21:52
B级观察,US,1732485706586558959,S260709035922,晋江市狮墨服装有限公司,Men's Bottoms,Men's Pants,丰富度P0,增长,10+,高点击+高转化+高变现,平销,https://p16-she-va.ibyteimg.com/tos-alisg-i-f7lenjegsh-sg/dfa14356dc9641fa936252c366e86bbf~tplv-g9dfdl17fc-origin-image.image,https://shop.tiktok.com/view/product/1732485706586558959?region=US&locale=en,238.17,123.65,431.66,15,6,15.88,27.19,25,3.9,0.0%,0.0%,4.6%,4.5%,32.54,2.05,1件,/,/,是,否,是,丰富度P0｜增长｜10+销量｜高点击+高转化+高变现,Aeolus rid=6082893 / sid=3062689,2026-08-08 21:52
B级观察,GB,1729435808054217927,S241111001890,香港墨韻貿易有限公司,Men's Bottoms,Men's Pants,丰富度P0,增长,破0件,高点击+高转化+高变现,滞销,https://p16-she-va.ibyteimg.com/tos-alisg-i-f7lenjegsh-sg/4ea6c6ca47e94a729123d893c9441f87~tplv-g9dfdl17fc-origin-image.image,https://shop.tiktok.com/view/product/1729435808054217927?region=GB&locale=en,144.88,123.60,266.71,8,7,18.11,20.16,37,3.8,0.0%,0.0%,3.7%,4.9%,33.27,1.84,1件,/,/,否,否,是,丰富度P0｜增长｜破0件销量｜高点击+高转化+高变现,Aeolus rid=6082893 / sid=3062689,2026-08-08 21:52
B级观察,ES,1729646248714803974,S240419006151,广州梓康服饰有限公司,Men's Suits & Sets,Men's Clothing Sets,丰富度P0,增长,破0件,高点击+高变现,爆品,https://p16-she-va.ibyteimg.com/tos-alisg-i-f7lenjegsh-sg/cb9fdd82cd044883918793b799d43888~tplv-g9dfdl17fc-origin-image.image,https://shop.tiktok.com/view/product/1729646248714803974?region=ES&locale=es,212.72,123.12,761.65,9,5,23.64,31.70,279,4.6,0.0%,0.0%,3.2%,1.0%,7.38,0.31,2件,/,女装标准码,否,否,是,丰富度P0｜增长｜破0件销量｜高点击+高变现,Aeolus rid=6082893 / sid=3062689,2026-08-08 21:52
B级观察,US,1730577443454751343,S250109001558,广州欧牌服装有限公司,Men's Bottoms,Men's Jeans,丰富度P0,增长,10+,高点击+高转化+高变现,平销,https://p16-she-va.ibyteimg.com/tos-maliva-i-g9dfdl17fc-us/DA343D787FF9228EOptimCopy~tplv-g9dfdl17fc-origin-image.image,https://shop.tiktok.com/view/product/1730577443454751343?region=US&locale=en,486.57,123.03,1832.36,21,4,23.17,41.39,45,4.3,0.0%,0.0%,2.9%,2.8%,21.31,0.83,1件,/,/,否,否,否,丰富度P0｜增长｜10+销量｜高点击+高转化+高变现,Aeolus rid=6082893 / sid=3062689,2026-08-08 21:52
B级观察,US,1732071219587551253,S250820012841,广州中纤纺织品有限公司,Men's Tops,Polo Shirts,非P0补充,增长,10+,高点击+高转化+高变现,滞销,https://p16-she-va.ibyteimg.com/tos-alisg-i-f7lenjegsh-sg/678e0c28a05b49abb0ecd32f1c2ef632~tplv-g9dfdl17fc-origin-image.image,https://shop.tiktok.com/view/product/1732071219587551253?region=US&locale=en,221.53,123.02,460.88,15,8,14.77,26.29,106,4.5,0.0%,0.0%,2.1%,6.8%,21.10,1.43,1件,/,/,是,否,是,非P0补充｜增长｜10+销量｜高点击+高转化+高变现,Aeolus rid=6082893 / sid=3062689,2026-08-08 21:52
B级观察,GB,1729745534173288867,S260106072922,佛山市唯拓服饰有限公司,Men's Tops,T-shirts,丰富度P0,增长,10+,高点击+高转化+高变现,爆品,https://p16-she-va.ibyteimg.com/tos-alisg-i-f7lenjegsh-sg/3ebdead8a2d444e49079d81e995e8bbc~tplv-g9dfdl17fc-origin-image.image,https://shop.tiktok.com/view/product/1729745534173288867?region=GB&locale=en,513.78,122.76,1974.66,43,8,11.95,16.13,137,4.0,50.0%,0.0%,4.6%,3.0%,16.93,1.38,1件,/,/,是,否,否,丰富度P0｜增长｜10+销量｜高点击+高转化+高变现,Aeolus rid=6082893 / sid=3062689,2026-08-08 21:52
B级观察,FR,1729738653258324336,S251225027389,广州葆丹贸易有限公司,Men's Tops,Vests,非P0补充,增长,破0件,高转化+高变现,平销,https://p16-she-va.ibyteimg.com/tos-alisg-i-f7lenjegsh-sg/91724cbdaa90428891d07660a7bb8356~tplv-g9dfdl17fc-origin-image.image,https://shop.tiktok.com/view/product/1729738653258324336?region=FR&locale=fr,164.97,122.68,1021.46,8,6,20.62,22.47,159,4.1,0.0%,0.0%,1.4%,6.2%,20.10,0.85,1件,/,/,否,否,否,非P0补充｜增长｜破0件销量｜高转化+高变现,Aeolus rid=6082893 / sid=3062689,2026-08-08 21:52
B级观察,DE,1729756615862360591,S260123017214,上饶市枫行服装有限公司,Men's Bottoms,Men's Pants,丰富度P0,增长,破0件,高变现,平销,https://p16-she-va.ibyteimg.com/tos-alisg-i-f7lenjegsh-sg/5257deb6dbdca6a457e1aafe971af926~tplv-g9dfdl17fc-origin-image.image,https://shop.tiktok.com/view/product/1729756615862360591?region=DE&locale=de,122.67,122.67,356.79,4,4,30.67,35.73,83,4.4,0.0%,0.0%,1.1%,0.9%,2.99,0.10,1件,/,/,否,否,是,丰富度P0｜增长｜破0件销量｜高变现,Aeolus rid=6082893 / sid=3062689,2026-08-08 21:52
B级观察,GB,1729696450867140992,S251120065158,广州市黄埔区海织电子商务商行（个体工商户）,Men's Bottoms,Men's Pants,非P0补充,增长,10+,高转化+高变现,滞销,https://p16-she-va.ibyteimg.com/tos-alisg-i-f7lenjegsh-sg/1710f613dbb34afaa44eb243f7f2bb4f~tplv-g9dfdl17fc-origin-image.image,https://shop.tiktok.com/view/product/1729696450867140992?region=GB&locale=en,217.00,122.56,527.81,10,5,21.70,20.57,256,4.1,0.0%,0.0%,1.3%,2.3%,6.37,0.29,/,/,/,是,否,是,非P0补充｜增长｜10+销量｜高转化+高变现,Aeolus rid=6082893 / sid=3062689,2026-08-08 21:52
B级观察,GB,1729459780340911424,S250204000237,岫岩满族自治县轩泽凯服装店（个体工商户）,Men's Bottoms,Men's Jeans,丰富度P0,增长,破0件,高点击+高转化+高变现,滞销,https://p16-she-va.ibyteimg.com/tos-alisg-i-f7lenjegsh-sg/cc382c625dce45ae9f39def94565bd7f~tplv-g9dfdl17fc-origin-image.image,https://shop.tiktok.com/view/product/1729459780340911424?region=GB&locale=en,156.09,122.48,336.11,7,5,22.30,43.03,1444,4.5,100.0%,0.0%,3.9%,4.0%,35.11,1.57,1件,/,/,是,否,是,丰富度P0｜增长｜破0件销量｜高点击+高转化+高变现,Aeolus rid=6082893 / sid=3062689,2026-08-08 21:52
B级观察,US,1729594292058034710,S240807000707,香港柯睿順貿易有限公司,Men's Tops,Hoodies & Sweatshirts,非P0补充,增长,10+,高点击+高转化+高变现,滞销,https://p16-she-va.ibyteimg.com/tos-alisg-i-f7lenjegsh-sg/46cbef3c7b3a4293a28b500f6ec4f0bd~tplv-g9dfdl17fc-origin-image.image,https://shop.tiktok.com/view/product/1729594292058034710?region=US&locale=en,265.48,122.28,904.19,16,9,16.59,23.39,36,4.7,0.0%,0.0%,3.2%,4.0%,21.50,1.30,1件,/,女装标准码,否,否,是,非P0补充｜增长｜10+销量｜高点击+高转化+高变现,Aeolus rid=6082893 / sid=3062689,2026-08-08 21:52
B级观察,MX,1734486253983466793,S251206088072,香港星兆服飾有限公司,Men's Bottoms,Men's Pants,非P0补充,增长,10+,高点击+高变现,平销,https://p16-she-va.ibyteimg.com/tos-alisg-i-f7lenjegsh-sg/322e8a9558b34be5b16334e48c1c9fdc~tplv-g9dfdl17fc-origin-image.image,https://shop.tiktok.com/view/product/1734486253983466793?region=MX&locale=es,135.16,121.96,197.84,13,12,10.40,17.69,320,4.6,66.7%,0.0%,2.4%,1.2%,3.02,0.29,/,/,/,是,否,是,非P0补充｜增长｜10+销量｜高点击+高变现,Aeolus rid=6082893 / sid=3062689,2026-08-08 21:52
B级观察,GB,1729784175345441140,S260322021448,广州乐简服饰有限公司,Men's Suits & Sets,Men's Clothing Sets,非P0补充,增长,10+,高点击+高转化+高变现,大爆,https://p16-she-va.ibyteimg.com/tos-alisg-i-f7lenjegsh-sg/7697c2ab1b654157bad0575e568ce688~tplv-g9dfdl17fc-origin-image.image,https://shop.tiktok.com/view/product/1729784175345441140?region=GB&locale=en,298.91,121.80,815.32,14,5,21.35,27.56,296,4.9,0.0%,0.0%,3.1%,6.5%,42.79,2.00,2件,/,/,是,否,是,非P0补充｜增长｜10+销量｜高点击+高转化+高变现,Aeolus rid=6082893 / sid=3062689,2026-08-08 21:52
B级观察,US,1731695130086183893,S250828005030,赣州景耀科技有限公司,Men's Bottoms,Men's Jeans,非P0补充,增长,破0件,高点击+高变现,滞销,https://p16-she-va.ibyteimg.com/tos-alisg-i-f7lenjegsh-sg/47a602f075a44cc8a5c95366b12e8e7e~tplv-g9dfdl17fc-origin-image.image,https://shop.tiktok.com/view/product/1731695130086183893?region=US&locale=en,121.40,121.40,296.01,4,4,30.35,40.99,10,4.6,0.0%,0.0%,3.9%,2.0%,23.78,0.78,1件,/,/,是,否,否,非P0补充｜增长｜破0件销量｜高点击+高变现,Aeolus rid=6082893 / sid=3062689,2026-08-08 21:52
B级观察,US,1732484562597351697,S260710027731,广州市黄埔区君宇服饰商行,Men's Suits & Sets,Men's Suits,非P0补充,增长,破0件,高点击+高变现,平销,https://p16-she-va.ibyteimg.com/tos-alisg-i-f7lenjegsh-sg/7b70f3c93a984a0ba52cd7e1b0e75611~tplv-g9dfdl17fc-origin-image.image,https://shop.tiktok.com/view/product/1732484562597351697?region=US&locale=en,172.16,121.28,249.85,5,3,34.43,80.69,675,4.6,0.0%,0.0%,5.3%,1.3%,23.99,0.70,2件,/,/,是,否,是,非P0补充｜增长｜破0件销量｜高点击+高变现,Aeolus rid=6082893 / sid=3062689,2026-08-08 21:52
B级观察,GB,1729497414974806791,S250427003638,广州市天河区潮往男装服装店（个体工商户）,Men's Tops,Shirts,非P0补充,增长,破0件,高点击+高转化+高变现,滞销,https://p16-she-va.ibyteimg.com/tos-alisg-i-f7lenjegsh-sg/566d03371663470f813a2e343aaec294~tplv-g9dfdl17fc-origin-image.image,https://shop.tiktok.com/view/product/1729497414974806791?region=GB&locale=en,152.86,120.91,369.79,5,4,30.57,58.50,1983,4.7,0.0%,0.0%,3.9%,14.7%,174.30,5.70,3件,/,/,是,否,否,非P0补充｜增长｜破0件销量｜高点击+高转化+高变现,Aeolus rid=6082893 / sid=3062689,2026-08-08 21:52
B级观察,GB,1729501291255274378,S250502000799,广州市番禺区佑时服饰商行（个体工商户）,Men's Suits & Sets,Men's Clothing Sets,丰富度P0,增长,10+,高点击+高转化+高变现,平销,https://p16-she-va.ibyteimg.com/tos-alisg-i-f7lenjegsh-sg/503787507b6b408b84ee850f8a8da4bc~tplv-g9dfdl17fc-origin-image.image,https://shop.tiktok.com/view/product/1729501291255274378?region=GB&locale=en,485.76,120.87,2789.40,21,4,23.13,25.27,2477,4.2,0.0%,0.0%,2.7%,8.5%,52.77,2.28,2件套,/,/,是,否,否,丰富度P0｜增长｜10+销量｜高点击+高转化+高变现,Aeolus rid=6082893 / sid=3062689,2026-08-08 21:52
B级观察,FR,1729872751262734723,S260714018240,广州市天河区凯礼商行（个体工商户）,Men's Suits & Sets,Men's Clothing Sets,丰富度P0,增长,破0件,高点击+高转化+高变现,平销,https://p16-she-va.ibyteimg.com/tos-alisg-i-f7lenjegsh-sg/220d4b6288814f07bf167390509f2922~tplv-g9dfdl17fc-origin-image.image,https://shop.tiktok.com/view/product/1729872751262734723?region=FR&locale=fr,198.17,120.38,275.97,9,6,22.02,38.62,6210,4.4,0.0%,0.0%,3.6%,3.0%,23.30,1.06,1套,/,/,是,否,是,丰富度P0｜增长｜破0件销量｜高点击+高转化+高变现,Aeolus rid=6082893 / sid=3062689,2026-08-08 21:52
B级观察,GB,1729404985528913201,S240214000183,泉州惠通跨境贸易服务有限公司,Men's Bottoms,Men's Shorts,丰富度P0,增长,破0件,高点击+高转化+高变现,滞销,https://p16-she-va.ibyteimg.com/tos-alisg-i-f7lenjegsh-sg/bd290ccf4b924becbcea2d8f2743f826~tplv-g9dfdl17fc-origin-image.image,https://shop.tiktok.com/view/product/1729404985528913201?region=GB&locale=en,150.49,120.38,303.16,5,4,30.10,14.78,1287,4.4,0.0%,0.0%,4.2%,7.5%,94.24,3.13,1件/2件/3件,/,女装标准码,是,否,是,丰富度P0｜增长｜破0件销量｜高点击+高转化+高变现,Aeolus rid=6082893 / sid=3062689,2026-08-08 21:52
B级观察,GB,1729776521081756039,S260309069154,广州益可服饰有限公司,Men's Tops,Shirts,丰富度P0,增长,10+,高点击+高转化+高变现,爆品,https://p16-she-va.ibyteimg.com/tos-alisg-i-g9dfdl17fc-sg/d91b2c16804543578f9d4de95dcc572e~tplv-g9dfdl17fc-origin-image.image,https://shop.tiktok.com/view/product/1729776521081756039?region=GB&locale=en,388.71,120.32,1379.26,23,7,16.90,23.26,51,4.6,75.0%,0.0%,3.2%,3.6%,19.51,1.15,1件,/,/,否,否,否,丰富度P0｜增长｜10+销量｜高点击+高转化+高变现,Aeolus rid=6082893 / sid=3062689,2026-08-08 21:52
B级观察,US,1731964532556599873,S251022023492,广州市白云区娜梦梦纺织品商行（个体工商户）,Men's Bottoms,Men's Pants,丰富度P0,增长,破0件,高点击+高转化+高变现,滞销,https://p16-she-va.ibyteimg.com/tos-alisg-i-f7lenjegsh-sg/0ca6215d45bd4ec49a772eea625cd9ca~tplv-g9dfdl17fc-origin-image.image,https://shop.tiktok.com/view/product/1731964532556599873?region=US&locale=en,150.82,120.23,418.44,9,7,16.76,27.29,2135,3.9,0.0%,0.0%,5.5%,4.9%,44.50,2.66,1件,/,/,是,否,是,丰富度P0｜增长｜破0件销量｜高点击+高转化+高变现,Aeolus rid=6082893 / sid=3062689,2026-08-08 21:52
B级观察,US,1731630439288640004,S250807021883,广州鹤舞电子商务有限公司,Men's Tops,Knitwear,非P0补充,增长,10+,高点击+高转化+高变现,滞销,https://p16-she-va.ibyteimg.com/tos-alisg-i-f7lenjegsh-sg/b05336c4626f452db1ed19913fd581c7~tplv-g9dfdl17fc-origin-image.image,https://shop.tiktok.com/view/product/1731630439288640004?region=US&locale=en,252.23,120.01,698.92,13,6,19.40,26.69,25,4.3,0.0%,0.0%,3.7%,6.7%,52.19,2.48,/,/,/,否,否,是,非P0补充｜增长｜10+销量｜高点击+高转化+高变现,Aeolus rid=6082893 / sid=3062689,2026-08-08 21:52
B级观察,US,1729537691663635370,S240617006065,广东雅迪服装有限公司,Men's Suits & Sets,Men's Clothing Sets,丰富度P0,增长,50+,高点击+高转化+高变现,爆品,https://p16-she-va.ibyteimg.com/tos-alisg-i-f7lenjegsh-sg/dab67d6f2df649928480665e79816235~tplv-g9dfdl17fc-origin-image.image,https://shop.tiktok.com/view/product/1729537691663635370?region=US&locale=en,1240.68,119.86,6096.50,89,-16,13.94,25.69,288,4.6,37.5%,0.0%,3.9%,6.7%,36.96,2.62,2件套,/,女装标准码,否,否,是,丰富度P0｜增长｜50+销量｜高点击+高转化+高变现,Aeolus rid=6082893 / sid=3062689,2026-08-08 21:52
B级观察,US,1732300494134546734,S260321047160,广州市荔湾区夏序商贸商行（个体工商户）,Men's Suits & Sets,Men's Clothing Sets,丰富度P0,增长,10+,高点击+高变现,滞销,https://p16-she-va.ibyteimg.com/tos-alisg-i-f7lenjegsh-sg/6f43aeca2e7343169fb5636501d9aaf3~tplv-g9dfdl17fc-origin-image.image,https://shop.tiktok.com/view/product/1732300494134546734?region=US&locale=en,300.38,119.61,1260.58,11,3,27.31,35.89,4546,3.8,0.0%,0.0%,2.9%,1.4%,10.65,0.39,2件套,/,/,是,否,是,丰富度P0｜增长｜10+销量｜高点击+高变现,Aeolus rid=6082893 / sid=3062689,2026-08-08 21:52
B级观察,US,1732393514665415317,S260511029555,广州虎道服饰商贸有限公司,Men's Bottoms,Men's Pants,丰富度P0,增长,50+,高转化+高变现,爆品,https://p16-she-va.ibyteimg.com/tos-alisg-i-f7lenjegsh-sg/294a717f8c4447bdb3a32b5a0e8d29ba~tplv-g9dfdl17fc-origin-image.image,https://shop.tiktok.com/view/product/1732393514665415317?region=US&locale=en,1308.25,119.37,5979.69,92,1,14.22,26.59,112,4.1,33.3%,0.0%,1.6%,4.2%,9.95,0.67,/,/,/,否,否,否,丰富度P0｜增长｜50+销量｜高转化+高变现,Aeolus rid=6082893 / sid=3062689,2026-08-08 21:52
B级观察,US,1732462367649600022,S260627019329,广州市天河区雪瑜服饰商行（个体工商户）,Men's Tops,T-shirts,非P0补充,增长,破0件,高点击+高变现,滞销,https://p16-she-va.ibyteimg.com/tos-alisg-i-f7lenjegsh-sg/99fb76fc85d64e77b3a290685f628f2a~tplv-g9dfdl17fc-origin-image.image,https://shop.tiktok.com/view/product/1732462367649600022?region=US&locale=en,119.24,119.24,284.03,6,6,19.87,50.09,1238,4.5,0.0%,0.0%,3.9%,1.9%,22.23,0.75,/,/,/,是,否,是,非P0补充｜增长｜破0件销量｜高点击+高变现,Aeolus rid=6082893 / sid=3062689,2026-08-08 21:52
B级观察,US,1732422924189274391,S260430022570,广州市番禺区珺才服饰商行（个体工商户）,Men's Tops,Vests,非P0补充,增长,破0件,高点击+高转化+高变现,滞销,https://p16-she-va.ibyteimg.com/tos-alisg-i-f7lenjegsh-sg/13fc30d83d8d42ca956ce7369da07cc2~tplv-g9dfdl17fc-origin-image.image,https://shop.tiktok.com/view/product/1732422924189274391?region=US&locale=en,141.39,119.00,301.80,7,6,20.20,33.49,2483,4.9,0.0%,0.0%,4.8%,9.6%,92.47,4.58,3件,/,/,是,否,是,非P0补充｜增长｜破0件销量｜高点击+高转化+高变现,Aeolus rid=6082893 / sid=3062689,2026-08-08 21:52
B级观察,GB,1729484819325884887,S250408001779,泉州市鑫浪启航商贸有限公司,Men's Bottoms,Men's Shorts,丰富度P0,增长,50+,高点击+高转化+高变现,爆品,https://p16-she-va.ibyteimg.com/tos-alisg-i-f7lenjegsh-sg/0b245ad4cec1448d8aaa2812b79a712b~tplv-g9dfdl17fc-origin-image.image,https://shop.tiktok.com/view/product/1729484819325884887?region=GB&locale=en,703.27,118.98,2469.11,80,16,8.79,17.20,443,5.0,57.1%,0.0%,3.0%,11.0%,29.74,3.30,1件,/,/,是,否,是,丰富度P0｜增长｜50+销量｜高点击+高转化+高变现,Aeolus rid=6082893 / sid=3062689,2026-08-08 21:52
B级观察,GB,1729805257087818228,S260421029264,广州市白云区石门街寰选轻尚服饰商行（个体工商户）,Men's Suits & Sets,Men's Clothing Sets,丰富度P0,增长,10+,高点击+高转化+高变现,平销,https://p16-she-va.ibyteimg.com/tos-alisg-i-f7lenjegsh-sg/41e95b90ffa844c5827b55918ce9fe3e~tplv-g9dfdl17fc-origin-image.image,https://shop.tiktok.com/view/product/1729805257087818228?region=GB&locale=en,222.15,118.84,1127.66,15,9,14.81,27.29,7332,4.5,0.0%,0.0%,3.1%,5.4%,24.80,1.67,2件,/,/,是,否,否,丰富度P0｜增长｜10+销量｜高点击+高转化+高变现,Aeolus rid=6082893 / sid=3062689,2026-08-08 21:52
B级观察,GB,1729827135189784775,S260511007672,香港墨韻貿易有限公司,Men's Suits & Sets,Men's Clothing Sets,丰富度P0,增长,破0件,高点击+高转化+高变现,滞销,https://p16-she-va.ibyteimg.com/tos-alisg-i-f7lenjegsh-sg/dc248cd3ba7c4c758b3fc7c93dd7e4fc~tplv-g9dfdl17fc-origin-image.image,https://shop.tiktok.com/view/product/1729827135189784775?region=GB&locale=en,118.67,118.67,224.27,5,5,23.73,32.27,13,3.8,0.0%,0.0%,4.7%,6.1%,68.32,2.88,2件套,/,/,否,否,是,丰富度P0｜增长｜破0件销量｜高点击+高转化+高变现,Aeolus rid=6082893 / sid=3062689,2026-08-08 21:52
B级观察,GB,1729673746587424855,S251025040979,广州市黄埔区绮初服饰服装商行（个体工商户）,Men's Tops,Hoodies & Sweatshirts,丰富度P0,增长,10+,高转化+高变现,平销,https://p16-she-va.ibyteimg.com/tos-alisg-i-f7lenjegsh-sg/fcd2d6cc454745aebefadd9d7bf89d1d~tplv-g9dfdl17fc-origin-image.image,https://shop.tiktok.com/view/product/1729673746587424855?region=GB&locale=en,265.66,118.66,869.80,14,7,18.98,24.87,4257,4.1,0.0%,0.0%,1.8%,5.7%,19.33,1.02,1件,/,/,是,否,否,丰富度P0｜增长｜10+销量｜高转化+高变现,Aeolus rid=6082893 / sid=3062689,2026-08-08 21:52
B级观察,US,1732426165523485249,S260322003082,广州市白云区娜梦梦纺织品商行（个体工商户）,Men's Suits & Sets,Men's Clothing Sets,非P0补充,增长,10+,高点击+高转化+高变现,滞销,https://p16-she-va.ibyteimg.com/tos-alisg-i-f7lenjegsh-sg/66ee63e340d84c9e9462306399fc7a2a~tplv-g9dfdl17fc-origin-image.image,https://shop.tiktok.com/view/product/1732426165523485249?region=US&locale=en,380.76,118.51,1207.90,17,5,22.40,29.19,1915,3.9,0.0%,0.0%,3.9%,5.4%,46.93,2.10,2件套,/,/,是,否,是,非P0补充｜增长｜10+销量｜高点击+高转化+高变现,Aeolus rid=6082893 / sid=3062689,2026-08-08 21:52
B级观察,ES,1729870166717667484,S260710031443,广州市天河区豪瑞服饰品牌店（个体工商户）,Men's Suits & Sets,Men's Clothing Sets,丰富度P0,增长,10+,高点击+高转化+高变现,平销,https://p16-she-va.ibyteimg.com/tos-alisg-i-f7lenjegsh-sg/5f8bb04880f447f0abb640c6073d71ca~tplv-g9dfdl17fc-origin-image.image,https://shop.tiktok.com/view/product/1729870166717667484?region=ES&locale=es,239.67,118.42,360.93,10,4,23.97,40.92,896,3.9,0.0%,0.0%,3.2%,2.4%,18.21,0.76,2件套,/,/,是,否,是,丰富度P0｜增长｜10+销量｜高点击+高转化+高变现,Aeolus rid=6082893 / sid=3062689,2026-08-08 21:52
B级观察,US,1731892527451771174,S251008024662,广州欧牌服装有限公司,Men's Bottoms,Men's Jeans,非P0补充,增长,破0件,高转化+高变现,滞销,https://p16-she-va.ibyteimg.com/tos-alisg-i-f7lenjegsh-sg/e93fd0d8f3a5403aac3b7097884ea398~tplv-g9dfdl17fc-origin-image.image,https://shop.tiktok.com/view/product/1731892527451771174?region=US&locale=en,142.89,118.03,248.03,6,4,23.81,45.19,9,4.2,0.0%,0.0%,1.1%,8.5%,21.16,0.89,1件,/,/,否,否,否,非P0补充｜增长｜破0件销量｜高转化+高变现,Aeolus rid=6082893 / sid=3062689,2026-08-08 21:52
B级观察,US,1732202406285971919,S260107017633,义乌市峙山电子商务有限公司,Men's Tops,T-shirts,非P0补充,增长,10+,高点击+高转化+高变现,滞销,https://p16-she-va.ibyteimg.com/tos-alisg-i-f7lenjegsh-sg/dc9db84a31c84d37ad9c9e8e992a54f9~tplv-g9dfdl17fc-origin-image.image,https://shop.tiktok.com/view/product/1732202406285971919?region=US&locale=en,217.56,118.02,419.07,10,3,21.76,32.79,564,4.6,0.0%,0.0%,2.3%,3.2%,15.86,0.73,4件,/,/,是,否,是,非P0补充｜增长｜10+销量｜高点击+高转化+高变现,Aeolus rid=6082893 / sid=3062689,2026-08-08 21:52
B级观察,GB,1729793600568531909,S260407060351,泉州市嵩盼商贸有限公司,Men's Tops,Jackets & Coats,丰富度P0,增长,50+,高点击+高转化+高变现,爆品,https://p16-she-va.ibyteimg.com/tos-alisg-i-f7lenjegsh-sg/fe552729a0c4433397ba5f79aa0b49a8~tplv-g9dfdl17fc-origin-image.image,https://shop.tiktok.com/view/product/1729793600568531909?region=GB&locale=en,2136.37,117.98,6092.33,82,-4,26.05,42.09,2240,4.2,40.0%,0.0%,3.2%,2.6%,21.61,0.82,/,/,/,是,否,是,丰富度P0｜增长｜50+销量｜高点击+高转化+高变现,Aeolus rid=6082893 / sid=3062689,2026-08-08 21:52
B级观察,GB,1729807383838103839,S260423027461,泉州市易莱欣服饰有限公司,Men's Tops,Shirts,非P0补充,增长,破0件,高点击+高转化+高变现,滞销,https://p16-she-va.ibyteimg.com/tos-alisg-i-f7lenjegsh-sg/f38a69a17a9c4c1786936957937c087b~tplv-g9dfdl17fc-origin-image.image,https://shop.tiktok.com/view/product/1729807383838103839?region=GB&locale=en,117.80,117.80,239.12,2,2,58.90,112.97,16479,4.5,0.0%,0.0%,3.6%,28.6%,610.36,10.36,6件,/,/,是,否,是,非P0补充｜增长｜破0件销量｜高点击+高转化+高变现,Aeolus rid=6082893 / sid=3062689,2026-08-08 21:52
B级观察,US,1729554642993451533,S240708006719,石狮韵茵服装有限公司,Men's Bottoms,Men's Shorts,丰富度P0,增长,破0件,高转化+高变现,滞销,https://p16-she-va.ibyteimg.com/tos-alisg-i-f7lenjegsh-sg/cf39f45b26d74954a7ffbb015fed6784~tplv-g9dfdl17fc-origin-image.image,https://shop.tiktok.com/view/product/1729554642993451533?region=US&locale=en,189.30,117.78,376.27,7,3,27.04,12.79,48,4.7,0.0%,0.0%,2.0%,7.1%,38.55,1.43,5/3,/,女装标准码,否,否,是,丰富度P0｜增长｜破0件销量｜高转化+高变现,Aeolus rid=6082893 / sid=3062689,2026-08-08 21:52
B级观察,MX,1732231668825557581,S230919003175,泉州峯旗信息科技有限公司,Men's Bottoms,Men's Shorts,丰富度P0,增长,10+,高点击+高变现,爆品,https://p16-she-va.ibyteimg.com/tos-alisg-i-f7lenjegsh-sg/5ce70bce41a449be968ca54c009f3751~tplv-g9dfdl17fc-origin-image.image,https://shop.tiktok.com/view/product/1732231668825557581?region=MX&locale=es,353.52,117.72,1028.08,29,12,12.19,26.83,137,4.8,100.0%,0.0%,5.0%,0.5%,2.88,0.24,1 /2 件,/,女装标准码,否,否,是,丰富度P0｜增长｜10+销量｜高点击+高变现,Aeolus rid=6082893 / sid=3062689,2026-08-08 21:52
B级观察,US,1732384990096691280,S260505004745,广州卓迅服饰有限公司,Men's Bottoms,Men's Shorts,丰富度P0,增长,10+,高点击+高转化+高变现,滞销,https://p16-she-va.ibyteimg.com/tos-alisg-i-f7lenjegsh-sg/11ae75a4aa5e4c07bb5c4179d0ba0f5a~tplv-g9dfdl17fc-origin-image.image,https://shop.tiktok.com/view/product/1732384990096691280?region=US&locale=en,316.18,117.69,771.97,12,4,26.35,35.09,1576,3.8,25.0%,0.0%,3.3%,3.4%,29.49,1.12,1件,/,/,是,否,是,丰富度P0｜增长｜10+销量｜高点击+高转化+高变现,Aeolus rid=6082893 / sid=3062689,2026-08-08 21:52
B级观察,US,1732447523166523935,S260617033718,广州市番禺区裴琳服饰商行（个体工商户）,Men's Tops,Hoodies & Sweatshirts,丰富度P0,增长,10+,高点击+高转化+高变现,滞销,https://p16-she-va.ibyteimg.com/tos-alisg-i-f7lenjegsh-sg/0e295ab7b1e249c79dee37b32ab5c2ab~tplv-g9dfdl17fc-origin-image.image,https://shop.tiktok.com/view/product/1732447523166523935?region=US&locale=en,219.23,117.63,632.61,18,7,12.18,21.49,186,4.2,0.0%,0.0%,4.0%,5.2%,26.60,2.06,1件,/,/,是,否,是,丰富度P0｜增长｜10+销量｜高点击+高转化+高变现,Aeolus rid=6082893 / sid=3062689,2026-08-08 21:52
B级观察,MX,1736207578943751519,S260622019648,石狮市盛蓝绅尚贸易有限公司,Men's Bottoms,Men's Shorts,丰富度P0,增长,破0件,高点击+高转化+高变现,爆品,https://p16-she-va.ibyteimg.com/tos-alisg-i-f7lenjegsh-sg/5b63ec083add4648b07d974f46081f73~tplv-g9dfdl17fc-origin-image.image,https://shop.tiktok.com/view/product/1736207578943751519?region=MX&locale=es,180.46,117.63,296.98,8,6,22.56,19.75,1348,4.7,0.0%,0.0%,5.0%,3.3%,37.25,1.65,3/2/1pcs,/,/,是,否,是,丰富度P0｜增长｜破0件销量｜高点击+高转化+高变现,Aeolus rid=6082893 / sid=3062689,2026-08-08 21:52
B级观察,US,1731324461993857839,S250613013249,石狮市卓广奇舜贸易有限公司,Men's Bottoms,Men's Pants,非P0补充,增长,10+,高点击+高转化+高变现,滞销,https://p16-she-va.ibyteimg.com/tos-alisg-i-f7lenjegsh-sg/46ea784f8a0345729077fa3a902ff558~tplv-g9dfdl17fc-origin-image.image,https://shop.tiktok.com/view/product/1731324461993857839?region=US&locale=en,171.96,117.53,279.78,13,6,13.23,21.19,276,4.4,0.0%,0.0%,6.4%,2.3%,19.56,1.48,1件,/,/,是,否,是,非P0补充｜增长｜10+销量｜高点击+高转化+高变现,Aeolus rid=6082893 / sid=3062689,2026-08-08 21:52
B级观察,US,1732437410238337342,S260603011383,晋江督锐服装有限公司,Men's Suits & Sets,Men's Clothing Sets,丰富度P0,增长,破0件,高转化+高变现,滞销,https://p16-she-va.ibyteimg.com/tos-alisg-i-f7lenjegsh-sg/bc30f8aad09b4ef99965dc75cbc4074c~tplv-g9dfdl17fc-origin-image.image,https://shop.tiktok.com/view/product/1732437410238337342?region=US&locale=en,150.80,117.35,213.85,5,4,30.16,43.79,423,4.0,0.0%,0.0%,1.9%,4.1%,23.53,0.78,2件,/,/,是,否,否,丰富度P0｜增长｜破0件销量｜高转化+高变现,Aeolus rid=6082893 / sid=3062689,2026-08-08 21:52
B级观察,US,1732506087639847094,S260722023744,宁波市似锦电子商务有限公司,Men's Suits & Sets,Men's Clothing Sets,非P0补充,增长,破0件,高点击+高转化+高变现,冷启,https://p16-she-va.ibyteimg.com/tos-alisg-i-f7lenjegsh-sg/cbcb308cfefb42bebf242ffa9a2e1f0c~tplv-g9dfdl17fc-origin-image.image,https://shop.tiktok.com/view/product/1732506087639847094?region=US&locale=en,116.65,116.65,116.65,3,3,38.88,40.19,1498,4.1,0.0%,0.0%,2.2%,10.3%,86.60,2.23,1套,/,/,是,否,否,非P0补充｜增长｜破0件销量｜高点击+高转化+高变现,Aeolus rid=6082893 / sid=3062689,2026-08-08 21:52
B级观察,US,1732419371014984165,S260530002766,广州杰斯町服饰有限公司,Men's Tops,T-shirts,丰富度P0,增长,10+,高点击+高转化+高变现,滞销,https://p16-she-va.ibyteimg.com/tos-alisg-i-f7lenjegsh-sg/0af84f230d9a4e019ec9e1bc38c24eff~tplv-g9dfdl17fc-origin-image.image,https://shop.tiktok.com/view/product/1732419371014984165?region=US&locale=en,193.76,116.57,347.69,12,7,16.15,27.49,340,4.6,0.0%,0.0%,2.0%,4.3%,13.90,0.86,1件,/,/,是,否,是,丰富度P0｜增长｜10+销量｜高点击+高转化+高变现,Aeolus rid=6082893 / sid=3062689,2026-08-08 21:52
B级观察,US,1732228391917163285,S260116024280,广州市番禺区品瀚服饰商行（个体工商户）,Men's Bottoms,Men's Shorts,非P0补充,增长,10+,高点击+高转化+高变现,滞销,https://p16-she-va.ibyteimg.com/tos-alisg-i-f7lenjegsh-sg/22e71176e15e41acb0c9b3784585e23b~tplv-g9dfdl17fc-origin-image.image,https://shop.tiktok.com/view/product/1732228391917163285?region=US&locale=en,159.20,116.22,783.67,11,8,14.47,17.69,5000,4.8,0.0%,0.0%,4.7%,6.3%,42.77,2.96,1件,/,/,是,否,否,非P0补充｜增长｜10+销量｜高点击+高转化+高变现,Aeolus rid=6082893 / sid=3062689,2026-08-08 21:52
B级观察,GB,1729748547242662899,S260110071481,广州市黄埔区海尚装服饰商贸店（个体工商户）,Men's Tops,T-shirts,非P0补充,增长,10+,高点击+高转化+高变现,滞销,https://p16-she-va.ibyteimg.com/tos-alisg-i-f7lenjegsh-sg/2ff48bf4955841de91a29f82f8f48b72~tplv-g9dfdl17fc-origin-image.image,https://shop.tiktok.com/view/product/1729748547242662899?region=GB&locale=en,163.98,116.12,279.91,12,9,13.66,21.24,2215,3.9,100.0%,0.0%,2.3%,9.3%,32.42,2.17,1件,/,/,是,否,否,非P0补充｜增长｜10+销量｜高点击+高转化+高变现,Aeolus rid=6082893 / sid=3062689,2026-08-08 21:52
B级观察,US,1732422069734642493,S260601010195,广州烽朔科技有限公司,Men's Bottoms,Men's Jeans,非P0补充,增长,破0件,高点击+高转化+高变现,滞销,https://p16-she-va.ibyteimg.com/tos-alisg-i-f7lenjegsh-sg/65b3854ddb634c938a04e155d2e9cea4~tplv-g9dfdl17fc-origin-image.image,https://shop.tiktok.com/view/product/1732422069734642493?region=US&locale=en,141.25,116.08,166.42,4,3,35.31,51.29,13,4.6,0.0%,0.0%,8.2%,2.4%,70.55,2.00,1件,/,/,是,否,是,非P0补充｜增长｜破0件销量｜高点击+高转化+高变现,Aeolus rid=6082893 / sid=3062689,2026-08-08 21:52
B级观察,US,1732441135390560294,S260613009586,广州市黄埔区唐与新潮服装店（个体工商户）,Men's Bottoms,Men's Pants,非P0补充,增长,破0件,高点击+高变现,滞销,https://p16-she-va.ibyteimg.com/tos-alisg-i-f7lenjegsh-sg/75352c92bf26406295739cd0423b11f1~tplv-g9dfdl17fc-origin-image.image,https://shop.tiktok.com/view/product/1732441135390560294?region=US&locale=en,116.00,116.00,157.60,6,6,19.33,27.59,602,4.2,0.0%,0.0%,3.0%,1.8%,12.38,0.53,/,/,/,是,否,是,非P0补充｜增长｜破0件销量｜高点击+高变现,Aeolus rid=6082893 / sid=3062689,2026-08-08 21:52
B级观察,DE,1729765414485072691,S260207027105,广州市地引力服装有限公司,Men's Bottoms,Men's Jeans,丰富度P0,增长,破0件,高点击+高变现,滞销,https://p16-she-va.ibyteimg.com/tos-alisg-i-f7lenjegsh-sg/3de53d1badb14b7eac28ea7ea01ae860~tplv-g9dfdl17fc-origin-image.image,https://shop.tiktok.com/view/product/1729765414485072691?region=DE&locale=de,115.52,115.52,146.52,3,3,38.51,53.03,20,4.5,0.0%,0.0%,3.2%,0.9%,11.63,0.30,1件,/,/,否,否,是,丰富度P0｜增长｜破0件销量｜高点击+高变现,Aeolus rid=6082893 / sid=3062689,2026-08-08 21:52
B级观察,GB,1729866826519124933,S260705007090,泉州市嵩盼商贸有限公司,Men's Tops,Jackets & Coats,丰富度P0,增长,10+,高点击+高转化+高变现,滞销,https://p16-she-va.ibyteimg.com/tos-alisg-i-f7lenjegsh-sg/89138ca0d30844f7b9256a3e7dafc604~tplv-g9dfdl17fc-origin-image.image,https://shop.tiktok.com/view/product/1729866826519124933?region=GB&locale=en,169.70,115.48,337.14,25,21,6.79,59.17,24961,4.2,0.0%,0.0%,4.1%,6.9%,19.34,2.85,/,/,/,是,否,是,丰富度P0｜增长｜10+销量｜高点击+高转化+高变现,Aeolus rid=6082893 / sid=3062689,2026-08-08 21:52
B级观察,US,1732441073028403816,S260613014216,广州市黄埔区海聚百货商行（个体工商户）,Men's Tops,Shirts,丰富度P0,增长,10+,高点击+高转化+高变现,滞销,https://p16-she-va.ibyteimg.com/tos-alisg-i-f7lenjegsh-sg/697804ea07ed4cd2ada0f03cc8aedcb0~tplv-g9dfdl17fc-origin-image.image,https://shop.tiktok.com/view/product/1732441073028403816?region=US&locale=en,185.72,114.86,547.81,10,6,18.57,26.79,1062,4.6,50.0%,0.0%,2.2%,6.4%,26.72,1.44,/,/,/,是,否,是,丰富度P0｜增长｜10+销量｜高点击+高转化+高变现,Aeolus rid=6082893 / sid=3062689,2026-08-08 21:52
B级观察,US,1729532305469051070,S240617001899,杭州萧山储杰服装厂（个体工商户）,Men's Tops,Polo Shirts,丰富度P0,增长,10+,高点击+高转化+高变现,滞销,https://p16-she-va.ibyteimg.com/tos-alisg-i-f7lenjegsh-sg/38e646c489c34c7d82d5df9f56822521~tplv-g9dfdl17fc-origin-image.image,https://shop.tiktok.com/view/product/1729532305469051070?region=US&locale=en,205.32,114.84,599.00,17,7,12.08,17.79,26,4.7,0.0%,0.0%,5.0%,10.6%,64.34,5.33,1件,/,女装标准码,否,否,是,丰富度P0｜增长｜10+销量｜高点击+高转化+高变现,Aeolus rid=6082893 / sid=3062689,2026-08-08 21:52
B级观察,US,1731258426788974787,S250524002345,于都琪璘酷品供应链管理有限公司,Men's Tops,Polo Shirts,丰富度P0,增长,破0件,高点击+高转化+高变现,滞销,https://p16-she-va.ibyteimg.com/tos-alisg-i-f7lenjegsh-sg/5b0785efa04245de937befb542b91dc7~tplv-g9dfdl17fc-origin-image.image,https://shop.tiktok.com/view/product/1731258426788974787?region=US&locale=en,114.75,114.75,249.76,4,4,28.69,36.39,66,4.8,0.0%,0.0%,2.7%,11.1%,85.38,2.98,2件,/,/,否,否,是,丰富度P0｜增长｜破0件销量｜高点击+高转化+高变现,Aeolus rid=6082893 / sid=3062689,2026-08-08 21:52
B级观察,US,1732075160461808595,S251121025885,泉州市哈雷斯顿服饰有限公司,Men's Tops,Jackets & Coats,非P0补充,增长,破0件,高点击+高转化+高变现,滞销,https://p16-she-va.ibyteimg.com/tos-alisg-i-f7lenjegsh-sg/a189155316df4eb58cde7fe441b203e9~tplv-g9dfdl17fc-origin-image.image,https://shop.tiktok.com/view/product/1732075160461808595?region=US&locale=en,114.72,114.72,114.72,3,3,38.24,65.29,1872,4.9,0.0%,0.0%,6.8%,5.7%,147.46,3.86,1件,/,/,是,否,是,非P0补充｜增长｜破0件销量｜高点击+高转化+高变现,Aeolus rid=6082893 / sid=3062689,2026-08-08 21:52
B级观察,FR,1729853080275163679,S260613019395,广州市番禺区裴琳服饰商行（个体工商户）,Men's Suits & Sets,Men's Clothing Sets,丰富度P0,增长,破0件,高转化+高变现,滞销,https://p16-she-va.ibyteimg.com/tos-alisg-i-f7lenjegsh-sg/8f931cbdd5a947aba9407cfcddd293d8~tplv-g9dfdl17fc-origin-image.image,https://shop.tiktok.com/view/product/1729853080275163679?region=FR&locale=fr,114.66,114.66,114.66,2,2,57.33,65.72,165,3.9,0.0%,0.0%,0.7%,40.0%,150.28,2.62,2件套,/,/,是,否,是,丰富度P0｜增长｜破0件销量｜高转化+高变现,Aeolus rid=6082893 / sid=3062689,2026-08-08 21:52
B级观察,GB,1729879874980124837,S260724003361,宁波逸拓电子商务有限公司,Men's Suits & Sets,Men's Clothing Sets,非P0补充,增长,破0件,高点击+高转化+高变现,冷启,https://p16-she-va.ibyteimg.com/tos-alisg-i-f7lenjegsh-sg/26e74f5489634384857a6ecb133482d0~tplv-g9dfdl17fc-origin-image.image,https://shop.tiktok.com/view/product/1729879874980124837?region=GB&locale=en,114.65,114.65,114.65,6,6,19.11,41.01,1380,4.5,0.0%,0.0%,5.2%,4.9%,49.10,2.57,1套,/,/,是,否,是,非P0补充｜增长｜破0件销量｜高点击+高转化+高变现,Aeolus rid=6082893 / sid=3062689,2026-08-08 21:52
B级观察,ES,1729717251670317440,S251206208600,广州市黄埔区海织电子商务商行（个体工商户）,Men's Suits & Sets,Men's Clothing Sets,丰富度P0,增长,破0件,高点击+高转化+高变现,滞销,https://p16-she-va.ibyteimg.com/tos-alisg-i-f7lenjegsh-sg/d7b21f1a688b4728ba5d9b0d8c6407e2~tplv-g9dfdl17fc-origin-image.image,https://shop.tiktok.com/view/product/1729717251670317440?region=ES&locale=es,114.60,114.60,114.60,2,2,57.30,75.52,1431,4.1,0.0%,0.0%,2.5%,5.6%,80.59,1.41,2件套,/,/,是,否,是,丰富度P0｜增长｜破0件销量｜高点击+高转化+高变现,Aeolus rid=6082893 / sid=3062689,2026-08-08 21:52
B级观察,US,1730822094453248253,S241116006137,广州市番禺区鑫鸿婷服饰商行（个体工商户）,Men's Tops,Hoodies & Sweatshirts,非P0补充,增长,破0件,高点击+高转化+高变现,滞销,https://p16-she-va.ibyteimg.com/tos-alisg-i-f7lenjegsh-sg/e028cd7ac91248d895e0e07918800a93~tplv-g9dfdl17fc-origin-image.image,https://shop.tiktok.com/view/product/1730822094453248253?region=US&locale=en,114.59,114.59,199.31,2,2,57.30,95.69,46,4.6,0.0%,0.0%,3.2%,8.7%,157.19,2.74,4件,/,/,是,否,是,非P0补充｜增长｜破0件销量｜高点击+高转化+高变现,Aeolus rid=6082893 / sid=3062689,2026-08-08 21:52
B级观察,DE,1729835309166926808,S260524011503,汕头市阳衿贸易有限公司,Men's Tops,Vests,丰富度P0,增长,破0件,高点击+高转化+高变现,平销,https://p16-she-va.ibyteimg.com/tos-alisg-i-f7lenjegsh-sg/eb6394d4b69d4f11ba5c171f81dbbd97~tplv-g9dfdl17fc-origin-image.image,https://shop.tiktok.com/view/product/1729835309166926808?region=DE&locale=de,114.46,114.46,114.46,3,3,38.15,63.41,5260,4.7,0.0%,0.0%,3.8%,21.4%,309.36,8.11,3件,/,/,是,否,否,丰富度P0｜增长｜破0件销量｜高点击+高转化+高变现,Aeolus rid=6082893 / sid=3062689,2026-08-08 21:52
B级观察,US,1729474971647251850,S260126065639,广州市侃耶服装有限公司,Men's Bottoms,Men's Jeans,丰富度P0,增长,破0件,高点击+高转化+高变现,平销,https://p16-she-va.ibyteimg.com/tos-alisg-i-f7lenjegsh-sg/1a275ddbcfe748659b7f2600afffd6ea~tplv-g9dfdl17fc-origin-image.image,https://shop.tiktok.com/view/product/1729474971647251850?region=US&locale=en,283.01,113.84,983.20,9,4,31.45,37.39,24,4.2,0.0%,0.0%,4.8%,3.6%,53.67,1.71,1件,/,/,否,否,是,丰富度P0｜增长｜破0件销量｜高点击+高转化+高变现,Aeolus rid=6082893 / sid=3062689,2026-08-08 21:52
B级观察,GB,1729795916965059060,S260410037215,广州市白云区石门街寰选轻尚服饰商行（个体工商户）,Men's Suits & Sets,Men's Clothing Sets,丰富度P0,增长,10+,高转化+高变现,平销,https://p16-she-va.ibyteimg.com/tos-alisg-i-f7lenjegsh-sg/77883c477085422c9e3fe7d093bd379c~tplv-g9dfdl17fc-origin-image.image,https://shop.tiktok.com/view/product/1729795916965059060?region=GB&locale=en,412.39,113.81,2460.23,24,6,17.18,25.27,9401,4.5,0.0%,0.0%,1.8%,3.1%,9.29,0.54,2件,/,/,是,否,是,丰富度P0｜增长｜10+销量｜高转化+高变现,Aeolus rid=6082893 / sid=3062689,2026-08-08 21:52
B级观察,US,1732316863841080319,S260402058167,泉州拓领长豪商贸有限公司,Men's Tops,T-shirts,非P0补充,增长,10+,高点击+高转化+高变现,滞销,https://p16-she-va.ibyteimg.com/tos-alisg-i-f7lenjegsh-sg/3a96a3e1d10a4bf7960b90a9afaf923f~tplv-g9dfdl17fc-origin-image.image,https://shop.tiktok.com/view/product/1732316863841080319?region=US&locale=en,113.76,113.76,113.76,11,11,10.34,27.19,289,4.9,0.0%,0.0%,13.8%,75.0%,3922.76,103.45,1件,/,/,是,否,是,非P0补充｜增长｜10+销量｜高点击+高转化+高变现,Aeolus rid=6082893 / sid=3062689,2026-08-08 21:52
B级观察,US,1732447617951044066,S260617036038,石狮市民浩贸易有限公司,Men's Suits & Sets,Men's Clothing Sets,非P0补充,增长,破0件,高点击+高转化+高变现,滞销,https://p16-she-va.ibyteimg.com/tos-alisg-i-f7lenjegsh-sg/2ba912cab7ea4a818ac4b60af72e8324~tplv-g9dfdl17fc-origin-image.image,https://shop.tiktok.com/view/product/1732447617951044066?region=US&locale=en,113.48,113.48,113.48,4,4,28.37,53.69,194,4.6,0.0%,0.0%,4.8%,2.3%,32.02,1.13,2件,/,/,是,否,是,非P0补充｜增长｜破0件销量｜高点击+高转化+高变现,Aeolus rid=6082893 / sid=3062689,2026-08-08 21:52
B级观察,GB,1729402611568250616,S231127003544,福穩有限公司,Men's Tops,T-shirts,丰富度P0,增长,10+,高点击+高转化+高变现,滞销,https://p16-she-va.ibyteimg.com/tos-alisg-i-f7lenjegsh-sg/9e7d4ac4c70b48fe91865b9974ce0814~tplv-g9dfdl17fc-origin-image.image,https://shop.tiktok.com/view/product/1729402611568250616?region=GB&locale=en,141.94,113.33,488.72,10,8,14.19,17.20,44,4.7,0.0%,0.0%,3.3%,10.9%,72.31,3.57,2pcs,/,女装标准码,是,否,是,丰富度P0｜增长｜10+销量｜高点击+高转化+高变现,Aeolus rid=6082893 / sid=3062689,2026-08-08 21:52
B级观察,US,1732520755993743577,S260728036353,广州浮顾纯服饰有限公司,Men's Bottoms,Men's Jeans,非P0补充,增长,破0件,高点击+高转化+高变现,冷启,https://p16-she-va.ibyteimg.com/tos-alisg-i-f7lenjegsh-sg/6b9984aee3a544ec9706ea8ada6ab352~tplv-g9dfdl17fc-origin-image.image,https://shop.tiktok.com/view/product/1732520755993743577?region=US&locale=en,113.28,113.28,113.28,6,6,18.88,39.19,164,4.4,0.0%,0.0%,4.0%,3.9%,29.85,1.58,1件,/,/,是,否,是,非P0补充｜增长｜破0件销量｜高点击+高转化+高变现,Aeolus rid=6082893 / sid=3062689,2026-08-08 21:52
B级观察,GB,1729658875790596183,S251011031255,广州市黄埔区绮初服饰服装商行（个体工商户）,Men's Tops,Hoodies & Sweatshirts,非P0补充,增长,10+,高点击+高转化+高变现,滞销,https://p16-she-va.ibyteimg.com/tos-alisg-i-f7lenjegsh-sg/98ed783b2b934e9e8abb8e6f184fdc05~tplv-g9dfdl17fc-origin-image.image,https://shop.tiktok.com/view/product/1729658875790596183?region=GB&locale=en,248.19,113.26,653.78,12,5,20.68,38.05,5104,4.1,75.0%,0.0%,2.1%,5.6%,23.85,1.15,1件,/,/,是,否,否,非P0补充｜增长｜10+销量｜高点击+高转化+高变现,Aeolus rid=6082893 / sid=3062689,2026-08-08 21:52
B级观察,US,1732279145195147793,S260227035547,广州市十杈柏服饰有限公司,Men's Bottoms,Men's Shorts,丰富度P0,增长,10+,高点击+高转化+高变现,平销,https://p16-she-va.ibyteimg.com/tos-alisg-i-f7lenjegsh-sg/d7343a3abad44d97834975037b1623eb~tplv-g9dfdl17fc-origin-image.image,https://shop.tiktok.com/view/product/1732279145195147793?region=US&locale=en,457.22,113.04,1806.88,19,4,24.06,35.39,21,4.6,60.0%,0.0%,5.6%,2.2%,29.90,1.24,1件,/,/,否,否,是,丰富度P0｜增长｜10+销量｜高点击+高转化+高变现,Aeolus rid=6082893 / sid=3062689,2026-08-08 21:52
B级观察,US,1730999547335250173,S250406004848,广州市番禺区鑫鸿婷服饰商行（个体工商户）,Men's Bottoms,Men's Pants,丰富度P0,增长,10+,高点击+高转化+高变现,滞销,https://p16-she-va.ibyteimg.com/tos-alisg-i-f7lenjegsh-sg/26e2ef5d32dd41a5be75cf8e8786149d~tplv-g9dfdl17fc-origin-image.image,https://shop.tiktok.com/view/product/1730999547335250173?region=US&locale=en,245.16,112.81,629.02,14,6,17.51,25.99,235,4.6,0.0%,0.0%,4.2%,7.7%,60.83,3.23,1件,/,/,是,否,否,丰富度P0｜增长｜10+销量｜高点击+高转化+高变现,Aeolus rid=6082893 / sid=3062689,2026-08-08 21:52
B级观察,US,1732418908855767569,S260529030805,广州市十杈柏服饰有限公司,Men's Bottoms,Men's Jeans,非P0补充,增长,破0件,高点击+高转化+高变现,滞销,https://p16-she-va.ibyteimg.com/tos-alisg-i-f7lenjegsh-sg/d95e702997174c9e9ef787a3c0d2ec1a~tplv-g9dfdl17fc-origin-image.image,https://shop.tiktok.com/view/product/1732418908855767569?region=US&locale=en,112.75,112.75,374.37,4,4,28.19,37.59,392,4.6,0.0%,0.0%,3.6%,10.8%,108.21,3.84,1件,/,/,是,否,是,非P0补充｜增长｜破0件销量｜高点击+高转化+高变现,Aeolus rid=6082893 / sid=3062689,2026-08-08 21:52
B级观察,US,1729411448806936948,S231028002041,广州乐简服饰有限公司,Men's Tops,Jackets & Coats,丰富度P0,增长,10+,高转化+高变现,滞销,https://p16-she-va.ibyteimg.com/tos-alisg-i-f7lenjegsh-sg/f76da2d344b141bebe23711ff61a9e29~tplv-g9dfdl17fc-origin-image.image,https://shop.tiktok.com/view/product/1729411448806936948?region=US&locale=en,322.21,112.45,982.98,16,6,20.14,31.09,134,4.4,66.7%,0.0%,1.8%,3.5%,12.56,0.62,1件,/,女装标准码,是,是,是,丰富度P0｜增长｜10+销量｜高转化+高变现,Aeolus rid=6082893 / sid=3062689,2026-08-08 21:52
B级观察,GB,1729774950868687065,S260306048857,广州浮顾纯服饰有限公司,Men's Bottoms,Men's Shorts,丰富度P0,增长,10+,高点击+高转化+高变现,平销,https://p16-she-va.ibyteimg.com/tos-alisg-i-f7lenjegsh-sg/9783e4ade2ef4eb9a80439f3d6cb0904~tplv-g9dfdl17fc-origin-image.image,https://shop.tiktok.com/view/product/1729774950868687065?region=GB&locale=en,361.98,112.32,856.09,18,6,20.11,29.31,60,4.6,33.3%,0.0%,2.1%,8.3%,34.66,1.72,1件,/,/,否,否,是,丰富度P0｜增长｜10+销量｜高点击+高转化+高变现,Aeolus rid=6082893 / sid=3062689,2026-08-08 21:52
B级观察,FR,1729866505613515597,S260704014049,宣城市普强电子商务有限公司,Men's Tops,T-shirts,丰富度P0,增长,破0件,高转化+高变现,滞销,https://p16-she-va.ibyteimg.com/tos-alisg-i-f7lenjegsh-sg/0ce69ee36861ca0fe6f8619a1cf7ba66~tplv-g9dfdl17fc-origin-image.image,https://shop.tiktok.com/view/product/1729866505613515597?region=FR&locale=fr,112.18,112.18,295.73,5,5,22.44,24.20,83979,4.4,0.0%,0.0%,2.0%,3.0%,13.35,0.60,/,/,/,是,否,是,丰富度P0｜增长｜破0件销量｜高转化+高变现,Aeolus rid=6082893 / sid=3062689,2026-08-08 21:52
B级观察,US,1732485530579538914,S260711008235,广州市天河区秀霆服饰商店（个体工商户）,Men's Suits & Sets,Men's Clothing Sets,丰富度P0,增长,破0件,高点击+高变现,平销,https://p16-she-va.ibyteimg.com/tos-alisg-i-f7lenjegsh-sg/c5985a2e014e438982d487f082b6f3d8~tplv-g9dfdl17fc-origin-image.image,https://shop.tiktok.com/view/product/1732485530579538914?region=US&locale=en,289.98,112.17,536.83,6,2,48.33,79.99,781,4.5,0.0%,0.0%,3.9%,1.5%,28.33,0.59,2件套,/,/,是,否,是,丰富度P0｜增长｜破0件销量｜高点击+高变现,Aeolus rid=6082893 / sid=3062689,2026-08-08 21:52
B级观察,GB,1729532161052875093,S250607006628,广州市白云区石门街星澜外贸服饰店（个体工商户）,Men's Suits & Sets,Men's Clothing Sets,丰富度P0,增长,破0件,高点击+高转化+高变现,滞销,https://p16-she-va.ibyteimg.com/tos-alisg-i-f7lenjegsh-sg/c020e58a2e6e48cfb31b841ec9a7d2dd~tplv-g9dfdl17fc-origin-image.image,https://shop.tiktok.com/view/product/1729532161052875093?region=GB&locale=en,112.04,112.04,223.74,3,3,37.35,55.81,1392,4.5,0.0%,0.0%,3.6%,3.5%,46.66,1.25,2件套,/,/,是,否,否,丰富度P0｜增长｜破0件销量｜高点击+高转化+高变现,Aeolus rid=6082893 / sid=3062689,2026-08-08 21:52
B级观察,FR,1729547379552524608,S250618017979,岫岩满族自治县轩泽凯服装店（个体工商户）,Men's Bottoms,Men's Jeans,丰富度P0,增长,10+,高点击+高转化+高变现,平销,https://p16-she-va.ibyteimg.com/tos-alisg-i-f7lenjegsh-sg/2ba7c36e6a574478999811528764821c~tplv-g9dfdl17fc-origin-image.image,https://shop.tiktok.com/view/product/1729547379552524608?region=FR&locale=fr,274.00,111.84,825.12,18,3,15.22,53.61,49,4.5,0.0%,0.0%,3.8%,3.7%,21.27,1.40,1件,/,/,否,否,是,丰富度P0｜增长｜10+销量｜高点击+高转化+高变现,Aeolus rid=6082893 / sid=3062689,2026-08-08 21:52
B级观察,US,1731679551655416681,S250826014198,赣州大衫科技有限公司,Men's Bottoms,Men's Jeans,丰富度P0,增长,50+,高点击+高转化+高变现,爆品,https://p16-she-va.ibyteimg.com/tos-alisg-i-f7lenjegsh-sg/d094c7f9b6f84aa487813f9269cb7494~tplv-g9dfdl17fc-origin-image.image,https://shop.tiktok.com/view/product/1731679551655416681?region=US&locale=en,930.16,111.45,3102.40,50,3,18.60,38.09,418,4.1,14.3%,0.0%,8.3%,4.2%,64.38,3.46,1件,/,/,是,否,是,丰富度P0｜增长｜50+销量｜高点击+高转化+高变现,Aeolus rid=6082893 / sid=3062689,2026-08-08 21:52
B级观察,FR,1729480016048396487,S241011002213,香港墨韻貿易有限公司,Men's Suits & Sets,Men's Clothing Sets,丰富度P0,增长,破0件,高变现,平销,https://p16-she-va.ibyteimg.com/tos-alisg-i-f7lenjegsh-sg/52ff480a756c4565b61ca0320f41da58~tplv-g9dfdl17fc-origin-image.image,https://shop.tiktok.com/view/product/1729480016048396487?region=FR&locale=fr,221.48,110.90,688.20,7,4,31.64,46.11,45,4.5,0.0%,0.0%,1.8%,1.9%,10.44,0.33,2件套,/,/,否,否,是,丰富度P0｜增长｜破0件销量｜高变现,Aeolus rid=6082893 / sid=3062689,2026-08-08 21:52
B级观察,FR,1729642074467703657,S250922031586,赣州大衫科技有限公司,Men's Bottoms,Men's Jeans,丰富度P0,增长,破0件,高点击+高转化+高变现,平销,https://p16-she-va.ibyteimg.com/tos-alisg-i-f7lenjegsh-sg/a1af1e73f5ba4ab2be161f4e688d18fb~tplv-g9dfdl17fc-origin-image.image,https://shop.tiktok.com/view/product/1729642074467703657?region=FR&locale=fr,110.55,110.55,110.55,3,3,36.85,52.45,26,4.5,0.0%,0.0%,3.9%,42.9%,617.60,16.76,1件,/,/,否,否,否,丰富度P0｜增长｜破0件销量｜高点击+高转化+高变现,Aeolus rid=6082893 / sid=3062689,2026-08-08 21:52
B级观察,DE,1729883840865409777,S260730012037,广州弘展服饰有限公司,Men's Bottoms,Men's Jeans,非P0补充,增长,破0件,高点击+高转化+高变现,平销,https://p16-she-va.ibyteimg.com/tos-alisg-i-f7lenjegsh-sg/dbd15cbe9ff842dfb1e04a717cfa152d~tplv-g9dfdl17fc-origin-image.image,https://shop.tiktok.com/view/product/1729883840865409777?region=DE&locale=de,110.49,110.49,110.49,4,4,27.62,51.30,16655,3.8,0.0%,0.0%,3.5%,4.7%,45.27,1.64,1件,/,/,是,否,是,非P0补充｜增长｜破0件销量｜高点击+高转化+高变现,Aeolus rid=6082893 / sid=3062689,2026-08-08 21:52
B级观察,US,1732374976825233702,S260427019117,广州欧牌服装有限公司,Men's Bottoms,Men's Jeans,丰富度P0,增长,破0件,高点击+高转化+高变现,滞销,https://p16-she-va.ibyteimg.com/tos-alisg-i-f7lenjegsh-sg/326fd417559e44a491a6e4032153204c~tplv-g9dfdl17fc-origin-image.image,https://shop.tiktok.com/view/product/1732374976825233702?region=US&locale=en,110.08,110.08,434.74,4,4,27.52,38.39,4,4.2,0.0%,0.0%,11.8%,5.5%,177.26,6.44,1件,/,/,否,否,是,丰富度P0｜增长｜破0件销量｜高点击+高转化+高变现,Aeolus rid=6082893 / sid=3062689,2026-08-08 21:52
B级观察,GB,1729604565540050959,S250811025074,強隆國際貿易有限公司,Men's Bottoms,Men's Pants,丰富度P0,增长,10+,高转化+高变现,平销,https://p16-she-va.ibyteimg.com/tos-alisg-i-f7lenjegsh-sg/a1e46cc924174d2db8389ce716779b1d~tplv-g9dfdl17fc-origin-image.image,https://shop.tiktok.com/view/product/1729604565540050959?region=GB&locale=en,491.47,109.93,1743.64,28,12,17.55,34.96,98,4.5,60.0%,0.0%,1.4%,5.0%,15.05,0.70,2/1,/,/,是,否,是,丰富度P0｜增长｜10+销量｜高转化+高变现,Aeolus rid=6082893 / sid=3062689,2026-08-08 21:52
B级观察,US,1731517330707157535,S250724010746,广州市番禺区裴琳服饰商行（个体工商户）,Men's Tops,T-shirts,丰富度P0,增长,破0件,高点击+高转化+高变现,滞销,https://p16-she-va.ibyteimg.com/tos-alisg-i-f7lenjegsh-sg/4d071a5c36124f19b8d1baf88b21f488~tplv-g9dfdl17fc-origin-image.image,https://shop.tiktok.com/view/product/1731517330707157535?region=US&locale=en,151.45,109.74,396.05,6,4,25.24,33.49,9,4.2,0.0%,0.0%,5.1%,3.0%,38.53,1.53,1件,/,/,否,否,是,丰富度P0｜增长｜破0件销量｜高点击+高转化+高变现,Aeolus rid=6082893 / sid=3062689,2026-08-08 21:52
B级观察,US,1732256160473714905,S260123050332,广州浮顾纯服饰有限公司,Men's Bottoms,Men's Shorts,丰富度P0,增长,50+,高点击+高转化+高变现,爆品,https://p16-she-va.ibyteimg.com/tos-alisg-i-f7lenjegsh-sg/8e83eff8af5c4330af616a4d0a60142f~tplv-g9dfdl17fc-origin-image.image,https://shop.tiktok.com/view/product/1732256160473714905?region=US&locale=en,1221.62,109.59,4845.53,59,1,20.71,31.29,69,4.4,62.5%,0.0%,3.3%,4.1%,29.56,1.38,1件,/,/,否,否,是,丰富度P0｜增长｜50+销量｜高点击+高转化+高变现,Aeolus rid=6082893 / sid=3062689,2026-08-08 21:52
B级观察,FR,1729507540591614631,S250513014858,石狮市谦莫服饰有限公司,Men's Bottoms,Men's Shorts,丰富度P0,增长,破0件,高转化+高变现,爆品,https://p16-she-va.ibyteimg.com/tos-alisg-i-f7lenjegsh-sg/759980bd19c24fb3ab52035b34714b2d~tplv-g9dfdl17fc-origin-image.image,https://shop.tiktok.com/view/product/1729507540591614631?region=FR&locale=fr,169.50,109.32,535.25,4,2,42.38,25.36,1658,4.3,0.0%,0.0%,1.2%,2.7%,14.10,0.33,1/3件,/,/,是,否,否,丰富度P0｜增长｜破0件销量｜高转化+高变现,Aeolus rid=6082893 / sid=3062689,2026-08-08 21:52
B级观察,FR,1729547329436686555,S250619007396,广州市白云区石门街华皓服装服饰店（个体工商户）,Men's Suits & Sets,Men's Clothing Sets,丰富度P0,增长,10+,高转化+高变现,爆品,https://p16-she-va.ibyteimg.com/tos-alisg-i-f7lenjegsh-sg/b9cfffe558dd406e9016d0a93ca988f0~tplv-g9dfdl17fc-origin-image.image,https://shop.tiktok.com/view/product/1729547329436686555?region=FR&locale=fr,604.79,109.24,3046.15,18,3,33.60,43.23,9559,4.1,40.0%,20.0%,1.9%,2.3%,14.78,0.44,2件,/,/,是,否,是,丰富度P0｜增长｜10+销量｜高转化+高变现,Aeolus rid=6082893 / sid=3062689,2026-08-08 21:52
B级观察,US,1729477184468194960,S260127045678,宣城市徽灏国际贸易有限公司,Men's Tops,T-shirts,非P0补充,增长,10+,高转化+高变现,平销,https://p16-she-va.ibyteimg.com/tos-alisg-i-f7lenjegsh-sg/f4b0c414b6224bf09913b2bced7d2d7f~tplv-g9dfdl17fc-origin-image.image,https://shop.tiktok.com/view/product/1729477184468194960?region=US&locale=en,269.17,109.23,1278.47,38,22,7.08,15.29,59820,4.2,66.7%,0.0%,1.7%,15.1%,19.95,2.52,1 件,/,/,是,否,否,非P0补充｜增长｜10+销量｜高转化+高变现,Aeolus rid=6082893 / sid=3062689,2026-08-08 21:52
B级观察,DE,1729759529326582259,S260128052381,石狮市骏达宏图服饰有限公司,Men's Bottoms,Men's Pants,丰富度P0,增长,破0件,高转化+高变现,平销,https://p16-she-va.ibyteimg.com/tos-alisg-i-f7lenjegsh-sg/55b4a27eaf144a7e87818c2534715688~tplv-g9dfdl17fc-origin-image.image,https://shop.tiktok.com/view/product/1729759529326582259?region=DE&locale=de,131.44,109.19,740.02,5,4,26.29,36.89,82,4.5,0.0%,0.0%,1.9%,2.0%,10.32,0.39,1,/,/,否,否,是,丰富度P0｜增长｜破0件销量｜高转化+高变现,Aeolus rid=6082893 / sid=3062689,2026-08-08 21:52
B级观察,GB,1729819936476601229,S260505021740,广州市天河区浩瀚服饰鞋包店（个体工商户）,Men's Tops,T-shirts,丰富度P0,增长,破0件,高点击+高转化+高变现,滞销,https://p16-she-va.ibyteimg.com/tos-alisg-i-f7lenjegsh-sg/5793ef23a1ee475bbb676b3e0761ec4c~tplv-g9dfdl17fc-origin-image.image,https://shop.tiktok.com/view/product/1729819936476601229?region=GB&locale=en,109.11,109.11,109.11,3,3,36.37,60.51,16,3.9,0.0%,0.0%,2.4%,4.1%,35.88,0.99,4件,/,/,否,否,是,丰富度P0｜增长｜破0件销量｜高点击+高转化+高变现,Aeolus rid=6082893 / sid=3062689,2026-08-08 21:52
B级观察,US,1732264069421043713,S260208001867,广州市番禺区洛浦薇薇潮牌服装店,Men's Tops,T-shirts,非P0补充,增长,10+,高点击+高转化+高变现,滞销,https://p16-she-va.ibyteimg.com/tos-alisg-i-f7lenjegsh-sg/a8c1818f9c6848bf8b3a329ec3e2a07b~tplv-g9dfdl17fc-origin-image.image,https://shop.tiktok.com/view/product/1732264069421043713?region=US&locale=en,182.20,109.07,527.50,12,6,15.18,24.09,767,4.9,0.0%,0.0%,5.6%,7.1%,60.71,4.00,1件,/,/,是,否,是,非P0补充｜增长｜10+销量｜高点击+高转化+高变现,Aeolus rid=6082893 / sid=3062689,2026-08-08 21:52
B级观察,US,1731731441807430475,S250906020022,佛山市芬芬盈亿服饰有限公司,Men's Tops,Knitwear,丰富度P0,增长,破0件,高点击+高转化+高变现,滞销,https://p16-she-va.ibyteimg.com/tos-alisg-i-f7lenjegsh-sg/646885c5b4f14f43b2617263ab2d388f~tplv-g9dfdl17fc-origin-image.image,https://shop.tiktok.com/view/product/1731731441807430475?region=US&locale=en,245.97,108.73,745.17,8,3,30.75,37.79,15,5.0,50.0%,0.0%,2.4%,2.6%,19.25,0.63,1件,/,/,否,否,否,丰富度P0｜增长｜破0件销量｜高点击+高转化+高变现,Aeolus rid=6082893 / sid=3062689,2026-08-08 21:52
B级观察,US,1732324626133061670,S260408035318,广州市黄埔区唐与新潮服装店（个体工商户）,Men's Tops,Vests,非P0补充,增长,破0件,高转化+高变现,滞销,https://p16-she-va.ibyteimg.com/tos-alisg-i-f7lenjegsh-sg/e6a6ebc36f884d1393ac5af91b335ce5~tplv-g9dfdl17fc-origin-image.image,https://shop.tiktok.com/view/product/1732324626133061670?region=US&locale=en,201.30,108.40,776.86,9,4,22.37,31.49,1252,4.2,50.0%,0.0%,1.7%,5.8%,22.19,0.99,1件,/,/,是,否,是,非P0补充｜增长｜破0件销量｜高转化+高变现,Aeolus rid=6082893 / sid=3062689,2026-08-08 21:52
B级观察,MX,1734787373269092067,S250311009761,深圳兴巧贸易有限公司,Men's Suits & Sets,Men's Suits,丰富度P0,增长,破0件,高点击+高变现,滞销,https://p16-she-va.ibyteimg.com/tos-alisg-i-f7lenjegsh-sg/318d650c29064ee48daceea2243f7773~tplv-g9dfdl17fc-origin-image.image,https://shop.tiktok.com/view/product/1734787373269092067?region=MX&locale=es,145.78,108.35,219.21,5,4,29.16,34.29,10,4.0,0.0%,0.0%,9.3%,0.1%,2.30,0.08,2件套,/,/,否,否,否,丰富度P0｜增长｜破0件销量｜高点击+高变现,Aeolus rid=6082893 / sid=3062689,2026-08-08 21:52
B级观察,US,1730703529658651399,S250214009140,广州市天河区潮往男装服装店（个体工商户）,Men's Tops,T-shirts,丰富度P0,增长,10+,高点击+高转化+高变现,平销,https://p16-she-va.ibyteimg.com/tos-alisg-i-f7lenjegsh-sg/95e1cf744f244b56b78f88f887d562d9~tplv-g9dfdl17fc-origin-image.image,https://shop.tiktok.com/view/product/1730703529658651399?region=US&locale=en,363.42,108.34,1226.60,43,13,8.45,13.69,2351,4.2,0.0%,0.0%,4.6%,5.8%,23.65,2.67,1件,/,/,是,否,是,丰富度P0｜增长｜10+销量｜高点击+高转化+高变现,Aeolus rid=6082893 / sid=3062689,2026-08-08 21:52
B级观察,ES,1729776598560709478,S260309092112,广州市白云区石门街问型电子商务商行（个体工商户）,Men's Tops,T-shirts,非P0补充,增长,破0件,高变现,滞销,https://p16-she-va.ibyteimg.com/tos-alisg-i-f7lenjegsh-sg/7530a2fae0cf46e283673dbf444d5f42~tplv-g9dfdl17fc-origin-image.image,https://shop.tiktok.com/view/product/1729776598560709478?region=ES&locale=es,123.55,108.25,254.76,6,5,20.59,23.63,1894,4.7,0.0%,0.0%,0.9%,2.0%,3.81,0.18,1件,/,/,是,否,是,非P0补充｜增长｜破0件销量｜高变现,Aeolus rid=6082893 / sid=3062689,2026-08-08 21:52
B级观察,FR,1729646859886107380,S250905032029,广州韩忆服饰有限公司,Men's Bottoms,Men's Pants,非P0补充,增长,破0件,高点击+高转化+高变现,爆品,https://p16-she-va.ibyteimg.com/tos-alisg-i-f7lenjegsh-sg/762d8164178541e299f641772333c3fc~tplv-g9dfdl17fc-origin-image.image,https://shop.tiktok.com/view/product/1729646859886107380?region=FR&locale=fr,130.09,108.15,215.88,4,3,32.52,42.65,86,4.6,0.0%,0.0%,2.4%,2.0%,16.12,0.50,1件,/,/,否,否,否,非P0补充｜增长｜破0件销量｜高点击+高转化+高变现,Aeolus rid=6082893 / sid=3062689,2026-08-08 21:52
B级观察,US,1731752754547429966,S250907013520,晋江市新塘赐金服装贸易商行,Men's Tops,T-shirts,非P0补充,增长,10+,高点击+高转化+高变现,滞销,https://p16-she-va.ibyteimg.com/tos-alisg-i-f7lenjegsh-sg/441c4ea0acd24ffdbd69999b9dfd44a4~tplv-g9dfdl17fc-origin-image.image,https://shop.tiktok.com/view/product/1731752754547429966?region=US&locale=en,163.21,108.14,352.66,10,7,16.32,34.09,1115,4.9,100.0%,0.0%,3.0%,8.3%,40.61,2.49,1件,/,/,是,否,是,非P0补充｜增长｜10+销量｜高点击+高转化+高变现,Aeolus rid=6082893 / sid=3062689,2026-08-08 21:52
B级观察,US,1732455556772500285,S260623015600,广州烽朔科技有限公司,Men's Bottoms,Men's Jeans,丰富度P0,增长,破0件,高变现,滞销,https://p16-she-va.ibyteimg.com/tos-alisg-i-f7lenjegsh-sg/cbb3788d718c45b29cda55633d71c881~tplv-g9dfdl17fc-origin-image.image,https://shop.tiktok.com/view/product/1732455556772500285?region=US&locale=en,234.53,108.08,562.36,7,3,33.50,59.79,24,4.6,100.0%,0.0%,1.9%,1.1%,7.16,0.21,1件,/,/,是,否,是,丰富度P0｜增长｜破0件销量｜高变现,Aeolus rid=6082893 / sid=3062689,2026-08-08 21:52
B级观察,DE,1729501281102698967,S250408001779,泉州市鑫浪启航商贸有限公司,Men's Bottoms,Men's Shorts,丰富度P0,增长,10+,高转化+高变现,爆品,https://p16-she-va.ibyteimg.com/tos-alisg-i-f7lenjegsh-sg/0b245ad4cec1448d8aaa2812b79a712b~tplv-g9dfdl17fc-origin-image.image,https://shop.tiktok.com/view/product/1729501281102698967?region=DE&locale=de,178.26,107.12,666.92,11,7,16.21,26.51,443,5.0,100.0%,0.0%,1.2%,4.5%,8.79,0.54,1件,/,/,是,否,是,丰富度P0｜增长｜10+销量｜高转化+高变现,Aeolus rid=6082893 / sid=3062689,2026-08-08 21:52
B级观察,MX,1736202303026988785,S260622015782,广州弘展服饰有限公司,Men's Bottoms,Men's Jeans,丰富度P0,增长,10+,高点击+高变现,爆品,https://p16-she-va.ibyteimg.com/tos-alisg-i-f7lenjegsh-sg/db807246cdca42d89633fa95e57a5831~tplv-g9dfdl17fc-origin-image.image,https://shop.tiktok.com/view/product/1736202303026988785?region=MX&locale=es,397.33,106.90,1060.28,32,11,12.42,23.93,637521,4.3,0.0%,0.0%,5.2%,1.6%,10.40,0.84,1件,/,/,是,否,是,丰富度P0｜增长｜10+销量｜高点击+高变现,Aeolus rid=6082893 / sid=3062689,2026-08-08 21:52
B级观察,IT,1729802438845765712,S260418013351,广州卓迅服饰有限公司,Men's Bottoms,Men's Shorts,丰富度P0,增长,破0件,高点击+高转化+高变现,滞销,https://p16-she-va.ibyteimg.com/tos-alisg-i-f7lenjegsh-sg/392cb80fc662418ba85f4ba76793c3fe~tplv-g9dfdl17fc-origin-image.image,https://shop.tiktok.com/view/product/1729802438845765712?region=IT&locale=it,106.83,106.83,304.08,3,3,35.61,41.50,23,4.2,0.0%,0.0%,2.7%,5.1%,49.60,1.39,1件,/,/,否,否,是,丰富度P0｜增长｜破0件销量｜高点击+高转化+高变现,Aeolus rid=6082893 / sid=3062689,2026-08-08 21:52
B级观察,US,1729712662526857521,S241008009430,泉州惠通跨境贸易服务有限公司,Men's Tops,Jackets & Coats,丰富度P0,增长,破0件,高点击+高变现,平销,https://p16-she-va.ibyteimg.com/tos-alisg-i-f7lenjegsh-sg/cb6828a57e424dacbb45c2e989852b15~tplv-g9dfdl17fc-origin-image.image,https://shop.tiktok.com/view/product/1729712662526857521?region=US&locale=en,212.90,106.77,603.30,8,5,26.61,38.29,220,4.7,0.0%,0.0%,2.1%,1.4%,7.94,0.30,1件,/,女装标准码,是,否,是,丰富度P0｜增长｜破0件销量｜高点击+高变现,Aeolus rid=6082893 / sid=3062689,2026-08-08 21:52
B级观察,US,1730876768460968481,S250311013394,深圳市智汇集创电子商务有限公司,Men's Suits & Sets,Men's Clothing Sets,非P0补充,增长,10+,高点击+高转化+高变现,滞销,https://p16-she-va.ibyteimg.com/tos-alisg-i-f7lenjegsh-sg/5566f0e6f8694366bb951e04e9986d2e~tplv-g9dfdl17fc-origin-image.image,https://shop.tiktok.com/view/product/1730876768460968481?region=US&locale=en,228.67,106.61,910.43,10,5,22.87,24.79,26,4.7,0.0%,0.0%,6.8%,3.5%,55.00,2.41,2件,/,/,否,否,否,非P0补充｜增长｜10+销量｜高点击+高转化+高变现,Aeolus rid=6082893 / sid=3062689,2026-08-08 21:52
B级观察,ES,1729518865240070823,S240613007638,石狮市谦莫服饰有限公司,Men's Suits & Sets,Men's Clothing Sets,丰富度P0,增长,破0件,高点击,爆品,https://p16-she-va.ibyteimg.com/tos-alisg-i-f7lenjegsh-sg/4deb2b92ae574f78a6c0481d93a4b545~tplv-g9dfdl17fc-origin-image.image,https://shop.tiktok.com/view/product/1729518865240070823?region=ES&locale=es,106.55,106.55,106.55,2,2,53.28,62.26,137,4.3,100.0%,0.0%,19.7%,0.0%,0.99,0.02,2/3件套,/,女装标准码,是,否,是,丰富度P0｜增长｜破0件销量｜高点击,Aeolus rid=6082893 / sid=3062689,2026-08-08 21:52
B级观察,US,1732410452442452276,S260523028691,石狮市杰建日用百货商行,Men's Bottoms,Men's Shorts,丰富度P0,增长,破0件,高点击+高转化+高变现,平销,https://p16-she-va.ibyteimg.com/tos-alisg-i-f7lenjegsh-sg/3c86c120e959400e948a982692317061~tplv-g9dfdl17fc-origin-image.image,https://shop.tiktok.com/view/product/1732410452442452276?region=US&locale=en,250.43,106.46,843.85,9,3,27.83,37.79,3726,4.8,100.0%,0.0%,2.8%,2.5%,19.50,0.70,3件,/,/,是,否,是,丰富度P0｜增长｜破0件销量｜高点击+高转化+高变现,Aeolus rid=6082893 / sid=3062689,2026-08-08 21:52
B级观察,US,1732348707585692528,S260414024945,广州市侃耶服装有限公司,Men's Bottoms,Men's Shorts,丰富度P0,增长,10+,高点击+高转化+高变现,滞销,https://p16-she-va.ibyteimg.com/tos-alisg-i-f7lenjegsh-sg/8c6583ef02484f5cb0d4297e705a3d15~tplv-g9dfdl17fc-origin-image.image,https://shop.tiktok.com/view/product/1732348707585692528?region=US&locale=en,402.93,106.45,2736.13,19,4,21.21,32.89,156,4.1,33.3%,0.0%,2.8%,4.4%,27.85,1.24,1件,/,/,否,否,是,丰富度P0｜增长｜10+销量｜高点击+高转化+高变现,Aeolus rid=6082893 / sid=3062689,2026-08-08 21:52
B级观察,GB,1729707420932872655,S251201072430,义乌市峙山电子商务有限公司,Men's Tops,T-shirts,非P0补充,增长,破0件,高点击+高转化+高变现,滞销,https://p16-she-va.ibyteimg.com/tos-alisg-i-f7lenjegsh-sg/d41f8f8bf0044fc38326081aa4b6f290~tplv-g9dfdl17fc-origin-image.image,https://shop.tiktok.com/view/product/1729707420932872655?region=GB&locale=en,106.45,106.45,106.45,5,5,21.29,36.98,1242,4.4,0.0%,0.0%,7.9%,6.3%,133.56,5.02,/,/,/,是,否,是,非P0补充｜增长｜破0件销量｜高点击+高转化+高变现,Aeolus rid=6082893 / sid=3062689,2026-08-08 21:52
B级观察,GB,1729803875766475450,S260418018900,海口美兰旭谚百货店（个体工商户）,Men's Bottoms,Men's Jeans,丰富度P0,增长,10+,高点击+高变现,爆品,https://p16-she-va.ibyteimg.com/tos-alisg-i-f7lenjegsh-sg/25ea7ef0a3014bf999e74ab3fc4c152b~tplv-g9dfdl17fc-origin-image.image,https://shop.tiktok.com/view/product/1729803875766475450?region=GB&locale=en,1009.83,106.43,2943.73,46,3,21.95,45.05,62,4.5,75.0%,0.0%,5.6%,0.7%,9.14,0.42,1件,/,/,否,否,是,丰富度P0｜增长｜10+销量｜高点击+高变现,Aeolus rid=6082893 / sid=3062689,2026-08-08 21:52
B级观察,US,1732480347657638183,S260708019249,广州赢一科技有限公司,Men's Bottoms,Men's Jeans,非P0补充,增长,破0件,高点击+高转化+高变现,冷启,https://p16-she-va.ibyteimg.com/tos-alisg-i-f7lenjegsh-sg/34268a3f32ac4bd38645ab6c2c35b204~tplv-g9dfdl17fc-origin-image.image,https://shop.tiktok.com/view/product/1732480347657638183?region=US&locale=en,106.40,106.40,177.57,4,4,26.60,66.49,14,4.5,0.0%,0.0%,3.7%,2.6%,25.34,0.95,1件,/,/,是,否,是,非P0补充｜增长｜破0件销量｜高点击+高转化+高变现,Aeolus rid=6082893 / sid=3062689,2026-08-08 21:52
B级观察,US,1729448433098068273,S240214000183,泉州惠通跨境贸易服务有限公司,Men's Bottoms,Men's Shorts,丰富度P0,增长,10+,高点击+高转化+高变现,滞销,https://p16-she-va.ibyteimg.com/tos-alisg-i-f7lenjegsh-sg/bd290ccf4b924becbcea2d8f2743f826~tplv-g9dfdl17fc-origin-image.image,https://shop.tiktok.com/view/product/1729448433098068273?region=US&locale=en,364.99,106.27,1085.34,14,3,26.07,18.69,676,4.7,0.0%,0.0%,2.2%,7.6%,44.17,1.69,1件/2件/3件,/,女装标准码,是,否,是,丰富度P0｜增长｜10+销量｜高点击+高转化+高变现,Aeolus rid=6082893 / sid=3062689,2026-08-08 21:52
B级观察,ES,1729480802145114453,S241231008884,广州市白云区石门街星澜外贸服饰店（个体工商户）,Men's Tops,T-shirts,非P0补充,增长,破0件,高点击+高转化+高变现,滞销,https://p16-she-va.ibyteimg.com/tos-alisg-i-f7lenjegsh-sg/1faa96405d6d437abf9cd35bb11bd096~tplv-g9dfdl17fc-origin-image.image,https://shop.tiktok.com/view/product/1729480802145114453?region=ES&locale=es,146.41,106.20,312.34,7,5,20.92,23.05,5186,3.8,0.0%,0.0%,3.1%,8.1%,53.47,2.56,/,/,/,是,否,否,非P0补充｜增长｜破0件销量｜高点击+高转化+高变现,Aeolus rid=6082893 / sid=3062689,2026-08-08 21:52
B级观察,GB,1729667718592764062,S251020021662,宁波东斐工贸有限公司,Men's Tops,Hoodies & Sweatshirts,丰富度P0,增长,10+,高点击+高转化+高变现,滞销,https://p16-she-va.ibyteimg.com/tos-alisg-i-f7lenjegsh-sg/16240e657af34926a1d8ca2cbbfa690d~tplv-g9dfdl17fc-origin-image.image,https://shop.tiktok.com/view/product/1729667718592764062?region=GB&locale=en,202.88,106.17,539.36,10,5,20.29,35.63,1208,4.5,100.0%,0.0%,2.4%,6.8%,32.61,1.61,1件,/,/,是,否,否,丰富度P0｜增长｜10+销量｜高点击+高转化+高变现,Aeolus rid=6082893 / sid=3062689,2026-08-08 21:52
B级观察,GB,1729870125157620078,S260710029614,广州市黄埔区凌越服装店（个体工商户）,Men's Tops,Vests,丰富度P0,增长,破0件,高点击+高转化+高变现,平销,https://p16-she-va.ibyteimg.com/tos-alisg-i-f7lenjegsh-sg/7d3fcae82709400fa8cb87f291f64fec~tplv-g9dfdl17fc-origin-image.image,https://shop.tiktok.com/view/product/1729870125157620078?region=GB&locale=en,166.47,106.11,361.04,7,4,23.78,33.34,1325,4.3,0.0%,0.0%,4.1%,8.1%,79.69,3.35,3件,/,/,是,否,是,丰富度P0｜增长｜破0件销量｜高点击+高转化+高变现,Aeolus rid=6082893 / sid=3062689,2026-08-08 21:52
B级观察,MX,1736390535867762261,S260704026501,上饶市小沫服饰有限公司,Men's Tops,T-shirts,丰富度P0,增长,10+,高点击+高转化+高变现,滞销,https://p16-she-va.ibyteimg.com/tos-alisg-i-f7lenjegsh-sg/d44c8e1615fb4f16acea81d59b45fe95~tplv-g9dfdl17fc-origin-image.image,https://shop.tiktok.com/view/product/1736390535867762261?region=MX&locale=es,118.65,106.07,160.66,11,10,10.79,25.52,4144,4.0,0.0%,0.0%,8.5%,2.7%,25.02,2.32,/,/,/,是,否,否,丰富度P0｜增长｜10+销量｜高点击+高转化+高变现,Aeolus rid=6082893 / sid=3062689,2026-08-08 21:52
B级观察,GB,1729882468671396077,S260727027048,广州市伍家坡服装有限公司,Men's Bottoms,Men's Shorts,非P0补充,增长,破0件,高点击+高转化+高变现,平销,https://p16-she-va.ibyteimg.com/tos-alisg-i-f7lenjegsh-sg/3f1d818de8d84befb74b4f795fe6dd2d~tplv-g9dfdl17fc-origin-image.image,https://shop.tiktok.com/view/product/1729882468671396077?region=GB&locale=en,106.03,106.03,106.03,7,7,15.15,28.23,191,4.4,0.0%,0.0%,4.2%,6.2%,39.32,2.60,1件,/,/,是,否,是,非P0补充｜增长｜破0件销量｜高点击+高转化+高变现,Aeolus rid=6082893 / sid=3062689,2026-08-08 21:52
B级观察,US,1731033888553014037,S250415001527,广州市番禺区品瀚服饰商行（个体工商户）,Men's Suits & Sets,Men's Clothing Sets,非P0补充,增长,10+,高点击+高转化+高变现,滞销,https://p16-she-va.ibyteimg.com/tos-alisg-i-f7lenjegsh-sg/f6686c8c8b794368bda4c3f7fe995be0~tplv-g9dfdl17fc-origin-image.image,https://shop.tiktok.com/view/product/1731033888553014037?region=US&locale=en,262.07,105.91,757.71,12,5,21.84,32.79,3457,4.8,0.0%,0.0%,3.7%,4.3%,34.01,1.56,2件套,/,/,是,否,否,非P0补充｜增长｜10+销量｜高点击+高转化+高变现,Aeolus rid=6082893 / sid=3062689,2026-08-08 21:52
B级观察,IT,1729615777574262968,S250820008959,海丰县城东镇鹏力电子商务,Men's Suits & Sets,Men's Suits,非P0补充,增长,破0件,高点击+高转化+高变现,滞销,https://p16-she-va.ibyteimg.com/tos-alisg-i-f7lenjegsh-sg/d6200347005640d1b6ffac6483ef00c4~tplv-g9dfdl17fc-origin-image.image,https://shop.tiktok.com/view/product/1729615777574262968?region=IT&locale=it,105.65,105.65,105.65,1,1,105.65,134.90,2591,4.2,0.0%,0.0%,4.5%,7.7%,365.59,3.46,3件,/,/,是,否,否,非P0补充｜增长｜破0件销量｜高点击+高转化+高变现,Aeolus rid=6082893 / sid=3062689,2026-08-08 21:52
B级观察,GB,1729549121260001598,S250621009757,晋江督锐服装有限公司,Men's Bottoms,Men's Shorts,丰富度P0,增长,10+,高点击+高转化+高变现,滞销,https://p16-she-va.ibyteimg.com/tos-alisg-i-f7lenjegsh-sg/9d467d96986144a893b3640c5ab55c6a~tplv-g9dfdl17fc-origin-image.image,https://shop.tiktok.com/view/product/1729549121260001598?region=GB&locale=en,143.53,105.59,680.95,11,8,13.05,16.80,392,4.6,100.0%,0.0%,3.8%,12.8%,69.27,4.83,1件,/,/,是,否,是,丰富度P0｜增长｜10+销量｜高点击+高转化+高变现,Aeolus rid=6082893 / sid=3062689,2026-08-08 21:52
B级观察,MX,1732665352091370798,S250926008972,广州市荔湾区夏序商贸商行（个体工商户）,Men's Bottoms,Men's Pants,丰富度P0,增长,破0件,高点击+高变现,平销,https://p16-she-va.ibyteimg.com/tos-alisg-i-f7lenjegsh-sg/c8ac9c05bebe41ab92f29b732694a69b~tplv-g9dfdl17fc-origin-image.image,https://shop.tiktok.com/view/product/1732665352091370798?region=MX&locale=es,188.24,105.40,1493.33,6,3,31.37,30.28,4144,4.5,0.0%,0.0%,5.5%,0.2%,3.17,0.10,1件,/,/,是,否,否,丰富度P0｜增长｜破0件销量｜高点击+高变现,Aeolus rid=6082893 / sid=3062689,2026-08-08 21:52
B级观察,GB,1729855073764481658,S260616012275,广州市白云区新市街奕行毛衣服饰店（个体工商户）,Men's Bottoms,Men's Jeans,丰富度P0,增长,破0件,高点击+高转化+高变现,滞销,https://p16-she-va.ibyteimg.com/tos-alisg-i-f7lenjegsh-sg/99a907976d914acfb04248493454b179~tplv-g9dfdl17fc-origin-image.image,https://shop.tiktok.com/view/product/1729855073764481658?region=GB&locale=en,128.87,105.23,178.26,5,4,25.77,44.10,109,4.2,0.0%,0.0%,8.7%,6.0%,132.72,5.15,1件,/,/,是,否,是,丰富度P0｜增长｜破0件销量｜高点击+高转化+高变现,Aeolus rid=6082893 / sid=3062689,2026-08-08 21:52
B级观察,DE,1729801575532829135,S260417018364,义乌市峙山电子商务有限公司,Men's Tops,T-shirts,非P0补充,增长,破0件,高点击+高转化+高变现,滞销,https://p16-she-va.ibyteimg.com/tos-alisg-i-f7lenjegsh-sg/50fb426196ef41d689a8467de32ac34d~tplv-g9dfdl17fc-origin-image.image,https://shop.tiktok.com/view/product/1729801575532829135?region=DE&locale=de,105.20,105.20,105.20,3,3,35.07,42.08,1899,3.8,0.0%,0.0%,4.5%,8.1%,128.92,3.68,3件,/,/,是,否,是,非P0补充｜增长｜破0件销量｜高点击+高转化+高变现,Aeolus rid=6082893 / sid=3062689,2026-08-08 21:52
B级观察,US,1732488837964599575,S260713019146,广州市番禺区珺才服饰商行（个体工商户）,Men's Tops,Vests,非P0补充,增长,破0件,高转化+高变现,平销,https://p16-she-va.ibyteimg.com/tos-alisg-i-f7lenjegsh-sg/de025a87181c4cf1b180d7b1cbcd3383~tplv-g9dfdl17fc-origin-image.image,https://shop.tiktok.com/view/product/1732488837964599575?region=US&locale=en,145.87,105.11,237.71,5,4,29.17,44.89,1662,4.9,0.0%,0.0%,1.2%,7.1%,25.24,0.87,3件,/,/,是,否,是,非P0补充｜增长｜破0件销量｜高转化+高变现,Aeolus rid=6082893 / sid=3062689,2026-08-08 21:52
B级观察,US,1729458385761636759,S240314006827,庆元昌伟服装贸易有限公司,Men's Tops,Shirts,丰富度P0,增长,50+,高点击+高转化+高变现,爆品,https://p16-she-va.ibyteimg.com/tos-alisg-i-f7lenjegsh-sg/0464741b5d4547b8b79ce6298b8833f5~tplv-g9dfdl17fc-origin-image.image,https://shop.tiktok.com/view/product/1729458385761636759?region=US&locale=en,757.62,104.83,1943.29,64,10,11.84,23.99,101,4.2,60.0%,0.0%,2.8%,2.9%,9.72,0.81,1件,/,女装标准码,否,否,是,丰富度P0｜增长｜50+销量｜高点击+高转化+高变现,Aeolus rid=6082893 / sid=3062689,2026-08-08 21:52
B级观察,GB,1729770662884580007,S260226022005,石狮市谦莫服饰有限公司,Men's Bottoms,Men's Pants,丰富度P0,增长,10+,高转化+高变现,平销,https://p16-she-va.ibyteimg.com/tos-alisg-i-f7lenjegsh-sg/34a7890fb30941d2bbf8032214b4f91a~tplv-g9dfdl17fc-origin-image.image,https://shop.tiktok.com/view/product/1729770662884580007?region=GB&locale=en,485.87,104.71,1473.07,27,6,18.00,25.95,2994,4.8,33.3%,0.0%,1.7%,4.6%,13.86,0.77,1/2件,/,/,是,否,是,丰富度P0｜增长｜10+销量｜高转化+高变现,Aeolus rid=6082893 / sid=3062689,2026-08-08 21:52
B级观察,US,1732124580989997364,S251206271443,石狮市杰建日用百货商行,Men's Bottoms,Men's Pants,丰富度P0,增长,破0件,高点击+高转化+高变现,滞销,https://p16-she-va.ibyteimg.com/tos-alisg-i-f7lenjegsh-sg/a0b0fbafa47c4a0291b3de3ab789a5c8~tplv-g9dfdl17fc-origin-image.image,https://shop.tiktok.com/view/product/1732124580989997364?region=US&locale=en,132.15,104.68,509.60,4,3,33.04,40.39,3669,4.8,0.0%,0.0%,4.6%,3.8%,57.48,1.74,/,/,/,是,否,是,丰富度P0｜增长｜破0件销量｜高点击+高转化+高变现,Aeolus rid=6082893 / sid=3062689,2026-08-08 21:52
B级观察,IT,1729786857252821273,S260325040146,絕倫電子商務有限公司,Men's Tops,T-shirts,非P0补充,增长,10+,高转化+高变现,平销,https://p16-she-va.ibyteimg.com/tos-alisg-i-f7lenjegsh-sg/71ee9627bd78492a9ac19308e187e279~tplv-g9dfdl17fc-origin-image.image,https://shop.tiktok.com/view/product/1729786857252821273?region=IT&locale=it,279.14,104.59,954.51,14,5,19.94,33.43,189,4.2,100.0%,0.0%,1.9%,10.0%,37.29,1.87,1,/,/,否,否,是,非P0补充｜增长｜10+销量｜高转化+高变现,Aeolus rid=6082893 / sid=3062689,2026-08-08 21:52
B级观察,GB,1729866061515299591,S260703022458,广州市天河区潮往男装服装店（个体工商户）,Men's Suits & Sets,Men's Clothing Sets,丰富度P0,增长,10+,高点击+高转化+高变现,滞销,https://p16-she-va.ibyteimg.com/tos-alisg-i-f7lenjegsh-sg/63cd57adfd0945b4a5fcf43e41080620~tplv-g9dfdl17fc-origin-image.image,https://shop.tiktok.com/view/product/1729866061515299591?region=GB&locale=en,292.75,104.58,816.83,16,4,18.30,27.29,6190,4.5,0.0%,0.0%,3.7%,5.2%,39.82,1.90,2件套,/,/,是,否,是,丰富度P0｜增长｜10+销量｜高点击+高转化+高变现,Aeolus rid=6082893 / sid=3062689,2026-08-08 21:52
B级观察,US,1731846555589776240,S250925021874,广州市侃耶服装有限公司,Men's Bottoms,Men's Jeans,丰富度P0,增长,10+,高点击+高转化+高变现,滞销,https://p16-she-va.ibyteimg.com/tos-alisg-i-f7lenjegsh-sg/783dc36bb8dc4efc8ed54d6dd9088679~tplv-g9dfdl17fc-origin-image.image,https://shop.tiktok.com/view/product/1731846555589776240?region=US&locale=en,293.90,104.30,720.20,10,3,29.39,40.29,11,4.1,0.0%,0.0%,2.5%,4.9%,39.61,1.21,1件,/,/,否,否,否,丰富度P0｜增长｜10+销量｜高点击+高转化+高变现,Aeolus rid=6082893 / sid=3062689,2026-08-08 21:52
B级观察,US,1731593821606744868,S250810006048,海口龙华倾浅锦服饰工作室（个体工商户）,Men's Bottoms,Men's Shorts,非P0补充,增长,10+,高转化+高变现,滞销,https://p16-she-va.ibyteimg.com/tos-alisg-i-f7lenjegsh-sg/7f5b9228f41140e9a45eab95f854aa12~tplv-g9dfdl17fc-origin-image.image,https://shop.tiktok.com/view/product/1731593821606744868?region=US&locale=en,207.33,104.20,378.68,20,11,10.37,20.99,4441,4.7,0.0%,0.0%,1.7%,6.3%,11.95,1.10,1件,/,/,是,否,是,非P0补充｜增长｜10+销量｜高转化+高变现,Aeolus rid=6082893 / sid=3062689,2026-08-08 21:52
B级观察,US,1730691763103633842,S250117001844,广州市喜牧服装有限公司,Men's Bottoms,Men's Jeans,丰富度P0,增长,10+,高点击+高转化+高变现,滞销,https://p16-she-va.ibyteimg.com/tos-alisg-i-f7lenjegsh-sg/159c0cd1ceb147a0ba7cfec75f243988~tplv-g9dfdl17fc-origin-image.image,https://shop.tiktok.com/view/product/1730691763103633842?region=US&locale=en,313.56,104.12,1063.05,11,4,28.51,43.19,11,4.5,100.0%,0.0%,4.1%,2.2%,25.60,0.90,1件,/,/,否,否,是,丰富度P0｜增长｜10+销量｜高点击+高转化+高变现,Aeolus rid=6082893 / sid=3062689,2026-08-08 21:52
B级观察,US,1729552779433054964,S240706003922,广州韩忆服饰有限公司,Men's Bottoms,Men's Pants,丰富度P0,增长,10+,高点击+高转化+高变现,爆品,https://p16-she-va.ibyteimg.com/tos-maliva-i-g9dfdl17fc-us/1006ce8993a34697885e6788513513b3~tplv-g9dfdl17fc-origin-image.image,https://shop.tiktok.com/view/product/1729552779433054964?region=US&locale=en,612.42,104.08,2598.67,37,5,16.55,32.49,246,4.4,37.5%,0.0%,2.4%,3.2%,12.43,0.75,1件,/,女装标准码,是,否,是,丰富度P0｜增长｜10+销量｜高点击+高转化+高变现,Aeolus rid=6082893 / sid=3062689,2026-08-08 21:52
B级观察,GB,1729482491848530793,S250407011344,赣州大衫科技有限公司,Men's Bottoms,Men's Jeans,非P0补充,增长,破0件,高点击+高转化+高变现,滞销,https://p16-she-va.ibyteimg.com/tos-alisg-i-f7lenjegsh-sg/80e6151ec38f48c4a9088d81b8b47548~tplv-g9dfdl17fc-origin-image.image,https://shop.tiktok.com/view/product/1729482491848530793?region=GB&locale=en,126.90,103.72,326.88,5,4,25.38,38.05,103,4.3,0.0%,0.0%,4.0%,6.8%,69.23,2.73,1件,/,/,是,否,是,非P0补充｜增长｜破0件销量｜高点击+高转化+高变现,Aeolus rid=6082893 / sid=3062689,2026-08-08 21:52
B级观察,DE,1729813415708957150,S260429002465,上饶市静创电子商务有限公司,Men's Bottoms,Men's Shorts,非P0补充,增长,破0件,高点击+高转化+高变现,滞销,https://p16-she-va.ibyteimg.com/tos-alisg-i-f7lenjegsh-sg/d7a29435259f495f86022069dff5f275~tplv-g9dfdl17fc-origin-image.image,https://shop.tiktok.com/view/product/1729813415708957150?region=DE&locale=de,127.94,103.61,169.48,7,6,18.28,23.05,4541,4.5,0.0%,0.0%,2.8%,26.3%,190.96,7.46,1件,/,/,是,否,是,非P0补充｜增长｜破0件销量｜高点击+高转化+高变现,Aeolus rid=6082893 / sid=3062689,2026-08-08 21:52
B级观察,US,1730809941074743454,S250227001699,宁波东斐工贸有限公司,Men's Suits & Sets,Men's Clothing Sets,丰富度P0,增长,10+,高点击+高转化+高变现,平销,https://p16-she-va.ibyteimg.com/tos-alisg-i-f7lenjegsh-sg/4112e281e43c4bc39b19c2272ccae455~tplv-g9dfdl17fc-origin-image.image,https://shop.tiktok.com/view/product/1730809941074743454?region=US&locale=en,226.29,103.41,819.97,12,4,18.86,25.59,148,4.9,0.0%,0.0%,4.5%,5.5%,50.61,2.46,2件套,/,/,是,否,是,丰富度P0｜增长｜10+销量｜高点击+高转化+高变现,Aeolus rid=6082893 / sid=3062689,2026-08-08 21:52
B级观察,US,1732189016435102549,S260101014631,苏州宇煌霓裳贸易有限公司,Men's Bottoms,Men's Pants,非P0补充,增长,10+,高点击+高转化+高变现,滞销,https://p16-she-va.ibyteimg.com/tos-alisg-i-f7lenjegsh-sg/4e70c1c6f117493c951ca98c73bd221e~tplv-g9dfdl17fc-origin-image.image,https://shop.tiktok.com/view/product/1732189016435102549?region=US&locale=en,120.48,103.40,155.29,12,10,10.04,27.79,174969,3.8,0.0%,0.0%,7.6%,4.2%,191.54,3.18,1件,/,/,是,否,是,非P0补充｜增长｜10+销量｜高点击+高转化+高变现,Aeolus rid=6082893 / sid=3062689,2026-08-08 21:52
B级观察,GB,1729828358911203536,S260512033236,广州市黄埔区达慕服饰商行（个体工商户）,Men's Tops,T-shirts,丰富度P0,增长,10+,高点击+高转化+高变现,爆品,https://p16-she-va.ibyteimg.com/tos-alisg-i-f7lenjegsh-sg/508ca515081944ae85921d9a5a801800~tplv-g9dfdl17fc-origin-image.image,https://shop.tiktok.com/view/product/1729828358911203536?region=GB&locale=en,293.84,103.15,703.12,29,9,10.13,13.84,756,4.2,0.0%,0.0%,3.3%,9.4%,32.06,3.16,1件,/,/,是,否,是,丰富度P0｜增长｜10+销量｜高点击+高转化+高变现,Aeolus rid=6082893 / sid=3062689,2026-08-08 21:52
B级观察,DE,1729878992636451193,S260721026711,广州市白云区黄石韵喜服饰商行（个体工商户）,Men's Tops,Shirts,非P0补充,增长,破0件,高点击+高转化+高变现,冷启,https://p16-she-va.ibyteimg.com/tos-alisg-i-f7lenjegsh-sg/dff346bb76ef4466953ed054b59fab7f~tplv-g9dfdl17fc-origin-image.image,https://shop.tiktok.com/view/product/1729878992636451193?region=DE&locale=de,103.14,103.14,103.14,3,3,34.38,51.88,28387,4.4,0.0%,0.0%,3.5%,12.0%,142.85,4.16,3件,/,/,是,否,是,非P0补充｜增长｜破0件销量｜高点击+高转化+高变现,Aeolus rid=6082893 / sid=3062689,2026-08-08 21:52
B级观察,GB,1729404249276386715,S240126001171,安迪网络科技投资（广东）有限公司,Men's Tops,Knitwear,丰富度P0,增长,10+,高点击+高转化+高变现,平销,https://p16-she-va.ibyteimg.com/tos-alisg-i-f7lenjegsh-sg/222b076dfeeb4fdca78f7ab82576e320~tplv-g9dfdl17fc-origin-image.image,https://shop.tiktok.com/view/product/1729404249276386715?region=GB&locale=en,324.15,103.11,1137.63,20,9,16.21,23.52,76,4.4,40.0%,0.0%,2.1%,4.2%,14.43,0.89,1件,/,女装标准码,否,是,是,丰富度P0｜增长｜10+销量｜高点击+高转化+高变现,Aeolus rid=6082893 / sid=3062689,2026-08-08 21:52
B级观察,US,1732257731529183462,S260122010381,广州市黄埔区桦楠服饰商行（个体工商户）,Men's Bottoms,Men's Shorts,非P0补充,增长,破0件,高点击+高转化+高变现,滞销,https://p16-she-va.ibyteimg.com/tos-alisg-i-f7lenjegsh-sg/c7f2fb4b4ae0448f9e1277f8a2fefe76~tplv-g9dfdl17fc-origin-image.image,https://shop.tiktok.com/view/product/1732257731529183462?region=US&locale=en,146.27,103.08,272.08,8,5,18.28,27.99,4357,4.6,0.0%,0.0%,4.8%,3.9%,34.57,1.89,1件,/,/,是,否,是,非P0补充｜增长｜破0件销量｜高点击+高转化+高变现,Aeolus rid=6082893 / sid=3062689,2026-08-08 21:52
B级观察,US,1731695176949207205,S250829032881,宁波逸拓电子商务有限公司,Men's Bottoms,Men's Pants,非P0补充,增长,破0件,高点击+高转化+高变现,滞销,https://p16-she-va.ibyteimg.com/tos-alisg-i-f7lenjegsh-sg/a4763eb95e9c4a30acdba75d44b1fb55~tplv-g9dfdl17fc-origin-image.image,https://shop.tiktok.com/view/product/1731695176949207205?region=US&locale=en,102.96,102.96,133.00,6,6,17.16,27.49,860,3.9,0.0%,0.0%,6.0%,13.6%,140.08,8.16,1件,/,/,是,否,否,非P0补充｜增长｜破0件销量｜高点击+高转化+高变现,Aeolus rid=6082893 / sid=3062689,2026-08-08 21:52
B级观察,US,1732251562982805723,S260116087375,广州市侃耶服装有限公司,Men's Bottoms,Men's Jeans,丰富度P0,增长,破0件,高点击+高转化+高变现,滞销,https://p16-she-va.ibyteimg.com/tos-alisg-i-f7lenjegsh-sg/005f1a5cee144317aad31676c260c7b2~tplv-g9dfdl17fc-origin-image.image,https://shop.tiktok.com/view/product/1732251562982805723?region=US&locale=en,171.82,102.83,473.63,6,4,28.64,45.49,256,3.9,0.0%,0.0%,4.6%,5.0%,65.88,2.30,1件,/,/,是,否,否,丰富度P0｜增长｜破0件销量｜高点击+高转化+高变现,Aeolus rid=6082893 / sid=3062689,2026-08-08 21:52
B级观察,US,1732267541447939000,S260203061583,广州市增城坦爵服装商行,Men's Bottoms,Men's Jeans,丰富度P0,增长,破0件,高转化+高变现,滞销,https://p16-she-va.ibyteimg.com/tos-alisg-i-f7lenjegsh-sg/8bb868c084904f9fa76ad8550e2b9aba~tplv-g9dfdl17fc-origin-image.image,https://shop.tiktok.com/view/product/1732267541447939000?region=US&locale=en,102.70,102.70,210.65,4,4,25.68,35.89,8,4.5,0.0%,0.0%,1.9%,3.4%,16.59,0.65,1件,/,/,否,否,是,丰富度P0｜增长｜破0件销量｜高转化+高变现,Aeolus rid=6082893 / sid=3062689,2026-08-08 21:52
B级观察,US,1732381648518877647,S260430022935,义乌市峙山电子商务有限公司,Men's Tops,T-shirts,丰富度P0,增长,破0件,高点击+高转化+高变现,滞销,https://p16-she-va.ibyteimg.com/tos-alisg-i-f7lenjegsh-sg/c25bdf4237594235b10597b31d951226~tplv-g9dfdl17fc-origin-image.image,https://shop.tiktok.com/view/product/1732381648518877647?region=US&locale=en,187.42,102.13,632.37,7,4,26.77,50.59,811,4.6,0.0%,0.0%,6.3%,4.3%,72.06,2.69,3件,/,/,是,否,是,丰富度P0｜增长｜破0件销量｜高点击+高转化+高变现,Aeolus rid=6082893 / sid=3062689,2026-08-08 21:52
B级观察,US,1732215371397501145,S260111013447,广州浮顾纯服饰有限公司,Men's Bottoms,Men's Jeans,非P0补充,增长,10+,高点击+高转化+高变现,滞销,https://p16-she-va.ibyteimg.com/tos-alisg-i-f7lenjegsh-sg/7f46a4bbeedd4b61888b58e4d9c2b6fe~tplv-g9dfdl17fc-origin-image.image,https://shop.tiktok.com/view/product/1732215371397501145?region=US&locale=en,242.01,101.59,973.06,13,7,18.62,33.09,303,4.4,0.0%,0.0%,5.5%,2.5%,25.43,1.37,1件,/,/,是,否,是,非P0补充｜增长｜10+销量｜高点击+高转化+高变现,Aeolus rid=6082893 / sid=3062689,2026-08-08 21:52
B级观察,US,1732426864577450859,S260604030714,广州市黄埔区晖迈服饰商行（个体工商户）,Men's Tops,T-shirts,非P0补充,增长,破0件,高点击+高转化+高变现,滞销,https://p16-she-va.ibyteimg.com/tos-alisg-i-f7lenjegsh-sg/1c92dd21b7d444429293f1260dc5aaa3~tplv-g9dfdl17fc-origin-image.image,https://shop.tiktok.com/view/product/1732426864577450859?region=US&locale=en,101.40,101.40,157.03,3,3,33.80,51.99,3211,4.6,0.0%,0.0%,3.3%,15.8%,177.58,5.25,4-5,/,/,是,否,是,非P0补充｜增长｜破0件销量｜高点击+高转化+高变现,Aeolus rid=6082893 / sid=3062689,2026-08-08 21:52
B级观察,DE,1729510649938483915,S250517011330,石狮市鲸鹿电子商务有限公司,Men's Bottoms,Men's Pants,丰富度P0,增长,破0件,高点击+高变现,平销,https://p16-she-va.ibyteimg.com/tos-alisg-i-f7lenjegsh-sg/01fe0f4e85a9468cbd9cbdc22fc9a826~tplv-g9dfdl17fc-origin-image.image,https://shop.tiktok.com/view/product/1729510649938483915?region=DE&locale=de,101.38,101.38,345.71,3,3,33.79,38.62,88,4.2,0.0%,0.0%,3.2%,1.3%,13.50,0.40,2件,/,/,否,否,否,丰富度P0｜增长｜破0件销量｜高点击+高变现,Aeolus rid=6082893 / sid=3062689,2026-08-08 21:52
B级观察,DE,1729645489654765733,S250924042450,广州市荔湾区海叙服装服饰商行（个体工商户）,Men's Bottoms,Men's Pants,非P0补充,增长,破0件,高变现,爆品,https://p16-she-va.ibyteimg.com/tos-alisg-i-f7lenjegsh-sg/cb6db1856e924a9a9564cf2687a90510~tplv-g9dfdl17fc-origin-image.image,https://shop.tiktok.com/view/product/1729645489654765733?region=DE&locale=de,126.94,101.11,475.26,4,3,31.74,46.69,1835,4.1,0.0%,0.0%,0.6%,1.6%,3.22,0.10,1件,/,/,是,否,是,非P0补充｜增长｜破0件销量｜高变现,Aeolus rid=6082893 / sid=3062689,2026-08-08 21:52
B级观察,US,1731506078454157665,S250723007715,泉州市墨菲格度服饰有限公司,Men's Suits & Sets,Men's Clothing Sets,丰富度P0,增长,破0件,高转化+高变现,滞销,https://p16-she-va.ibyteimg.com/tos-alisg-i-f7lenjegsh-sg/1d3c2a2c9a1d4f98afca3de4b9232b41~tplv-g9dfdl17fc-origin-image.image,https://shop.tiktok.com/view/product/1731506078454157665?region=US&locale=en,101.06,101.06,174.30,4,4,25.27,49.49,4,4.1,0.0%,0.0%,1.6%,3.6%,14.56,0.58,2件套,/,/,否,否,是,丰富度P0｜增长｜破0件销量｜高转化+高变现,Aeolus rid=6082893 / sid=3062689,2026-08-08 21:52
B级观察,FR,1729756927475947765,S260122082976,广州市海珠区诚远纺织商行,Men's Tops,Polo Shirts,丰富度P0,增长,破0件,高点击+高转化+高变现,滞销,https://p16-she-va.ibyteimg.com/tos-alisg-i-f7lenjegsh-sg/9ec1746b04a948f6825ea8d9312d7ed3~tplv-g9dfdl17fc-origin-image.image,https://shop.tiktok.com/view/product/1729756927475947765?region=FR&locale=fr,137.50,100.71,235.26,7,5,19.64,24.20,24,4.6,33.3%,0.0%,2.2%,2.2%,9.72,0.49,1件,/,/,否,否,是,丰富度P0｜增长｜破0件销量｜高点击+高转化+高变现,Aeolus rid=6082893 / sid=3062689,2026-08-08 21:52
B级观察,FR,1729481944974203818,S240617006065,广东雅迪服装有限公司,Men's Suits & Sets,Men's Clothing Sets,丰富度P0,增长,10+,高转化+高变现,爆品,https://p16-she-va.ibyteimg.com/tos-alisg-i-f7lenjegsh-sg/dab67d6f2df649928480665e79816235~tplv-g9dfdl17fc-origin-image.image,https://shop.tiktok.com/view/product/1729481944974203818?region=FR&locale=fr,246.86,100.67,856.49,10,-4,24.69,37.46,311,4.7,0.0%,0.0%,1.7%,2.2%,9.39,0.38,2件套,/,女装标准码,否,否,是,丰富度P0｜增长｜10+销量｜高转化+高变现,Aeolus rid=6082893 / sid=3062689,2026-08-08 21:52
B级观察,GB,1729785901877729600,S260324059553,岫岩满族自治县轩泽凯服装店（个体工商户）,Men's Bottoms,Men's Jeans,丰富度P0,增长,10+,高点击+高变现,平销,https://p16-she-va.ibyteimg.com/tos-alisg-i-f7lenjegsh-sg/947ea55a26da4611b64cc4861d0bd22e~tplv-g9dfdl17fc-origin-image.image,https://shop.tiktok.com/view/product/1729785901877729600?region=GB&locale=en,686.48,100.54,2249.11,30,-3,22.88,40.07,53,4.5,66.7%,0.0%,3.5%,1.5%,11.89,0.52,1件,/,/,否,否,是,丰富度P0｜增长｜10+销量｜高点击+高变现,Aeolus rid=6082893 / sid=3062689,2026-08-08 21:52
B级观察,US,1732085224161972361,S251124124087,广州穆凌服装有限公司,Men's Suits & Sets,Men's Clothing Sets,丰富度P0,增长,破0件,高点击+高转化+高变现,滞销,https://p16-she-va.ibyteimg.com/tos-alisg-i-f7lenjegsh-sg/ad28d38947084e1796c748539b70ea3d~tplv-g9dfdl17fc-origin-image.image,https://shop.tiktok.com/view/product/1732085224161972361?region=US&locale=en,155.96,100.46,422.16,5,3,31.19,42.69,9,4.1,0.0%,0.0%,3.1%,3.8%,36.68,1.18,1套,/,/,否,否,是,丰富度P0｜增长｜破0件销量｜高点击+高转化+高变现,Aeolus rid=6082893 / sid=3062689,2026-08-08 21:52
B级观察,US,1732160032297619932,S251219142314,深圳临犀贸易有限公司,Men's Bottoms,Men's Jeans,丰富度P0,增长,50+,高点击+高转化+高变现,平销,https://p16-she-va.ibyteimg.com/tos-alisg-i-f7lenjegsh-sg/1a194a9994ab40e8b5d7561d713ece3d~tplv-g9dfdl17fc-origin-image.image,https://shop.tiktok.com/view/product/1732160032297619932?region=US&locale=en,1451.10,100.08,6147.47,62,4,23.40,40.49,99,4.6,8.3%,0.0%,4.8%,3.1%,34.28,1.46,1件,/,/,是,否,是,丰富度P0｜增长｜50+销量｜高点击+高转化+高变现,Aeolus rid=6082893 / sid=3062689,2026-08-08 21:52
B级观察,GB,1729875911642159577,S260717017949,广州市黄埔区原霆服装经营商行（个体工商户）,Men's Tops,Hoodies & Sweatshirts,非P0补充,增长,破0件,高点击+高转化+高变现,平销,https://p16-she-va.ibyteimg.com/tos-alisg-i-f7lenjegsh-sg/bba0b8fa7c234d7d8578c2fd8c3de153~tplv-g9dfdl17fc-origin-image.image,https://shop.tiktok.com/view/product/1729875911642159577?region=GB&locale=en,132.25,100.04,164.46,7,5,18.89,34.96,491,4.7,0.0%,0.0%,2.9%,3.9%,21.40,1.13,1件,/,/,是,否,是,非P0补充｜增长｜破0件销量｜高点击+高转化+高变现,Aeolus rid=6082893 / sid=3062689,2026-08-08 21:52
B级观察,US,1731662350087066519,S250823006554,宁波乐仓电子商务有限公司,Men's Bottoms,Men's Pants,非P0补充,增长,破0件,高点击+高转化+高变现,滞销,https://p16-she-va.ibyteimg.com/tos-alisg-i-f7lenjegsh-sg/502bb12c56564e168ab5665676956b04~tplv-g9dfdl17fc-origin-image.image,https://shop.tiktok.com/view/product/1731662350087066519?region=US&locale=en,158.98,100.02,398.93,7,4,22.71,24.09,3585,4.7,100.0%,0.0%,2.1%,8.0%,38.43,1.69,1件,/,/,是,否,否,非P0补充｜增长｜破0件销量｜高点击+高转化+高变现,Aeolus rid=6082893 / sid=3062689,2026-08-08 21:52
B级观察,US,1732057955896824093,S251116023862,广州市黄埔区织辰服饰商行,Men's Tops,Hoodies & Sweatshirts,丰富度P0,增长,破0件,高点击+高转化+高变现,滞销,https://p16-she-va.ibyteimg.com/tos-alisg-i-f7lenjegsh-sg/1de54ccfb7a545e494bb1bd872c86ac0~tplv-g9dfdl17fc-origin-image.image,https://shop.tiktok.com/view/product/1732057955896824093?region=US&locale=en,118.02,99.79,173.96,5,4,23.60,23.89,782,4.5,0.0%,0.0%,3.7%,3.4%,28.92,1.23,1件,/,/,是,否,是,丰富度P0｜增长｜破0件销量｜高点击+高转化+高变现,Aeolus rid=6082893 / sid=3062689,2026-08-08 21:52
B级观察,US,1732488053466370631,S260713002626,广州市酉溪服饰有限公司,Men's Bottoms,Men's Jeans,非P0补充,增长,破0件,高点击+高转化+高变现,平销,https://p16-she-va.ibyteimg.com/tos-alisg-i-f7lenjegsh-sg/d63edf604f4846998413d4b1c7f3d6f6~tplv-g9dfdl17fc-origin-image.image,https://shop.tiktok.com/view/product/1732488053466370631?region=US&locale=en,99.71,99.71,99.71,6,6,16.62,34.59,165,4.5,0.0%,0.0%,4.9%,6.4%,51.96,3.13,1件,/,/,是,否,是,非P0补充｜增长｜破0件销量｜高点击+高转化+高变现,Aeolus rid=6082893 / sid=3062689,2026-08-08 21:52
B级观察,US,1732080099816214626,S251122011744,当阳市欧实子百货店（个体工商户）,Men's Bottoms,Men's Jeans,丰富度P0,增长,破0件,高转化+高变现,滞销,https://p16-she-va.ibyteimg.com/tos-alisg-i-f7lenjegsh-sg/7e2acaafdf0147b8ad3b82419b07dd57~tplv-g9dfdl17fc-origin-image.image,https://shop.tiktok.com/view/product/1732080099816214626?region=US&locale=en,120.04,99.62,225.91,4,3,30.01,40.09,263,4.4,0.0%,0.0%,1.5%,28.6%,132.35,4.41,1件,/,/,是,否,否,丰富度P0｜增长｜破0件销量｜高转化+高变现,Aeolus rid=6082893 / sid=3062689,2026-08-08 21:52
B级观察,DE,1729784175088867700,S260322021448,广州乐简服饰有限公司,Men's Suits & Sets,Men's Clothing Sets,非P0补充,增长,破0件,高点击+高转化+高变现,大爆,https://p16-she-va.ibyteimg.com/tos-alisg-i-f7lenjegsh-sg/7697c2ab1b654157bad0575e568ce688~tplv-g9dfdl17fc-origin-image.image,https://shop.tiktok.com/view/product/1729784175088867700?region=DE&locale=de,181.18,99.47,293.43,6,3,30.20,39.19,296,4.5,0.0%,0.0%,2.4%,10.3%,76.48,2.53,2件,/,/,是,否,是,非P0补充｜增长｜破0件销量｜高点击+高转化+高变现,Aeolus rid=6082893 / sid=3062689,2026-08-08 21:52
B级观察,US,1730923869391655191,S250319006284,广州市番禺区珺才服饰商行（个体工商户）,Men's Tops,Vests,丰富度P0,增长,10+,高转化+高变现,滞销,https://p16-she-va.ibyteimg.com/tos-alisg-i-f7lenjegsh-sg/428db371fb544969bdd8045a0184a15e~tplv-g9dfdl17fc-origin-image.image,https://shop.tiktok.com/view/product/1730923869391655191?region=US&locale=en,235.52,99.30,633.70,23,8,10.24,16.59,8811,4.9,33.3%,0.0%,1.6%,8.6%,14.56,1.42,1,/,/,是,否,否,丰富度P0｜增长｜10+销量｜高转化+高变现,Aeolus rid=6082893 / sid=3062689,2026-08-08 21:52
B级观察,FR,1729793465640655800,S260407039234,广州市增城坦爵服装商行,Men's Bottoms,Men's Shorts,丰富度P0,增长,破0件,高变现,大爆,https://p16-she-va.ibyteimg.com/tos-alisg-i-f7lenjegsh-sg/dec4765b1c2f4713aaed23642529de1a~tplv-g9dfdl17fc-origin-image.image,https://shop.tiktok.com/view/product/1729793465640655800?region=FR&locale=fr,99.26,99.26,162.30,3,3,33.09,42.65,186,4.6,0.0%,0.0%,2.0%,1.9%,12.36,0.37,1件,/,/,否,否,是,丰富度P0｜增长｜破0件销量｜高变现,Aeolus rid=6082893 / sid=3062689,2026-08-08 21:52
B级观察,US,1730743826438591334,S250222002297,广州市番禺区俊昕服饰商行（个体工商户）,Men's Tops,Shirts,非P0补充,增长,50+,高点击+高转化+高变现,爆品,https://p16-she-va.ibyteimg.com/tos-alisg-i-f7lenjegsh-sg/9b02989c926348f78de0bc32ae4116b4~tplv-g9dfdl17fc-origin-image.image,https://shop.tiktok.com/view/product/1730743826438591334?region=US&locale=en,1356.70,99.24,4545.91,84,-5,16.15,24.09,354,4.6,58.3%,0.0%,2.4%,2.6%,10.19,0.63,1件,/,/,是,否,是,非P0补充｜增长｜50+销量｜高点击+高转化+高变现,Aeolus rid=6082893 / sid=3062689,2026-08-08 21:52
B级观察,GB,1729455359397432861,S241229004152,庆元县天弘服装网店,Men's Suits & Sets,Men's Clothing Sets,丰富度P0,增长,50+,高点击+高转化+高变现,爆品,https://p16-she-va.ibyteimg.com/tos-alisg-i-f7lenjegsh-sg/a0b1834193f24aecbb756a1d94febe59~tplv-g9dfdl17fc-origin-image.image,https://shop.tiktok.com/view/product/1729455359397432861?region=GB&locale=en,1557.90,99.02,7326.43,77,0,20.23,32.94,779,4.7,40.0%,0.0%,2.4%,4.6%,22.54,1.10,2件套,/,/,否,否,是,丰富度P0｜增长｜50+销量｜高点击+高转化+高变现,Aeolus rid=6082893 / sid=3062689,2026-08-08 21:52
B级观察,GB,1729664125176224650,S251016043912,广州市番禺区佑时服饰商行（个体工商户）,Men's Suits & Sets,Men's Clothing Sets,非P0补充,增长,破0件,高点击+高变现,滞销,https://p16-she-va.ibyteimg.com/tos-alisg-i-f7lenjegsh-sg/64c63bbeac5c427794ddd36650759f1b~tplv-g9dfdl17fc-origin-image.image,https://shop.tiktok.com/view/product/1729664125176224650?region=GB&locale=en,167.05,98.98,337.85,5,3,33.41,47.74,478,4.2,0.0%,0.0%,3.8%,1.2%,15.34,0.46,2件,/,/,是,否,是,非P0补充｜增长｜破0件销量｜高点击+高变现,Aeolus rid=6082893 / sid=3062689,2026-08-08 21:52
B级观察,GB,1729793970779625848,S260408018109,泉州集亿服饰有限公司,Men's Tops,Jackets & Coats,丰富度P0,增长,破0件,高点击+高转化+高变现,滞销,https://p16-she-va.ibyteimg.com/tos-alisg-i-f7lenjegsh-sg/76fc1a29e4f540b48cc01a7ff3bee2b0~tplv-g9dfdl17fc-origin-image.image,https://shop.tiktok.com/view/product/1729793970779625848?region=GB&locale=en,128.29,98.84,218.80,5,4,25.66,49.75,6919,4.5,0.0%,0.0%,4.0%,2.2%,22.95,0.89,/,/,/,是,否,是,丰富度P0｜增长｜破0件销量｜高点击+高转化+高变现,Aeolus rid=6082893 / sid=3062689,2026-08-08 21:52
B级观察,DE,1729818626061933266,S260504007431,义乌市铭烨服饰有限公司,Men's Suits & Sets,Men's Clothing Sets,丰富度P0,增长,破0件,高转化+高变现,大爆,https://p16-she-va.ibyteimg.com/tos-alisg-i-f7lenjegsh-sg/a9dcd528aeb24b2d8b61e6eed35804b9~tplv-g9dfdl17fc-origin-image.image,https://shop.tiktok.com/view/product/1729818626061933266?region=DE&locale=de,98.82,98.82,128.44,3,3,32.94,36.31,20683,4.4,0.0%,0.0%,1.6%,6.0%,31.25,0.95,1组,/,/,是,否,是,丰富度P0｜增长｜破0件销量｜高转化+高变现,Aeolus rid=6082893 / sid=3062689,2026-08-08 21:52
B级观察,DE,1729799516506856395,S260415017919,广州乘骐服饰有限公司,Men's Tops,T-shirts,非P0补充,增长,破0件,高转化+高变现,平销,https://p16-she-va.ibyteimg.com/tos-alisg-i-f7lenjegsh-sg/bcd1e8b359fe4db586ebdaead82cb8c0~tplv-g9dfdl17fc-origin-image.image,https://shop.tiktok.com/view/product/1729799516506856395?region=DE&locale=de,118.23,98.33,175.84,5,4,23.65,27.09,38,4.6,0.0%,0.0%,2.0%,7.4%,34.28,1.45,/,/,/,是,否,否,非P0补充｜增长｜破0件销量｜高转化+高变现,Aeolus rid=6082893 / sid=3062689,2026-08-08 21:52
B级观察,US,1730691655999460147,S250207006866,广州市地引力服装有限公司,Men's Bottoms,Men's Jeans,丰富度P0,增长,破0件,高点击+高变现,滞销,https://p16-she-va.ibyteimg.com/tos-alisg-i-f7lenjegsh-sg/dadb7fcafb22427fb5768a9e6a4d1697~tplv-g9dfdl17fc-origin-image.image,https://shop.tiktok.com/view/product/1730691655999460147?region=US&locale=en,112.85,98.27,262.22,5,4,22.57,34.19,13,4.6,0.0%,0.0%,10.6%,1.7%,41.10,1.82,1件,/,/,否,否,否,丰富度P0｜增长｜破0件销量｜高点击+高变现,Aeolus rid=6082893 / sid=3062689,2026-08-08 21:52
B级观察,FR,1729736538580294512,S251224010471,广州市侃耶服装有限公司,Men's Bottoms,Men's Jeans,丰富度P0,增长,破0件,高点击+高变现,平销,https://p16-she-va.ibyteimg.com/tos-alisg-i-f7lenjegsh-sg/4a7bac03f1b04f82917136fd5115ff0c~tplv-g9dfdl17fc-origin-image.image,https://shop.tiktok.com/view/product/1729736538580294512?region=FR&locale=fr,97.98,97.98,186.60,2,2,48.99,57.64,47,3.8,0.0%,0.0%,3.4%,0.9%,15.34,0.31,1件,/,/,否,否,是,丰富度P0｜增长｜破0件销量｜高点击+高变现,Aeolus rid=6082893 / sid=3062689,2026-08-08 21:52
B级观察,US,1732257959625265454,S260124030532,广州市荔湾区夏序商贸商行（个体工商户）,Men's Tops,T-shirts,非P0补充,增长,10+,高点击+高转化+高变现,平销,https://p16-she-va.ibyteimg.com/tos-alisg-i-f7lenjegsh-sg/9e3ffa00bbcb435fa7eae65f774086fd~tplv-g9dfdl17fc-origin-image.image,https://shop.tiktok.com/view/product/1732257959625265454?region=US&locale=en,666.98,97.76,2480.67,34,4,19.62,27.79,1120,3.8,0.0%,0.0%,3.8%,3.1%,23.53,1.20,/,/,/,是,否,否,非P0补充｜增长｜10+销量｜高点击+高转化+高变现,Aeolus rid=6082893 / sid=3062689,2026-08-08 21:52
B级观察,FR,1729835309183769560,S260524011503,汕头市阳衿贸易有限公司,Men's Tops,Vests,丰富度P0,增长,破0件,高点击+高转化+高变现,平销,https://p16-she-va.ibyteimg.com/tos-alisg-i-f7lenjegsh-sg/eb6394d4b69d4f11ba5c171f81dbbd97~tplv-g9dfdl17fc-origin-image.image,https://shop.tiktok.com/view/product/1729835309183769560?region=FR&locale=fr,97.75,97.75,145.89,2,2,48.87,63.99,5260,4.7,0.0%,0.0%,5.9%,8.7%,248.72,5.09,3件,/,/,是,否,否,丰富度P0｜增长｜破0件销量｜高点击+高转化+高变现,Aeolus rid=6082893 / sid=3062689,2026-08-08 21:52
B级观察,IT,1729781899159115963,S251223017469,宁波简潮阁服饰有限公司,Men's Tops,T-shirts,非P0补充,增长,破0件,高转化+高变现,爆品,https://p16-she-va.ibyteimg.com/tos-alisg-i-f7lenjegsh-sg/3e1222f27db94366a570e3613b47b6ce~tplv-g9dfdl17fc-origin-image.image,https://shop.tiktok.com/view/product/1729781899159115963?region=IT&locale=it,168.36,97.63,454.65,7,4,24.05,29.39,530,3.9,100.0%,0.0%,1.5%,6.2%,22.10,0.92,/,/,/,是,否,否,非P0补充｜增长｜破0件销量｜高转化+高变现,Aeolus rid=6082893 / sid=3062689,2026-08-08 21:52
B级观察,DE,1729797244515032005,S260412026975,泉州市嵩盼商贸有限公司,Men's Tops,Polo Shirts,非P0补充,增长,破0件,高点击+高转化+高变现,滞销,https://p16-she-va.ibyteimg.com/tos-alisg-i-f7lenjegsh-sg/57bf30ce0a4f4c5bbe33b9f547d06981~tplv-g9dfdl17fc-origin-image.image,https://shop.tiktok.com/view/product/1729797244515032005?region=DE&locale=de,97.56,97.56,97.56,2,2,48.78,64.56,1478,3.8,100.0%,0.0%,4.9%,18.2%,431.70,8.85,/,/,/,是,否,是,非P0补充｜增长｜破0件销量｜高点击+高转化+高变现,Aeolus rid=6082893 / sid=3062689,2026-08-08 21:52
B级观察,FR,1729797683868637905,S260413015401,上饶艺浔服饰有限公司,Men's Suits & Sets,Men's Clothing Sets,丰富度P0,增长,10+,高点击+高转化+高变现,大爆,https://p16-she-va.ibyteimg.com/tos-alisg-i-f7lenjegsh-sg/89717c5e787d4a6984bd9af556ff26cf~tplv-g9dfdl17fc-origin-image.image,https://shop.tiktok.com/view/product/1729797683868637905?region=FR&locale=fr,541.52,97.51,2021.89,28,4,19.34,31.12,5262,4.1,0.0%,0.0%,2.0%,2.5%,9.66,0.50,1套,/,/,是,否,是,丰富度P0｜增长｜10+销量｜高点击+高转化+高变现,Aeolus rid=6082893 / sid=3062689,2026-08-08 21:52
B级观察,GB,1729868924760923031,S260708040144,宁波乐仓电子商务有限公司,Men's Suits & Sets,Men's Clothing Sets,非P0补充,增长,破0件,高点击+高转化+高变现,平销,https://p16-she-va.ibyteimg.com/tos-alisg-i-f7lenjegsh-sg/07f28f2897f54fa4b9df690f8d7ff48f~tplv-g9dfdl17fc-origin-image.image,https://shop.tiktok.com/view/product/1729868924760923031?region=GB&locale=en,97.51,97.51,167.94,5,5,19.50,45.45,5001,4.0,0.0%,0.0%,4.6%,11.1%,100.53,5.15,2件,/,/,是,否,是,非P0补充｜增长｜破0件销量｜高点击+高转化+高变现,Aeolus rid=6082893 / sid=3062689,2026-08-08 21:52
B级观察,US,1732520963700789816,S260729033619,广州市侃耶服装有限公司,Men's Bottoms,Men's Jeans,非P0补充,增长,破0件,高点击+高转化+高变现,冷启,https://p16-she-va.ibyteimg.com/tos-alisg-i-f7lenjegsh-sg/3e84412cfebb4a12bda3b817e8fc1267~tplv-g9dfdl17fc-origin-image.image,https://shop.tiktok.com/view/product/1732520963700789816?region=US&locale=en,97.45,97.45,97.45,4,4,24.36,67.69,56,4.2,0.0%,0.0%,3.7%,2.5%,22.18,0.91,2件,/,/,是,否,是,非P0补充｜增长｜破0件销量｜高点击+高转化+高变现,Aeolus rid=6082893 / sid=3062689,2026-08-08 21:52
B级观察,US,1732243511865348686,S260120007260,晋江市新塘赐金服装贸易商行,Men's Tops,T-shirts,非P0补充,增长,破0件,高点击+高转化+高变现,滞销,https://p16-she-va.ibyteimg.com/tos-alisg-i-f7lenjegsh-sg/09d50fc558884c2180999baded6915d4~tplv-g9dfdl17fc-origin-image.image,https://shop.tiktok.com/view/product/1732243511865348686?region=US&locale=en,210.36,97.26,575.79,7,3,30.05,24.79,41,4.9,0.0%,0.0%,2.8%,3.1%,25.93,0.86,1件/2件,/,/,否,否,是,非P0补充｜增长｜破0件销量｜高点击+高转化+高变现,Aeolus rid=6082893 / sid=3062689,2026-08-08 21:52
B级观察,US,1732088193548063022,S251125068812,广州市荔湾区夏序商贸商行（个体工商户）,Men's Tops,Hoodies & Sweatshirts,非P0补充,增长,10+,高点击+高变现,滞销,https://p16-she-va.ibyteimg.com/tos-alisg-i-f7lenjegsh-sg/d3b2b1757bf1481c8549c1f222bab8b9~tplv-g9dfdl17fc-origin-image.image,https://shop.tiktok.com/view/product/1732088193548063022?region=US&locale=en,354.22,97.25,723.38,18,6,19.68,29.19,902,3.8,0.0%,0.0%,2.9%,0.8%,4.88,0.23,1件,/,/,是,否,是,非P0补充｜增长｜10+销量｜高点击+高变现,Aeolus rid=6082893 / sid=3062689,2026-08-08 21:52
B级观察,US,1732430504330236733,S260604013001,广州烽朔科技有限公司,Men's Bottoms,Men's Jeans,非P0补充,增长,破0件,高点击+高转化+高变现,滞销,https://p16-she-va.ibyteimg.com/tos-alisg-i-f7lenjegsh-sg/3e9609670de84679a218201b8ac8bd12~tplv-g9dfdl17fc-origin-image.image,https://shop.tiktok.com/view/product/1732430504330236733?region=US&locale=en,97.18,97.18,158.15,4,4,24.30,51.89,10,4.6,0.0%,0.0%,5.0%,8.0%,96.89,3.99,1件,/,/,是,否,是,非P0补充｜增长｜破0件销量｜高点击+高转化+高变现,Aeolus rid=6082893 / sid=3062689,2026-08-08 21:52
B级观察,US,1732279147599860194,S260227035890,石狮市民浩贸易有限公司,Men's Tops,Jackets & Coats,非P0补充,增长,破0件,高点击+高变现,滞销,https://p16-she-va.ibyteimg.com/tos-alisg-i-f7lenjegsh-sg/22017741572e46758d0ae213739cd80e~tplv-g9dfdl17fc-origin-image.image,https://shop.tiktok.com/view/product/1732279147599860194?region=US&locale=en,97.97,97.13,222.58,5,3,19.59,38.39,31,4.6,0.0%,0.0%,7.6%,1.5%,21.83,1.11,1件,/,/,是,否,是,非P0补充｜增长｜破0件销量｜高点击+高变现,Aeolus rid=6082893 / sid=3062689,2026-08-08 21:52
B级观察,DE,1729781911345010875,S260226004362,宁波简潮阁服饰有限公司,Men's Tops,Polo Shirts,非P0补充,增长,破0件,高点击+高转化+高变现,滞销,https://p16-she-va.ibyteimg.com/tos-alisg-i-f7lenjegsh-sg/3a3b342aa7f74d24a6b50d893fd2358e~tplv-g9dfdl17fc-origin-image.image,https://shop.tiktok.com/view/product/1729781911345010875?region=DE&locale=de,97.07,97.07,97.07,4,4,24.27,29.97,1006,3.9,0.0%,0.0%,3.6%,10.0%,88.24,3.64,单件,/,/,是,否,否,非P0补充｜增长｜破0件销量｜高点击+高转化+高变现,Aeolus rid=6082893 / sid=3062689,2026-08-08 21:52
B级观察,GB,1729455587852521071,S250109001516,广州欧牌服装有限公司,Men's Bottoms,Men's Jeans,丰富度P0,增长,破0件,高点击+高转化+高变现,滞销,https://p16-she-va.ibyteimg.com/tos-alisg-i-f7lenjegsh-sg/49c005c831f745589573b57a41f9ecc6~tplv-g9dfdl17fc-origin-image.image,https://shop.tiktok.com/view/product/1729455587852521071?region=GB&locale=en,97.02,97.02,216.47,4,4,24.25,38.99,29,4.5,0.0%,0.0%,4.0%,2.3%,22.02,0.91,1件,/,/,否,否,是,丰富度P0｜增长｜破0件销量｜高点击+高转化+高变现,Aeolus rid=6082893 / sid=3062689,2026-08-08 21:52
B级观察,US,1731810321824322269,S250922006666,广州市黄埔区庭翰纺织品商行（个体工商户）,Men's Suits & Sets,Men's Clothing Sets,丰富度P0,增长,破0件,高点击+高变现,滞销,https://p16-she-va.ibyteimg.com/tos-alisg-i-f7lenjegsh-sg/008db372c4f84e8c8f002d31d0e09da7~tplv-g9dfdl17fc-origin-image.image,https://shop.tiktok.com/view/product/1731810321824322269?region=US&locale=en,274.68,97.00,600.85,8,3,34.34,67.19,12,4.7,0.0%,0.0%,5.8%,1.7%,34.63,1.01,2件,/,/,是,否,否,丰富度P0｜增长｜破0件销量｜高点击+高变现,Aeolus rid=6082893 / sid=3062689,2026-08-08 21:52
B级观察,GB,1729872032120936983,S260713030367,庆元县天弘服装网店,Men's Tops,Shirts,非P0补充,增长,破0件,高点击+高转化+高变现,平销,https://p16-she-va.ibyteimg.com/tos-alisg-i-f7lenjegsh-sg/715851641eda456fbc2123c08438a57c~tplv-g9dfdl17fc-origin-image.image,https://shop.tiktok.com/view/product/1729872032120936983?region=GB&locale=en,96.98,96.98,96.98,7,7,13.85,19.49,294,4.1,0.0%,0.0%,4.4%,6.4%,38.41,2.77,/,/,/,是,否,是,非P0补充｜增长｜破0件销量｜高点击+高转化+高变现,Aeolus rid=6082893 / sid=3062689,2026-08-08 21:52
B级观察,US,1732301696042767206,S260323011781,广州市白云区石门街问型电子商务商行（个体工商户）,Men's Tops,Vests,非P0补充,增长,10+,高点击+高转化+高变现,滞销,https://p16-she-va.ibyteimg.com/tos-alisg-i-f7lenjegsh-sg/4776fac31c664bb48c44908f6ee6cad0~tplv-g9dfdl17fc-origin-image.image,https://shop.tiktok.com/view/product/1732301696042767206?region=US&locale=en,155.44,96.96,418.62,18,11,8.64,17.99,174,3.8,0.0%,0.0%,3.0%,16.4%,42.49,4.92,1件,/,/,是,否,否,非P0补充｜增长｜10+销量｜高点击+高转化+高变现,Aeolus rid=6082893 / sid=3062689,2026-08-08 21:52
B级观察,MX,1734055027539805496,S260117045809,海口龙华碧蛮商贸商行（个体工商户）,Men's Tops,T-shirts,非P0补充,增长,10+,高变现,平销,https://p16-she-va.ibyteimg.com/tos-alisg-i-f7lenjegsh-sg/927a0ac3fa064205ac404c81ebace9ff~tplv-g9dfdl17fc-origin-image.image,https://shop.tiktok.com/view/product/1734055027539805496?region=MX&locale=es,298.56,96.90,988.08,24,6,12.44,18.94,3151,4.4,50.0%,0.0%,1.7%,1.4%,2.88,0.23,1件,/,/,是,否,否,非P0补充｜增长｜10+销量｜高变现,Aeolus rid=6082893 / sid=3062689,2026-08-08 21:52
B级观察,US,1731979768660726037,S251025017295,义乌市盛点服装厂,Men's Suits & Sets,Men's Suits,非P0补充,增长,破0件,高点击+高转化+高变现,滞销,https://p16-she-va.ibyteimg.com/tos-alisg-i-f7lenjegsh-sg/78e0af9a97094703a9dda779b540de33~tplv-g9dfdl17fc-origin-image.image,https://shop.tiktok.com/view/product/1731979768660726037?region=US&locale=en,96.88,96.88,96.88,2,2,48.44,81.39,5,4.7,0.0%,0.0%,4.0%,18.2%,352.29,7.27,1件,/,/,否,否,是,非P0补充｜增长｜破0件销量｜高点击+高转化+高变现,Aeolus rid=6082893 / sid=3062689,2026-08-08 21:52
B级观察,GB,1729427392711724340,S240814004400,石狮市杰建日用百货商行,Men's Bottoms,Men's Pants,丰富度P0,增长,10+,高点击+高转化+高变现,爆品,https://p16-she-va.ibyteimg.com/tos-alisg-i-f7lenjegsh-sg/17bd325b6db74012898723ac84bb3b0f~tplv-g9dfdl17fc-origin-image.image,https://shop.tiktok.com/view/product/1729427392711724340?region=GB&locale=en,363.76,96.75,1334.66,31,8,11.73,19.89,80,4.7,100.0%,0.0%,4.0%,2.1%,9.81,0.84,1/2/3件,/,女装标准码,是,否,是,丰富度P0｜增长｜10+销量｜高点击+高转化+高变现,Aeolus rid=6082893 / sid=3062689,2026-08-08 21:52
B级观察,GB,1729870100945869139,S260710021574,广州领拓服装有限公司,Men's Bottoms,Men's Pants,非P0补充,增长,破0件,高点击+高转化+高变现,平销,https://p16-she-va.ibyteimg.com/tos-alisg-i-f7lenjegsh-sg/aee9bbb935d34072942560c275628135~tplv-g9dfdl17fc-origin-image.image,https://shop.tiktok.com/view/product/1729870100945869139?region=GB&locale=en,96.55,96.55,96.55,7,7,13.79,26.22,18,4.5,0.0%,0.0%,4.1%,8.2%,46.60,3.38,1件,/,/,否,否,是,非P0补充｜增长｜破0件销量｜高点击+高转化+高变现,Aeolus rid=6082893 / sid=3062689,2026-08-08 21:52
B级观察,US,1732091683588313551,S251126138144,义乌市峙山电子商务有限公司,Men's Tops,T-shirts,非P0补充,增长,破0件,高点击+高变现,滞销,https://p16-she-va.ibyteimg.com/tos-alisg-i-f7lenjegsh-sg/e319f5e767834068984b5d14bd36d2e2~tplv-g9dfdl17fc-origin-image.image,https://shop.tiktok.com/view/product/1732091683588313551?region=US&locale=en,96.52,96.52,148.23,2,2,48.26,77.19,615,4.6,0.0%,0.0%,4.8%,1.8%,42.11,0.87,10件,/,/,是,否,是,非P0补充｜增长｜破0件销量｜高点击+高变现,Aeolus rid=6082893 / sid=3062689,2026-08-08 21:52
B级观察,FR,1729784205231168258,S260322024144,财聚八方（石狮市）贸易有限公司,Men's Bottoms,Men's Shorts,非P0补充,增长,破0件,高点击+高转化+高变现,滞销,https://p16-she-va.ibyteimg.com/tos-alisg-i-f7lenjegsh-sg/4acd7182e845455fa87c313696431c44~tplv-g9dfdl17fc-origin-image.image,https://shop.tiktok.com/view/product/1729784205231168258?region=FR&locale=fr,161.66,96.38,463.47,6,3,26.94,33.43,4988,4.5,0.0%,0.0%,2.9%,2.8%,21.88,0.81,1件,/,/,是,否,是,非P0补充｜增长｜破0件销量｜高点击+高转化+高变现,Aeolus rid=6082893 / sid=3062689,2026-08-08 21:52
B级观察,US,1729559966946726151,S240712002536,宁波慈溪雨谦服装有限公司,Men's Bottoms,Men's Pants,丰富度P0,增长,10+,高点击+高转化+高变现,滞销,https://p16-she-va.ibyteimg.com/tos-alisg-i-f7lenjegsh-sg/ed7c2c7db3264a6d91fc7fada1bca4ba~tplv-g9dfdl17fc-origin-image.image,https://shop.tiktok.com/view/product/1729559966946726151?region=US&locale=en,423.89,96.27,1921.68,18,3,23.55,35.09,99,4.2,0.0%,0.0%,3.3%,4.9%,45.01,1.59,1件,/,女装标准码,否,否,是,丰富度P0｜增长｜10+销量｜高点击+高转化+高变现,Aeolus rid=6082893 / sid=3062689,2026-08-08 21:52
B级观察,MX,1731716975738651989,S250605002496,广州市白云区石门街星澜外贸服饰店（个体工商户）,Men's Bottoms,Men's Shorts,非P0补充,增长,10+,高点击+高转化+高变现,滞销,https://p16-she-va.ibyteimg.com/tos-alisg-i-f7lenjegsh-sg/585325779551477c9a933e6c236cdea3~tplv-g9dfdl17fc-origin-image.image,https://shop.tiktok.com/view/product/1731716975738651989?region=MX&locale=es,185.34,96.09,410.70,18,9,10.30,16.62,1572,4.9,50.0%,0.0%,3.4%,2.1%,7.18,0.70,1件,/,/,是,否,是,非P0补充｜增长｜10+销量｜高点击+高转化+高变现,Aeolus rid=6082893 / sid=3062689,2026-08-08 21:52
B级观察,FR,1729737491761174781,S251225086259,广州市番禺区鑫鸿婷服饰商行（个体工商户）,Men's Suits & Sets,Men's Clothing Sets,非P0补充,增长,破0件,高点击+高转化+高变现,滞销,https://p16-she-va.ibyteimg.com/tos-alisg-i-f7lenjegsh-sg/deef54cc1b1348588b8d167382964957~tplv-g9dfdl17fc-origin-image.image,https://shop.tiktok.com/view/product/1729737491761174781?region=FR&locale=fr,96.03,96.03,96.03,2,2,48.02,59.37,248,4.7,0.0%,0.0%,3.5%,2.7%,44.56,0.93,2件,/,/,是,否,是,非P0补充｜增长｜破0件销量｜高点击+高转化+高变现,Aeolus rid=6082893 / sid=3062689,2026-08-08 21:52
B级观察,US,1732135487097181180,S251210138297,广州市黄埔区君宇服饰商行,Men's Bottoms,Men's Pants,丰富度P0,增长,破0件,高点击+高转化+高变现,滞销,https://p16-she-va.ibyteimg.com/tos-alisg-i-f7lenjegsh-sg/dc167ecfec9e4094917ad50c7fe50034~tplv-g9dfdl17fc-origin-image.image,https://shop.tiktok.com/view/product/1732135487097181180?region=US&locale=en,183.03,95.93,440.60,7,3,26.15,38.79,1333,4.7,0.0%,0.0%,3.6%,5.4%,50.77,1.94,1件,/,/,是,否,是,丰富度P0｜增长｜破0件销量｜高点击+高转化+高变现,Aeolus rid=6082893 / sid=3062689,2026-08-08 21:52
B级观察,US,1732410539897819309,S260518022557,广州市天河区伊曜服装商店（个体工商户）,Men's Bottoms,Men's Shorts,丰富度P0,增长,破0件,高转化+高变现,滞销,https://p16-she-va.ibyteimg.com/tos-alisg-i-f7lenjegsh-sg/b5f89f08441b464da618b1e154a147a9~tplv-g9dfdl17fc-origin-image.image,https://shop.tiktok.com/view/product/1732410539897819309?region=US&locale=en,99.72,95.92,677.81,2,1,49.86,70.79,1931,4.7,0.0%,0.0%,1.4%,3.2%,23.16,0.46,4件套,/,/,是,否,否,丰富度P0｜增长｜破0件销量｜高转化+高变现,Aeolus rid=6082893 / sid=3062689,2026-08-08 21:52
B级观察,GB,1729675314158934995,S251027042655,泉州市哈雷斯顿服饰有限公司,Men's Tops,Jackets & Coats,非P0补充,增长,破0件,高点击+高转化+高变现,滞销,https://p16-she-va.ibyteimg.com/tos-alisg-i-f7lenjegsh-sg/8216fe69c30945a984efde02799ce72b~tplv-g9dfdl17fc-origin-image.image,https://shop.tiktok.com/view/product/1729675314158934995?region=GB&locale=en,95.89,95.89,196.27,3,3,31.96,68.58,2493,4.9,0.0%,0.0%,8.3%,3.6%,95.03,2.97,1件,/,/,是,否,否,非P0补充｜增长｜破0件销量｜高点击+高转化+高变现,Aeolus rid=6082893 / sid=3062689,2026-08-08 21:52
B级观察,FR,1729779029750225632,S260313011597,汕头市龙湖区哇咔服装店,Men's Tops,Knitwear,丰富度P0,增长,破0件,高点击+高变现,滞销,https://p16-she-va.ibyteimg.com/tos-alisg-i-f7lenjegsh-sg/0541f4a25ef949339b8cbd4b91bbdc57~tplv-g9dfdl17fc-origin-image.image,https://shop.tiktok.com/view/product/1729779029750225632?region=FR&locale=fr,123.85,95.73,402.82,4,3,30.96,38.04,19,4.4,100.0%,0.0%,3.4%,1.8%,18.92,0.61,/,/,/,否,否,否,丰富度P0｜增长｜破0件销量｜高点击+高变现,Aeolus rid=6082893 / sid=3062689,2026-08-08 21:52
B级观察,DE,1729480691810474418,S250115004747,广州市喜牧服装有限公司,Men's Bottoms,Men's Jeans,丰富度P0,增长,破0件,高点击+高转化+高变现,平销,https://p16-she-va.ibyteimg.com/tos-alisg-i-f7lenjegsh-sg/a18689be2e964548b1c4dd4d414a5175~tplv-g9dfdl17fc-origin-image.image,https://shop.tiktok.com/view/product/1729480691810474418?region=DE&locale=de,95.57,95.57,136.28,2,2,47.79,60.53,28,4.5,0.0%,0.0%,4.0%,8.7%,167.08,3.50,1件,/,/,否,否,是,丰富度P0｜增长｜破0件销量｜高点击+高转化+高变现,Aeolus rid=6082893 / sid=3062689,2026-08-08 21:52
B级观察,US,1732254058362146915,S260122081282,广州市黄埔区君宇服饰商行,Men's Tops,Vests,非P0补充,增长,破0件,高点击+高转化+高变现,滞销,https://p16-she-va.ibyteimg.com/tos-alisg-i-f7lenjegsh-sg/674be0a326b94afc8a2a74c24870ae60~tplv-g9dfdl17fc-origin-image.image,https://shop.tiktok.com/view/product/1732254058362146915?region=US&locale=en,95.54,95.54,159.74,5,5,19.11,40.59,5,4.6,100.0%,0.0%,2.6%,7.9%,39.35,2.06,3件套,/,/,否,否,否,非P0补充｜增长｜破0件销量｜高点击+高转化+高变现,Aeolus rid=6082893 / sid=3062689,2026-08-08 21:52
B级观察,GB,1729476598982744323,S250326010744,义乌市营航贸易有限公司,Men's Bottoms,Men's Pants,丰富度P0,增长,50+,高点击+高转化+高变现,爆品,https://p16-she-va.ibyteimg.com/tos-alisg-i-f7lenjegsh-sg/637182c6e7eb4919976632e280764499~tplv-g9dfdl17fc-origin-image.image,https://shop.tiktok.com/view/product/1729476598982744323?region=GB&locale=en,936.85,95.36,3277.56,60,9,15.61,23.93,230,4.2,33.3%,0.0%,3.4%,5.3%,28.37,1.82,/,/,/,是,否,否,丰富度P0｜增长｜50+销量｜高点击+高转化+高变现,Aeolus rid=6082893 / sid=3062689,2026-08-08 21:52
B级观察,GB,1729855968029612373,S260617008367,广州市天河区悦贸时尚服饰店（个体工商户）,Men's Bottoms,Men's Pants,非P0补充,增长,破0件,高点击+高转化+高变现,滞销,https://p16-she-va.ibyteimg.com/tos-alisg-i-f7lenjegsh-sg/b01f639952444b7d8f81a7530cf781fd~tplv-g9dfdl17fc-origin-image.image,https://shop.tiktok.com/view/product/1729855968029612373?region=GB&locale=en,95.25,95.25,95.25,6,6,15.87,20.83,500,4.5,0.0%,0.0%,27.9%,8.3%,2215.09,23.26,/,/,/,是,否,是,非P0补充｜增长｜破0件销量｜高点击+高转化+高变现,Aeolus rid=6082893 / sid=3062689,2026-08-08 21:52
B级观察,GB,1729834881110416189,S260522029965,广州烽朔科技有限公司,Men's Bottoms,Men's Jeans,非P0补充,增长,破0件,高点击+高转化+高变现,平销,https://p16-she-va.ibyteimg.com/tos-alisg-i-f7lenjegsh-sg/f164c3de576d4ebbb6fefbe1cf8c14cf~tplv-g9dfdl17fc-origin-image.image,https://shop.tiktok.com/view/product/1729834881110416189?region=GB&locale=en,95.24,95.24,95.24,3,3,31.75,55.13,128,4.5,0.0%,0.0%,4.9%,4.4%,68.08,2.14,1件,/,/,是,否,是,非P0补充｜增长｜破0件销量｜高点击+高转化+高变现,Aeolus rid=6082893 / sid=3062689,2026-08-08 21:52
B级观察,GB,1729477307049416903,S250310017795,香港墨韻貿易有限公司,Men's Suits & Sets,Men's Clothing Sets,丰富度P0,增长,破0件,高点击+高转化+高变现,滞销,https://p16-she-va.ibyteimg.com/tos-alisg-i-f7lenjegsh-sg/4003cc5e1a10439489bdc9c4046804ec~tplv-g9dfdl17fc-origin-image.image,https://shop.tiktok.com/view/product/1729477307049416903?region=GB&locale=en,95.20,95.20,121.02,4,4,23.80,32.00,12,3.8,0.0%,0.0%,4.1%,12.5%,122.53,5.15,2件套,/,/,否,否,否,丰富度P0｜增长｜破0件销量｜高点击+高转化+高变现,Aeolus rid=6082893 / sid=3062689,2026-08-08 21:52
B级观察,FR,1729756615257266703,S260123017214,上饶市枫行服装有限公司,Men's Bottoms,Men's Pants,丰富度P0,增长,破0件,高变现,平销,https://p16-she-va.ibyteimg.com/tos-alisg-i-f7lenjegsh-sg/5257deb6dbdca6a457e1aafe971af926~tplv-g9dfdl17fc-origin-image.image,https://shop.tiktok.com/view/product/1729756615257266703?region=FR&locale=fr,184.47,95.20,771.44,9,5,20.50,35.73,83,4.4,66.7%,0.0%,1.8%,0.6%,2.25,0.11,1件,/,/,否,否,是,丰富度P0｜增长｜破0件销量｜高变现,Aeolus rid=6082893 / sid=3062689,2026-08-08 21:52
B级观察,US,1730953555471077965,S250220006895,泉州峯旗信息科技有限公司,Men's Tops,T-shirts,丰富度P0,增长,破0件,高点击+高转化+高变现,滞销,https://p16-she-va.ibyteimg.com/tos-alisg-i-f7lenjegsh-sg/4909af0286c1485b81ebf073c40422c4~tplv-g9dfdl17fc-origin-image.image,https://shop.tiktok.com/view/product/1730953555471077965?region=US&locale=en,180.91,95.13,591.10,9,4,20.10,26.79,25,4.9,0.0%,0.0%,3.6%,4.8%,34.20,1.70,1件,/,/,否,否,是,丰富度P0｜增长｜破0件销量｜高点击+高转化+高变现,Aeolus rid=6082893 / sid=3062689,2026-08-08 21:52
B级观察,US,1732320816417968345,S260406035573,广州浮顾纯服饰有限公司,Men's Bottoms,Men's Shorts,丰富度P0,增长,破0件,高点击+高转化+高变现,滞销,https://p16-she-va.ibyteimg.com/tos-alisg-i-f7lenjegsh-sg/de6399afdb134e9eacb7bc61e5de135c~tplv-g9dfdl17fc-origin-image.image,https://shop.tiktok.com/view/product/1732320816417968345?region=US&locale=en,120.15,95.05,244.12,5,2,24.03,36.49,81,4.4,0.0%,0.0%,3.5%,5.5%,46.30,1.93,1件,/,/,是,否,否,丰富度P0｜增长｜破0件销量｜高点击+高转化+高变现,Aeolus rid=6082893 / sid=3062689,2026-08-08 21:52
B级观察,US,1732486941023506795,S260712007205,广州市黄埔区哲畔皮具服饰店（个体工商户）,Men's Tops,T-shirts,非P0补充,增长,破0件,高点击+高转化+高变现,冷启,https://p16-she-va.ibyteimg.com/tos-alisg-i-f7lenjegsh-sg/e60577b116f84306ac12a26494291d86~tplv-g9dfdl17fc-origin-image.image,https://shop.tiktok.com/view/product/1732486941023506795?region=US&locale=en,95.04,95.04,120.53,4,4,23.76,30.99,995,4.0,0.0%,0.0%,4.1%,4.5%,43.66,1.84,/,/,/,是,否,是,非P0补充｜增长｜破0件销量｜高点击+高转化+高变现,Aeolus rid=6082893 / sid=3062689,2026-08-08 21:52
B级观察,MX,1733037651143656924,S251029040069,深圳临犀贸易有限公司,Men's Bottoms,Men's Jeans,丰富度P0,增长,100+,高点击+高变现,爆品,https://p16-she-va.ibyteimg.com/tos-alisg-i-f7lenjegsh-sg/48732d11a3f14ef78bc6996c80b2f239~tplv-g9dfdl17fc-origin-image.image,https://shop.tiktok.com/view/product/1733037651143656924?region=MX&locale=es,2054.93,94.81,6988.51,116,11,17.71,49.15,161,4.6,37.5%,0.0%,3.2%,0.7%,3.74,0.21,1件,/,/,是,否,是,丰富度P0｜增长｜100+销量｜高点击+高变现,Aeolus rid=6082893 / sid=3062689,2026-08-08 21:52
B级观察,US,1732297896688718594,S260319052416,财聚八方（石狮市）贸易有限公司,Men's Bottoms,Men's Pants,丰富度P0,增长,破0件,高点击+高转化+高变现,滞销,https://p16-she-va.ibyteimg.com/tos-alisg-i-f7lenjegsh-sg/b208fb983edf4df8a1800537e1ef6b1f~tplv-g9dfdl17fc-origin-image.image,https://shop.tiktok.com/view/product/1732297896688718594?region=US&locale=en,238.96,94.75,1290.75,9,3,26.55,37.19,22,3.9,0.0%,0.0%,4.9%,2.0%,29.77,1.00,/,/,/,否,否,是,丰富度P0｜增长｜破0件销量｜高点击+高转化+高变现,Aeolus rid=6082893 / sid=3062689,2026-08-08 21:52
B级观察,FR,1729773855821634000,S260304056981,广州市黄埔区每厘米服饰商行（个体工商户）,Men's Tops,T-shirts,非P0补充,增长,破0件,高变现,滞销,https://p16-she-va.ibyteimg.com/tos-alisg-i-f7lenjegsh-sg/009648a732e345298fd5ec7e5553399b~tplv-g9dfdl17fc-origin-image.image,https://shop.tiktok.com/view/product/1729773855821634000?region=FR&locale=fr,113.20,94.71,131.68,5,4,22.64,25.36,1135,3.8,0.0%,0.0%,0.9%,0.9%,2.14,0.08,1件,/,/,是,否,是,非P0补充｜增长｜破0件销量｜高变现,Aeolus rid=6082893 / sid=3062689,2026-08-08 21:52
B级观察,DE,1729738673023654256,S251225027389,广州葆丹贸易有限公司,Men's Tops,Vests,非P0补充,增长,破0件,高点击+高转化+高变现,平销,https://p16-she-va.ibyteimg.com/tos-alisg-i-f7lenjegsh-sg/91724cbdaa90428891d07660a7bb8356~tplv-g9dfdl17fc-origin-image.image,https://shop.tiktok.com/view/product/1729738673023654256?region=DE&locale=de,94.63,94.63,261.11,5,5,18.93,22.47,159,4.1,0.0%,0.0%,4.3%,9.4%,76.50,4.04,1件,/,/,否,否,否,非P0补充｜增长｜破0件销量｜高点击+高转化+高变现,Aeolus rid=6082893 / sid=3062689,2026-08-08 21:52
B级观察,GB,1729874225582151760,S260716002449,广州卓迅服饰有限公司,Men's Bottoms,Men's Shorts,丰富度P0,增长,破0件,高点击+高转化+高变现,平销,https://p16-she-va.ibyteimg.com/tos-alisg-i-f7lenjegsh-sg/d1c700516c454a78bb5bfeebb74447e7~tplv-g9dfdl17fc-origin-image.image,https://shop.tiktok.com/view/product/1729874225582151760?region=GB&locale=en,157.18,94.57,366.76,8,5,19.65,43.43,2483,4.4,0.0%,0.0%,3.1%,3.1%,18.81,0.96,1件,/,/,是,否,是,丰富度P0｜增长｜破0件销量｜高点击+高转化+高变现,Aeolus rid=6082893 / sid=3062689,2026-08-08 21:52
B级观察,DE,1729584399409781265,S250328001665,广州市十杈柏服饰有限公司,Men's Bottoms,Men's Jeans,丰富度P0,增长,破0件,高转化+高变现,爆品,https://p16-she-va.ibyteimg.com/tos-alisg-i-f7lenjegsh-sg/f0a8325c5130481e959488c3c66fa7d0~tplv-g9dfdl17fc-origin-image.image,https://shop.tiktok.com/view/product/1729584399409781265?region=DE&locale=de,166.26,94.57,514.07,4,2,41.56,47.84,1357,4.6,0.0%,0.0%,1.6%,2.3%,20.01,0.36,1件,/,/,是,否,是,丰富度P0｜增长｜破0件销量｜高转化+高变现,Aeolus rid=6082893 / sid=3062689,2026-08-08 21:52
B级观察,US,1732358373777051945,S260422009896,香港辰希电子商务有限公司,Men's Bottoms,Men's Shorts,丰富度P0,增长,10+,高点击+高转化+高变现,滞销,https://p16-she-va.ibyteimg.com/tos-alisg-i-f7lenjegsh-sg/b18939b5ce824f5db7b14f23aa21c93d~tplv-g9dfdl17fc-origin-image.image,https://shop.tiktok.com/view/product/1732358373777051945?region=US&locale=en,133.99,94.53,420.67,10,6,13.40,17.49,165,4.9,50.0%,0.0%,2.1%,12.3%,39.36,2.64,1件,/,/,是,否,是,丰富度P0｜增长｜10+销量｜高点击+高转化+高变现,Aeolus rid=6082893 / sid=3062689,2026-08-08 21:52
B级观察,GB,1729786046207531245,S260325055451,广州市伍家坡服装有限公司,Men's Bottoms,Men's Jeans,丰富度P0,增长,破0件,高点击+高转化+高变现,爆品,https://p16-she-va.ibyteimg.com/tos-alisg-i-f7lenjegsh-sg/06788da2fe9f486a9b86793f146531c0~tplv-g9dfdl17fc-origin-image.image,https://shop.tiktok.com/view/product/1729786046207531245?region=GB&locale=en,144.96,93.85,359.62,6,4,24.16,36.98,1497,4.3,0.0%,0.0%,5.0%,3.0%,36.63,1.52,1件,/,/,是,否,是,丰富度P0｜增长｜破0件销量｜高点击+高转化+高变现,Aeolus rid=6082893 / sid=3062689,2026-08-08 21:52
B级观察,GB,1729814755248282063,S260430015023,义乌市峙山电子商务有限公司,Men's Tops,T-shirts,丰富度P0,增长,100+,高点击+高转化+高变现,爆品,https://p16-she-va.ibyteimg.com/tos-alisg-i-f7lenjegsh-sg/5d3c9a73dc5c4e5ab3ee4f877c64ddec~tplv-g9dfdl17fc-origin-image.image,https://shop.tiktok.com/view/product/1729814755248282063?region=GB&locale=en,1890.70,93.75,11823.47,152,16,12.44,16.80,1690,4.4,35.3%,0.0%,2.9%,6.6%,23.98,1.90,3,/,/,是,否,是,丰富度P0｜增长｜100+销量｜高点击+高转化+高变现,Aeolus rid=6082893 / sid=3062689,2026-08-08 21:52
B级观察,GB,1729738260411947624,S251226082732,广州市黄埔区海聚百货商行（个体工商户）,Men's Bottoms,Men's Pants,非P0补充,增长,10+,高点击+高转化+高变现,平销,https://p16-she-va.ibyteimg.com/tos-alisg-i-f7lenjegsh-sg/b6778d3c332356d44fa240909cac8785~tplv-g9dfdl17fc-origin-image.image,https://shop.tiktok.com/view/product/1729738260411947624?region=GB&locale=en,314.96,93.71,1056.79,15,4,21.00,25.27,5599,4.6,0.0%,0.0%,4.1%,3.6%,30.74,1.46,/,/,/,是,否,否,非P0补充｜增长｜10+销量｜高点击+高转化+高变现,Aeolus rid=6082893 / sid=3062689,2026-08-08 21:52
B级观察,GB,1729854998468008465,S260518029204,广州市十杈柏服饰有限公司,Men's Bottoms,Men's Jeans,丰富度P0,增长,10+,高点击+高转化+高变现,平销,https://p16-she-va.ibyteimg.com/tos-alisg-i-f7lenjegsh-sg/50a9cf2757be4b2ea1a1fa300c2a374c~tplv-g9dfdl17fc-origin-image.image,https://shop.tiktok.com/view/product/1729854998468008465?region=GB&locale=en,193.81,93.69,567.93,13,8,14.91,34.29,2051,4.8,0.0%,0.0%,3.2%,7.5%,35.88,2.41,1件,/,/,是,否,否,丰富度P0｜增长｜10+销量｜高点击+高转化+高变现,Aeolus rid=6082893 / sid=3062689,2026-08-08 21:52
B级观察,US,1732416320159256873,S260528000358,香港星兆服飾有限公司,Men's Bottoms,Men's Pants,丰富度P0,增长,10+,高点击+高转化+高变现,滞销,https://p16-she-va.ibyteimg.com/tos-alisg-i-f7lenjegsh-sg/b27f2c557ca340fd94636a020f484e01~tplv-g9dfdl17fc-origin-image.image,https://shop.tiktok.com/view/product/1732416320159256873?region=US&locale=en,143.88,93.68,585.86,10,6,14.39,17.79,374,4.7,0.0%,0.0%,3.8%,10.4%,57.35,3.99,/,/,/,是,否,是,丰富度P0｜增长｜10+销量｜高点击+高转化+高变现,Aeolus rid=6082893 / sid=3062689,2026-08-08 21:52
B级观察,DE,1729869828199586146,S260710004818,广州市黄埔区施伦商贸店（个体工商户）,Men's Bottoms,Men's Pants,非P0补充,增长,破0件,高点击+高转化+高变现,冷启,https://p16-she-va.ibyteimg.com/tos-alisg-i-f7lenjegsh-sg/dbd77241e1b24458a8fce5496fd714fb~tplv-g9dfdl17fc-origin-image.image,https://shop.tiktok.com/view/product/1729869828199586146?region=DE&locale=de,93.34,93.34,93.34,2,2,46.67,44.38,785,4.8,0.0%,0.0%,6.3%,7.1%,422.36,4.52,1件,/,/,是,否,是,非P0补充｜增长｜破0件销量｜高点击+高转化+高变现,Aeolus rid=6082893 / sid=3062689,2026-08-08 21:52
B级观察,FR,1729799414834567454,S260415010715,阳江市阳东区云裳服装厂 (个体工商户),Men's Bottoms,Men's Pants,非P0补充,增长,破0件,高点击+高转化+高变现,滞销,https://p16-she-va.ibyteimg.com/tos-alisg-i-f7lenjegsh-sg/5e377a0ec5704c4990bb3f553d955924~tplv-g9dfdl17fc-origin-image.image,https://shop.tiktok.com/view/product/1729799414834567454?region=FR&locale=fr,93.33,93.33,93.33,3,3,31.11,42.08,441,4.2,0.0%,0.0%,5.3%,13.3%,332.14,7.12,/,/,/,是,否,是,非P0补充｜增长｜破0件销量｜高点击+高转化+高变现,Aeolus rid=6082893 / sid=3062689,2026-08-08 21:52
B级观察,GB,1729827251683433354,S260511017663,广州市黄埔区森图贸易商行（个体工商户）,Men's Bottoms,Men's Pants,丰富度P0,增长,破0件,高点击+高转化+高变现,爆品,https://p16-she-va.ibyteimg.com/tos-alisg-i-f7lenjegsh-sg/07ac81decda5404d91cb6da83641a06a~tplv-g9dfdl17fc-origin-image.image,https://shop.tiktok.com/view/product/1729827251683433354?region=GB&locale=en,142.66,93.23,419.99,8,5,17.83,23.26,1999,4.0,0.0%,0.0%,3.7%,4.1%,26.85,1.51,1件,/,/,是,否,否,丰富度P0｜增长｜破0件销量｜高点击+高转化+高变现,Aeolus rid=6082893 / sid=3062689,2026-08-08 21:52
B级观察,GB,1729829961872742882,S260516016513,石狮市民浩贸易有限公司,Men's Suits & Sets,Men's Clothing Sets,丰富度P0,增长,破0件,高点击+高变现,爆品,https://p16-she-va.ibyteimg.com/tos-alisg-i-f7lenjegsh-sg/f1da8f9fde8a46f89d8680922ec8b5c1~tplv-g9dfdl17fc-origin-image.image,https://shop.tiktok.com/view/product/1729829961872742882?region=GB&locale=en,149.14,93.14,907.12,6,4,24.86,48.81,251,4.7,100.0%,0.0%,5.1%,0.4%,5.64,0.23,2件,/,/,是,否,是,丰富度P0｜增长｜破0件销量｜高点击+高变现,Aeolus rid=6082893 / sid=3062689,2026-08-08 21:52
B级观察,US,1732348498678289274,S260414017860,晋江富航服装有限公司,Men's Bottoms,Men's Shorts,丰富度P0,增长,破0件,高转化+高变现,滞销,https://p16-she-va.ibyteimg.com/tos-alisg-i-f7lenjegsh-sg/0e235f4ad3514bd3b643e05a7dd39345~tplv-g9dfdl17fc-origin-image.image,https://shop.tiktok.com/view/product/1732348498678289274?region=US&locale=en,140.93,93.11,291.39,6,4,23.49,34.19,9,4.4,0.0%,0.0%,1.9%,2.8%,12.12,0.52,一件,/,/,否,否,是,丰富度P0｜增长｜破0件销量｜高转化+高变现,Aeolus rid=6082893 / sid=3062689,2026-08-08 21:52
B级观察,US,1729451265968083533,S230919003175,泉州峯旗信息科技有限公司,Men's Bottoms,Men's Shorts,丰富度P0,增长,50+,高点击+高转化+高变现,爆品,https://p16-she-va.ibyteimg.com/tos-alisg-i-f7lenjegsh-sg/5ce70bce41a449be968ca54c009f3751~tplv-g9dfdl17fc-origin-image.image,https://shop.tiktok.com/view/product/1729451265968083533?region=US&locale=en,1089.43,92.96,4619.85,65,-5,16.76,24.89,237,4.9,80.0%,0.0%,2.7%,4.0%,18.53,1.11,1 /2 件,/,女装标准码,否,是,是,丰富度P0｜增长｜50+销量｜高点击+高转化+高变现,Aeolus rid=6082893 / sid=3062689,2026-08-08 21:52
B级观察,GB,1729458553824841327,S250111005063,广州欧牌服装有限公司,Men's Bottoms,Men's Jeans,丰富度P0,增长,10+,高点击+高转化+高变现,滞销,https://p16-she-va.ibyteimg.com/tos-alisg-i-f7lenjegsh-sg/c93ce65a2e544183a101cd7ae8ac8c2f~tplv-g9dfdl17fc-origin-image.image,https://shop.tiktok.com/view/product/1729458553824841327?region=GB&locale=en,193.35,92.93,463.98,11,5,17.58,29.58,15,4.5,100.0%,0.0%,4.3%,3.4%,26.14,1.49,1件,/,/,否,否,是,丰富度P0｜增长｜10+销量｜高点击+高转化+高变现,Aeolus rid=6082893 / sid=3062689,2026-08-08 21:52
B级观察,US,1732508324873343273,S260723013561,香港星兆服飾有限公司,Men's Bottoms,Men's Shorts,丰富度P0,增长,10+,高点击+高转化+高变现,平销,https://p16-she-va.ibyteimg.com/tos-alisg-i-f7lenjegsh-sg/3a9f8ca6edbd4b52b7564412a1206f08~tplv-g9dfdl17fc-origin-image.image,https://shop.tiktok.com/view/product/1732508324873343273?region=US&locale=en,254.10,92.92,415.28,19,3,13.37,17.29,985,4.7,0.0%,0.0%,2.0%,6.6%,19.01,1.35,1件,/,/,是,否,否,丰富度P0｜增长｜10+销量｜高点击+高转化+高变现,Aeolus rid=6082893 / sid=3062689,2026-08-08 21:52
B级观察,GB,1729786043600902922,S260325044239,广州市精方服装有限公司,Men's Bottoms,Men's Jeans,丰富度P0,增长,破0件,高点击+高转化+高变现,滞销,https://p16-she-va.ibyteimg.com/tos-alisg-i-f7lenjegsh-sg/6726f5fe8ade4bee8ca41a579a3dae21~tplv-g9dfdl17fc-origin-image.image,https://shop.tiktok.com/view/product/1729786043600902922?region=GB&locale=en,92.90,92.90,161.37,3,3,30.97,34.29,462,4.3,0.0%,0.0%,4.7%,3.1%,44.43,1.43,1件,/,/,是,否,是,丰富度P0｜增长｜破0件销量｜高点击+高转化+高变现,Aeolus rid=6082893 / sid=3062689,2026-08-08 21:52
B级观察,GB,1729882767596952039,S260728021857,上饶市陆陆续续服饰有限公司,Men's Suits & Sets,Men's Clothing Sets,非P0补充,增长,破0件,高点击+高转化+高变现,平销,https://p16-she-va.ibyteimg.com/tos-alisg-i-f7lenjegsh-sg/a1c96409890e439da6631dfd67009feb~tplv-g9dfdl17fc-origin-image.image,https://shop.tiktok.com/view/product/1729882767596952039?region=GB&locale=en,92.86,92.86,92.86,9,9,10.32,18.14,33322,4.5,0.0%,0.0%,2.3%,5.9%,14.31,1.39,2件套,/,/,是,否,是,非P0补充｜增长｜破0件销量｜高点击+高转化+高变现,Aeolus rid=6082893 / sid=3062689,2026-08-08 21:52
B级观察,US,1731287771854967014,S250604005180,广州市黄埔区桦楠服饰商行（个体工商户）,Men's Bottoms,Men's Pants,丰富度P0,增长,破0件,高点击+高转化+高变现,滞销,https://p16-she-va.ibyteimg.com/tos-alisg-i-f7lenjegsh-sg/86dc47825c4e43058f008c006898208f~tplv-g9dfdl17fc-origin-image.image,https://shop.tiktok.com/view/product/1731287771854967014?region=US&locale=en,213.68,92.59,660.08,8,4,26.71,38.79,6615,4.6,0.0%,0.0%,2.7%,4.3%,31.71,1.19,/,/,/,是,否,否,丰富度P0｜增长｜破0件销量｜高点击+高转化+高变现,Aeolus rid=6082893 / sid=3062689,2026-08-08 21:52
B级观察,FR,1729859077123184945,S260623037332,上饶市屿赫服饰有限公司,Men's Suits & Sets,Men's Clothing Sets,非P0补充,增长,破0件,高点击+高转化+高变现,滞销,https://p16-she-va.ibyteimg.com/tos-alisg-i-f7lenjegsh-sg/2325c3bb42214ac5ad37177356b91d53~tplv-g9dfdl17fc-origin-image.image,https://shop.tiktok.com/view/product/1729859077123184945?region=FR&locale=fr,92.41,92.41,92.41,2,2,46.21,59.37,1499,4.4,0.0%,0.0%,18.5%,40.0%,3422.67,74.07,一套,/,/,是,否,是,非P0补充｜增长｜破0件销量｜高点击+高转化+高变现,Aeolus rid=6082893 / sid=3062689,2026-08-08 21:52
B级观察,US,1732396810694332645,S260513035773,广西众森服饰有限公司,Men's Tops,T-shirts,丰富度P0,增长,10+,高点击+高转化+高变现,滞销,https://p16-she-va.ibyteimg.com/tos-alisg-i-f7lenjegsh-sg/5a280a0566464f999fdaed5ea6495cfe~tplv-g9dfdl17fc-origin-image.image,https://shop.tiktok.com/view/product/1732396810694332645?region=US&locale=en,191.91,92.32,433.15,12,6,15.99,25.39,9,3.9,66.7%,0.0%,2.3%,6.0%,22.09,1.38,1件,/,/,是,否,是,丰富度P0｜增长｜10+销量｜高点击+高转化+高变现,Aeolus rid=6082893 / sid=3062689,2026-08-08 21:52
B级观察,US,1730875022348881982,S250226018839,广州雅爱汇服装有限公司,Men's Islamic Clothing,Robes,丰富度P0,增长,破0件,高点击+高变现,滞销,https://p16-she-va.ibyteimg.com/tos-alisg-i-f7lenjegsh-sg/a70ec4bbd4b44804ba13bdbfba790c9a~tplv-g9dfdl17fc-origin-image.image,https://shop.tiktok.com/view/product/1730875022348881982?region=US&locale=en,92.10,92.10,201.86,4,4,23.02,33.39,4,4.2,0.0%,0.0%,5.2%,1.6%,19.28,0.84,1件,/,/,否,否,是,丰富度P0｜增长｜破0件销量｜高点击+高变现,Aeolus rid=6082893 / sid=3062689,2026-08-08 21:52
B级观察,US,1732434998184481297,S260608032847,广州市十杈柏服饰有限公司,Men's Bottoms,Men's Jeans,丰富度P0,增长,10+,高点击+高转化+高变现,滞销,https://p16-she-va.ibyteimg.com/tos-alisg-i-f7lenjegsh-sg/c7d57b08b3dd4cc1904c503e11914180~tplv-g9dfdl17fc-origin-image.image,https://shop.tiktok.com/view/product/1732434998184481297?region=US&locale=en,287.44,92.04,1002.61,17,8,16.91,33.39,106,4.6,0.0%,0.0%,6.4%,3.7%,39.71,2.35,1件,/,/,是,否,是,丰富度P0｜增长｜10+销量｜高点击+高转化+高变现,Aeolus rid=6082893 / sid=3062689,2026-08-08 21:52
B级观察,US,1732193472238883500,S260103003626,上饶同旺贸易有限公司,Men's Suits & Sets,Men's Clothing Sets,非P0补充,增长,破0件,高点击+高转化+高变现,滞销,https://p16-she-va.ibyteimg.com/tos-alisg-i-f7lenjegsh-sg/d56299f4776b447683305f2448495f73~tplv-g9dfdl17fc-origin-image.image,https://shop.tiktok.com/view/product/1732193472238883500?region=US&locale=en,150.51,91.99,324.80,6,4,25.08,28.79,7458,3.8,0.0%,0.0%,3.2%,4.6%,36.92,1.47,2件,/,/,是,否,是,非P0补充｜增长｜破0件销量｜高点击+高转化+高变现,Aeolus rid=6082893 / sid=3062689,2026-08-08 21:52
B级观察,US,1732484906059535255,S260710037459,宁波乐仓电子商务有限公司,Men's Suits & Sets,Men's Clothing Sets,丰富度P0,增长,10+,高点击+高转化+高变现,平销,https://p16-she-va.ibyteimg.com/tos-alisg-i-f7lenjegsh-sg/35f4d3d6e11fc56a6285b1f7f08356c5~tplv-g9dfdl17fc-origin-image.image,https://shop.tiktok.com/view/product/1732484906059535255?region=US&locale=en,118.15,91.96,248.01,10,9,11.82,34.29,8983,4.3,0.0%,0.0%,6.8%,9.3%,74.78,6.33,1组,/,/,是,否,否,丰富度P0｜增长｜10+销量｜高点击+高转化+高变现,Aeolus rid=6082893 / sid=3062689,2026-08-08 21:52
B级观察,GB,1729821922364267122,S260507003070,晋江银步鞋业有限公司,Men's Tops,Jackets & Coats,丰富度P0,增长,10+,高点击+高转化+高变现,滞销,https://p16-she-va.ibyteimg.com/tos-alisg-i-f7lenjegsh-sg/f01f052e00514775b2afcbab7c19453b~tplv-g9dfdl17fc-origin-image.image,https://shop.tiktok.com/view/product/1729821922364267122?region=GB&locale=en,375.81,91.85,1224.87,16,5,23.49,33.34,407,4.0,100.0%,0.0%,3.6%,2.4%,20.32,0.87,1件,/,/,是,否,是,丰富度P0｜增长｜10+销量｜高点击+高转化+高变现,Aeolus rid=6082893 / sid=3062689,2026-08-08 21:52
B级观察,DE,1729849172258429282,S260610004574,广州市黄埔区施伦商贸店（个体工商户）,Men's Tops,T-shirts,丰富度P0,增长,10+,高点击+高转化+高变现,平销,https://p16-she-va.ibyteimg.com/tos-alisg-i-f7lenjegsh-sg/a524c79683c24061b785aeddb841cfb8~tplv-g9dfdl17fc-origin-image.image,https://shop.tiktok.com/view/product/1729849172258429282?region=DE&locale=de,192.02,91.41,836.34,11,5,17.46,24.78,2950,4.8,0.0%,0.0%,2.5%,7.1%,30.37,1.74,1件,/,/,是,否,否,丰富度P0｜增长｜10+销量｜高点击+高转化+高变现,Aeolus rid=6082893 / sid=3062689,2026-08-08 21:52
B级观察,US,1732488206693077287,S260711029462,广州赢一科技有限公司,Men's Bottoms,Men's Jeans,非P0补充,增长,破0件,高点击+高转化+高变现,冷启,https://p16-she-va.ibyteimg.com/tos-alisg-i-f7lenjegsh-sg/7ad2b467d26f4c12ad20365eb23ed9bc~tplv-g9dfdl17fc-origin-image.image,https://shop.tiktok.com/view/product/1732488206693077287?region=US&locale=en,91.39,91.39,111.44,3,3,30.46,65.89,20,4.5,0.0%,0.0%,3.9%,4.6%,55.15,1.81,1件,/,/,是,否,是,非P0补充｜增长｜破0件销量｜高点击+高转化+高变现,Aeolus rid=6082893 / sid=3062689,2026-08-08 21:52
B级观察,US,1732480492516774417,S260708033782,广州市十杈柏服饰有限公司,Men's Tops,Jackets & Coats,非P0补充,增长,破0件,高转化+高变现,平销,https://p16-she-va.ibyteimg.com/tos-alisg-i-f7lenjegsh-sg/49f66a2eb6f247f7a3740411ea8d8e05~tplv-g9dfdl17fc-origin-image.image,https://shop.tiktok.com/view/product/1732480492516774417?region=US&locale=en,91.04,91.04,116.92,4,4,22.76,46.69,245,4.6,0.0%,0.0%,1.7%,5.7%,22.03,0.97,1件,/,/,是,否,否,非P0补充｜增长｜破0件销量｜高转化+高变现,Aeolus rid=6082893 / sid=3062689,2026-08-08 21:52
B级观察,GB,1729857656980085231,S260621017366,晋江市狮墨服装有限公司,Men's Tops,Jackets & Coats,丰富度P0,增长,破0件,高点击+高变现,滞销,https://p16-she-va.ibyteimg.com/tos-alisg-i-f7lenjegsh-sg/a0fe65da3aac4c998c1e8aa8729e2507~tplv-g9dfdl17fc-origin-image.image,https://shop.tiktok.com/view/product/1729857656980085231?region=GB&locale=en,170.07,90.91,435.08,9,3,18.90,33.34,41,4.3,0.0%,0.0%,4.0%,1.0%,7.53,0.40,1件,/,/,是,否,是,丰富度P0｜增长｜破0件销量｜高点击+高变现,Aeolus rid=6082893 / sid=3062689,2026-08-08 21:52
B级观察,GB,1729502527862511774,S250505002603,宁波东斐工贸有限公司,Men's Suits & Sets,Men's Clothing Sets,丰富度P0,增长,10+,高点击+高转化+高变现,滞销,https://p16-she-va.ibyteimg.com/tos-alisg-i-f7lenjegsh-sg/9e04cef099b44bc7aff20c7d00b6e7c0~tplv-g9dfdl17fc-origin-image.image,https://shop.tiktok.com/view/product/1729502527862511774?region=GB&locale=en,219.97,90.90,607.58,11,4,20.00,27.56,270,4.5,100.0%,0.0%,2.9%,6.7%,39.11,1.96,2件套,/,/,是,否,是,丰富度P0｜增长｜10+销量｜高点击+高转化+高变现,Aeolus rid=6082893 / sid=3062689,2026-08-08 21:52
B级观察,GB,1729741233683798480,S251231037165,广州市黄埔区每厘米服饰商行（个体工商户）,Men's Tops,T-shirts,非P0补充,增长,50+,高点击+高转化+高变现,爆品,https://p16-she-va.ibyteimg.com/tos-alisg-i-f7lenjegsh-sg/22ce611d97fb4cfcaaa8dda717a735c9~tplv-g9dfdl17fc-origin-image.image,https://shop.tiktok.com/view/product/1729741233683798480?region=GB&locale=en,660.02,90.84,1966.04,79,10,8.35,16.80,2302,4.6,10.0%,0.0%,3.2%,7.2%,19.10,2.29,/,/,/,是,否,是,非P0补充｜增长｜50+销量｜高点击+高转化+高变现,Aeolus rid=6082893 / sid=3062689,2026-08-08 21:52
B级观察,GB,1729431478993980686,S241015007730,广州市超广服装有限公司,Men's Bottoms,Men's Pants,丰富度P0,增长,破0件,高点击+高转化+高变现,滞销,https://p16-she-va.ibyteimg.com/tos-alisg-i-f7lenjegsh-sg/c2c2123bfcf54253b00e71cce01f2b96~tplv-g9dfdl17fc-origin-image.image,https://shop.tiktok.com/view/product/1729431478993980686?region=GB&locale=en,136.77,90.76,302.84,3,2,45.59,96.56,36,3.9,0.0%,0.0%,4.4%,4.0%,80.36,1.76,3件,/,/,否,否,是,丰富度P0｜增长｜破0件销量｜高点击+高转化+高变现,Aeolus rid=6082893 / sid=3062689,2026-08-08 21:52
B级观察,US,1732312855809921219,S260331017376,于都琪璘酷品供应链管理有限公司,Men's Tops,Polo Shirts,丰富度P0,增长,10+,高点击+高转化+高变现,滞销,https://p16-she-va.ibyteimg.com/tos-alisg-i-f7lenjegsh-sg/b1fe8399b4c5490ca363b98f01ccbf77~tplv-g9dfdl17fc-origin-image.image,https://shop.tiktok.com/view/product/1732312855809921219?region=US&locale=en,158.42,90.74,664.92,17,11,9.32,20.69,27,4.8,0.0%,0.0%,4.3%,13.7%,55.35,5.94,/,/,/,否,否,是,丰富度P0｜增长｜10+销量｜高点击+高转化+高变现,Aeolus rid=6082893 / sid=3062689,2026-08-08 21:52
B级观察,GB,1729812026650302654,S260428009963,杭州萧山储杰服装厂（个体工商户）,Men's Suits & Sets,Men's Suits,非P0补充,增长,破0件,高点击+高变现,滞销,https://p16-she-va.ibyteimg.com/tos-alisg-i-f7lenjegsh-sg/e1e2876912f09bb287b7aa603ee8cc4e~tplv-g9dfdl17fc-origin-image.image,https://shop.tiktok.com/view/product/1729812026650302654?region=GB&locale=en,90.62,90.62,309.64,3,3,30.21,46.39,69,4.2,0.0%,0.0%,2.5%,1.6%,11.96,0.40,2件套,/,/,是,否,是,非P0补充｜增长｜破0件销量｜高点击+高变现,Aeolus rid=6082893 / sid=3062689,2026-08-08 21:52
B级观察,GB,1729884797434763935,S260801001092,慈溪逸宁服装厂（个体工商户）,Men's Tops,Polo Shirts,非P0补充,增长,破0件,高点击+高转化+高变现,平销,https://p16-she-va.ibyteimg.com/tos-alisg-i-f7lenjegsh-sg/9a94935939fc4a4cbc5089097748aada~tplv-g9dfdl17fc-origin-image.image,https://shop.tiktok.com/view/product/1729884797434763935?region=GB&locale=en,90.62,90.62,90.62,9,9,10.07,17.47,1179,4.6,0.0%,0.0%,3.8%,10.6%,40.15,3.99,"1对,1件",/,/,是,否,是,非P0补充｜增长｜破0件销量｜高点击+高转化+高变现,Aeolus rid=6082893 / sid=3062689,2026-08-08 21:52
B级观察,GB,1729833761422678435,S260521009342,石狮市北鼎晶辉贸易有限公司,Men's Bottoms,Men's Shorts,丰富度P0,增长,破0件,高点击+高转化+高变现,滞销,https://p16-she-va.ibyteimg.com/tos-alisg-i-f7lenjegsh-sg/8a20190f7a214bc19300caee558e5be5~tplv-g9dfdl17fc-origin-image.image,https://shop.tiktok.com/view/product/1729833761422678435?region=GB&locale=en,175.29,90.62,518.24,8,5,21.91,18.55,3809,4.5,0.0%,0.0%,5.0%,11.9%,131.01,5.98,3COUNTS,/,/,是,否,是,丰富度P0｜增长｜破0件销量｜高点击+高转化+高变现,Aeolus rid=6082893 / sid=3062689,2026-08-08 21:52
B级观察,MX,1733356589513410113,S251125080145,广州市白云区娜梦梦纺织品商行（个体工商户）,Men's Suits & Sets,Men's Suits,非P0补充,增长,破0件,高点击+高变现,滞销,https://p16-she-va.ibyteimg.com/tos-alisg-i-f7lenjegsh-sg/22d36c1368ee43248b2a52fda9dce64f~tplv-g9dfdl17fc-origin-image.image,https://shop.tiktok.com/view/product/1733356589513410113?region=MX&locale=es,90.53,90.53,127.88,2,2,45.27,49.62,3148,4.5,0.0%,0.0%,5.4%,1.2%,29.71,0.66,1件,/,/,是,否,否,非P0补充｜增长｜破0件销量｜高点击+高变现,Aeolus rid=6082893 / sid=3062689,2026-08-08 21:52
B级观察,GB,1729636223859529918,S250910010368,杭州萧山储杰服装厂（个体工商户）,Men's Suits & Sets,Men's Suits,非P0补充,增长,破0件,高点击+高转化+高变现,滞销,https://p16-she-va.ibyteimg.com/tos-alisg-i-f7lenjegsh-sg/184349f80aa1465fb328a009662c9ae3~tplv-g9dfdl17fc-origin-image.image,https://shop.tiktok.com/view/product/1729636223859529918?region=GB&locale=en,90.53,90.53,114.62,3,3,30.18,64.28,32,4.2,0.0%,0.0%,10.0%,4.2%,126.09,4.18,1件,/,/,是,否,否,非P0补充｜增长｜破0件销量｜高点击+高转化+高变现,Aeolus rid=6082893 / sid=3062689,2026-08-08 21:52
B级观察,US,1732205744532132155,S260107062602,广州市增城区新塘镇柠檬树服装经营商行,Men's Bottoms,Men's Jeans,非P0补充,增长,破0件,高点击+高转化+高变现,滞销,https://p16-she-va.ibyteimg.com/tos-alisg-i-f7lenjegsh-sg/36ac7407c16f468384b882343a0a4e04~tplv-g9dfdl17fc-origin-image.image,https://shop.tiktok.com/view/product/1732205744532132155?region=US&locale=en,118.73,90.28,261.20,5,3,23.75,37.09,29,4.5,0.0%,0.0%,6.0%,10.2%,145.86,6.14,1件,/,/,是,否,否,非P0补充｜增长｜破0件销量｜高点击+高转化+高变现,Aeolus rid=6082893 / sid=3062689,2026-08-08 21:52
B级观察,US,1730695218687676471,S250117001862,广州市黄埔区姿晴服饰商行,Men's Tops,T-shirts,丰富度P0,增长,10+,高点击+高转化+高变现,平销,https://p16-she-va.ibyteimg.com/tos-alisg-i-f7lenjegsh-sg/8cc241ff0afd44ee8858e36534c8f1da~tplv-g9dfdl17fc-origin-image.image,https://shop.tiktok.com/view/product/1730695218687676471?region=US&locale=en,548.31,90.18,2429.93,42,3,13.05,20.39,5322,4.5,57.1%,0.0%,4.0%,6.4%,33.53,2.57,1件,/,/,是,否,是,丰富度P0｜增长｜10+销量｜高点击+高转化+高变现,Aeolus rid=6082893 / sid=3062689,2026-08-08 21:52
B级观察,ES,1729871927759640732,S260713014483,广州市天河区豪瑞服饰品牌店（个体工商户）,Men's Suits & Sets,Men's Clothing Sets,非P0补充,增长,破0件,高点击+高转化+高变现,冷启,https://p16-she-va.ibyteimg.com/tos-alisg-i-f7lenjegsh-sg/690c8bdc54a946edb746ff65d3031c2d~tplv-g9dfdl17fc-origin-image.image,https://shop.tiktok.com/view/product/1729871927759640732?region=ES&locale=es,89.95,89.95,89.95,2,2,44.97,66.29,186,3.9,0.0%,0.0%,3.2%,20.0%,288.30,6.41,1件,/,/,是,否,是,非P0补充｜增长｜破0件销量｜高点击+高转化+高变现,Aeolus rid=6082893 / sid=3062689,2026-08-08 21:52
B级观察,GB,1729866843130468510,S260705008229,宁波东斐工贸有限公司,Men's Tops,Shirts,丰富度P0,增长,破0件,高点击+高转化+高变现,滞销,https://p16-she-va.ibyteimg.com/tos-alisg-i-f7lenjegsh-sg/ba39da6d942c455c9826423d9bdd2489~tplv-g9dfdl17fc-origin-image.image,https://shop.tiktok.com/view/product/1729866843130468510?region=GB&locale=en,89.89,89.89,89.89,3,3,29.96,72.62,897,4.5,0.0%,0.0%,4.4%,11.5%,152.10,5.08,/,/,/,是,否,是,丰富度P0｜增长｜破0件销量｜高点击+高转化+高变现,Aeolus rid=6082893 / sid=3062689,2026-08-08 21:52
B级观察,DE,1729793587249912773,S260407059029,泉州市嵩盼商贸有限公司,Men's Tops,Jackets & Coats,丰富度P0,增长,破0件,高变现,滞销,https://p16-she-va.ibyteimg.com/tos-alisg-i-f7lenjegsh-sg/ed4fc76b7e864dc499faa7b0430c8c20~tplv-g9dfdl17fc-origin-image.image,https://shop.tiktok.com/view/product/1729793587249912773?region=DE&locale=de,89.83,89.83,89.83,3,3,29.94,42.65,2425,3.8,0.0%,0.0%,1.5%,1.8%,8.28,0.28,/,/,/,是,否,是,丰富度P0｜增长｜破0件销量｜高变现,Aeolus rid=6082893 / sid=3062689,2026-08-08 21:52
B级观察,MX,1736387652725147344,S260704012610,广州市黄埔区凯诺服装店（个体工商户）,Men's Bottoms,Men's Pants,丰富度P0,增长,10+,高点击+高变现,滞销,https://p16-she-va.ibyteimg.com/tos-alisg-i-f7lenjegsh-sg/c4e94d1cf9f54e6fa01e2fe1557fdf93~tplv-g9dfdl17fc-origin-image.image,https://shop.tiktok.com/view/product/1736387652725147344?region=MX&locale=es,169.96,89.80,412.38,13,9,13.07,34.10,1828,4.6,0.0%,0.0%,3.8%,1.4%,6.95,0.53,1件,/,/,是,否,是,丰富度P0｜增长｜10+销量｜高点击+高变现,Aeolus rid=6082893 / sid=3062689,2026-08-08 21:52
B级观察,US,1732364584364315192,S260415039370,广州市侃耶服装有限公司,Men's Bottoms,Men's Jeans,丰富度P0,增长,破0件,高点击+高转化+高变现,滞销,https://p16-she-va.ibyteimg.com/tos-alisg-i-f7lenjegsh-sg/8a8b58593acb497e893faeb4ee5cd8ce~tplv-g9dfdl17fc-origin-image.image,https://shop.tiktok.com/view/product/1732364584364315192?region=US&locale=en,89.77,89.77,213.53,4,4,22.44,31.29,6,4.2,0.0%,0.0%,4.4%,19.0%,186.63,8.32,1,/,/,否,否,是,丰富度P0｜增长｜破0件销量｜高点击+高转化+高变现,Aeolus rid=6082893 / sid=3062689,2026-08-08 21:52
B级观察,US,1732352786810572880,S260417023207,广州卓迅服饰有限公司,Men's Bottoms,Men's Shorts,丰富度P0,增长,10+,高点击+高转化+高变现,平销,https://p16-she-va.ibyteimg.com/tos-alisg-i-f7lenjegsh-sg/3db74092621048a288f83e6ac46a109f~tplv-g9dfdl17fc-origin-image.image,https://shop.tiktok.com/view/product/1732352786810572880?region=US&locale=en,686.65,89.65,2777.93,32,-4,21.46,29.39,1005,3.8,50.0%,0.0%,6.3%,2.5%,33.65,1.57,1件,/,/,是,否,是,丰富度P0｜增长｜10+销量｜高点击+高转化+高变现,Aeolus rid=6082893 / sid=3062689,2026-08-08 21:52
B级观察,GB,1729834553915644149,S260522032788,广州市海珠区诚远纺织商行,Men's Tops,Polo Shirts,丰富度P0,增长,破0件,高点击+高转化+高变现,滞销,https://p16-she-va.ibyteimg.com/tos-alisg-i-f7lenjegsh-sg/6bedd9d6f1ce48ae9b52eac8cab01b50~tplv-g9dfdl17fc-origin-image.image,https://shop.tiktok.com/view/product/1729834553915644149?region=GB&locale=en,147.59,89.56,371.76,5,3,29.52,66.57,22,4.7,0.0%,0.0%,4.1%,3.9%,47.32,1.60,/,/,/,否,否,是,丰富度P0｜增长｜破0件销量｜高点击+高转化+高变现,Aeolus rid=6082893 / sid=3062689,2026-08-08 21:52
B级观察,US,1732496669689353065,S260717003679,赣州大衫科技有限公司,Men's Bottoms,Men's Jeans,丰富度P0,增长,破0件,高点击+高转化+高变现,平销,https://p16-she-va.ibyteimg.com/tos-alisg-i-f7lenjegsh-sg/dad54c78fa894a1fb95bab28bc3b2079~tplv-g9dfdl17fc-origin-image.image,https://shop.tiktok.com/view/product/1732496669689353065?region=US&locale=en,150.31,89.50,211.12,9,6,16.70,38.29,36,4.1,25.0%,0.0%,4.0%,2.8%,18.83,1.13,1件,/,/,是,否,是,丰富度P0｜增长｜破0件销量｜高点击+高转化+高变现,Aeolus rid=6082893 / sid=3062689,2026-08-08 21:52
B级观察,US,1732407730718085200,S260521006418,广州卓迅服饰有限公司,Men's Bottoms,Men's Jeans,丰富度P0,增长,破0件,高点击+高变现,滞销,https://p16-she-va.ibyteimg.com/tos-alisg-i-f7lenjegsh-sg/b10f9f6ea65a4c4ea85e48f43dc94ffa~tplv-g9dfdl17fc-origin-image.image,https://shop.tiktok.com/view/product/1732407730718085200?region=US&locale=en,227.14,89.44,593.91,8,1,28.39,42.49,3737,3.8,0.0%,0.0%,6.1%,1.8%,31.02,1.09,1件,/,/,是,否,是,丰富度P0｜增长｜破0件销量｜高点击+高变现,Aeolus rid=6082893 / sid=3062689,2026-08-08 21:52
B级观察,US,1732421431187575613,S260531002158,广州烽朔科技有限公司,Men's Bottoms,Men's Jeans,丰富度P0,增长,破0件,高点击+高转化+高变现,滞销,https://p16-she-va.ibyteimg.com/tos-alisg-i-f7lenjegsh-sg/58f31ac3a3ae4eda9217eeb257c0508f~tplv-g9dfdl17fc-origin-image.image,https://shop.tiktok.com/view/product/1732421431187575613?region=US&locale=en,89.37,89.37,164.10,3,3,29.79,50.19,14,4.6,0.0%,0.0%,3.9%,4.8%,55.03,1.85,1件,/,/,是,否,是,丰富度P0｜增长｜破0件销量｜高点击+高转化+高变现,Aeolus rid=6082893 / sid=3062689,2026-08-08 21:52
B级观察,US,1729479952499643447,S260128064801,广州市黄埔区姿晴服饰商行,Men's Suits & Sets,Men's Clothing Sets,丰富度P0,增长,10+,高点击+高转化+高变现,平销,https://p16-she-va.ibyteimg.com/tos-alisg-i-f7lenjegsh-sg/82838cb3cbbc4a11b48e265379bcc0c8~tplv-g9dfdl17fc-origin-image.image,https://shop.tiktok.com/view/product/1729479952499643447?region=US&locale=en,382.30,89.25,1550.50,16,3,23.89,33.29,2821,4.5,0.0%,0.0%,5.7%,2.9%,39.62,1.66,2件套,/,/,是,否,否,丰富度P0｜增长｜10+销量｜高点击+高转化+高变现,Aeolus rid=6082893 / sid=3062689,2026-08-08 21:52
B级观察,GB,1729829932327868453,S260516007539,石狮市衣品官人贸易有限公司,Men's Bottoms,Men's Pants,丰富度P0,增长,破0件,高点击+高转化+高变现,滞销,https://p16-she-va.ibyteimg.com/tos-alisg-i-f7lenjegsh-sg/fa40459e369e4233a250cafecab4dd30~tplv-g9dfdl17fc-origin-image.image,https://shop.tiktok.com/view/product/1729829932327868453?region=GB&locale=en,89.64,89.24,465.09,4,1,22.41,16.13,35872,4.3,0.0%,0.0%,5.2%,7.1%,82.70,3.69,/,/,/,是,否,否,丰富度P0｜增长｜破0件销量｜高点击+高转化+高变现,Aeolus rid=6082893 / sid=3062689,2026-08-08 21:52
B级观察,US,1729672610361676317,S240921003314,庆元县天弘服装网店,Men's Bottoms,Men's Pants,丰富度P0,增长,破0件,高点击+高转化+高变现,滞销,https://p16-she-va.ibyteimg.com/tos-alisg-i-f7lenjegsh-sg/361fdf250126454c9d96ecd6bd4d4021~tplv-g9dfdl17fc-origin-image.image,https://shop.tiktok.com/view/product/1729672610361676317?region=US&locale=en,128.58,89.15,452.72,8,5,16.07,28.29,35,4.1,0.0%,0.0%,3.6%,3.8%,21.54,1.34,1件,/,/,否,否,是,丰富度P0｜增长｜破0件销量｜高点击+高转化+高变现,Aeolus rid=6082893 / sid=3062689,2026-08-08 21:52
B级观察,MX,1734838929019274872,S260326019330,慈溪市饶铅服装厂,Men's Tops,T-shirts,丰富度P0,增长,破0件,高点击+高变现,滞销,https://p16-she-va.ibyteimg.com/tos-alisg-i-f7lenjegsh-sg/ed9de34dc2ac437fbbad49b83557112f~tplv-g9dfdl17fc-origin-image.image,https://shop.tiktok.com/view/product/1734838929019274872?region=MX&locale=es,89.11,89.11,150.76,4,4,22.28,28.31,176,4.6,0.0%,0.0%,6.1%,0.6%,7.69,0.35,/,/,/,是,否,否,丰富度P0｜增长｜破0件销量｜高点击+高变现,Aeolus rid=6082893 / sid=3062689,2026-08-08 21:52
B级观察,US,1732485914509022054,S260711019120,广州市白云区石门街问型电子商务商行（个体工商户）,Men's Suits & Sets,Men's Suits,非P0补充,增长,破0件,高点击+高变现,冷启,https://p16-she-va.ibyteimg.com/tos-alisg-i-f7lenjegsh-sg/760a125d73da4b8995b9a8141d8ef9a0~tplv-g9dfdl17fc-origin-image.image,https://shop.tiktok.com/view/product/1732485914509022054?region=US&locale=en,89.11,89.11,122.14,2,2,44.55,79.69,693,3.8,0.0%,0.0%,2.7%,1.7%,19.94,0.45,2件,/,/,是,否,是,非P0补充｜增长｜破0件销量｜高点击+高变现,Aeolus rid=6082893 / sid=3062689,2026-08-08 21:52
B级观察,GB,1729667799830207032,S251017065495,广州市侃耶服装有限公司,Men's Bottoms,Men's Jeans,丰富度P0,增长,破0件,高点击+高变现,滞销,https://p16-she-va.ibyteimg.com/tos-alisg-i-f7lenjegsh-sg/8260239238bd47b3917f9cb802ec5b9d~tplv-g9dfdl17fc-origin-image.image,https://shop.tiktok.com/view/product/1729667799830207032?region=GB&locale=en,198.06,89.08,564.14,9,4,22.01,43.03,59,4.1,100.0%,0.0%,3.7%,1.8%,16.82,0.68,1件,/,/,否,否,是,丰富度P0｜增长｜破0件销量｜高点击+高变现,Aeolus rid=6082893 / sid=3062689,2026-08-08 21:52
B级观察,US,1729469136257127420,S240325001637,广州酷维服装有限公司,Men's Bottoms,Men's Pants,丰富度P0,增长,破0件,高点击+高转化+高变现,滞销,https://p16-she-va.ibyteimg.com/tos-alisg-i-f7lenjegsh-sg/cefb0f6f52f54f73822e99635dd9252b~tplv-g9dfdl17fc-origin-image.image,https://shop.tiktok.com/view/product/1729469136257127420?region=US&locale=en,122.56,89.06,768.29,5,3,24.51,25.59,234,4.5,0.0%,0.0%,2.8%,2.0%,13.69,0.56,1/2件,/,女装标准码,是,否,是,丰富度P0｜增长｜破0件销量｜高点击+高转化+高变现,Aeolus rid=6082893 / sid=3062689,2026-08-08 21:52
B级观察,DE,1729827321857809112,S260508033887,上饶迅能电子商务有限公司,Men's Suits & Sets,Men's Clothing Sets,丰富度P0,增长,10+,高转化+高变现,滞销,https://p16-she-va.ibyteimg.com/tos-alisg-i-f7lenjegsh-sg/40e0bdacfdd04ac2a47d0e7227f5105f~tplv-g9dfdl17fc-origin-image.image,https://shop.tiktok.com/view/product/1729827321857809112?region=DE&locale=de,566.31,89.02,2115.84,15,0,37.75,54.18,885,3.9,0.0%,0.0%,1.9%,4.2%,29.38,0.78,1组,/,/,是,否,是,丰富度P0｜增长｜10+销量｜高转化+高变现,Aeolus rid=6082893 / sid=3062689,2026-08-08 21:52
B级观察,US,1731177614853312824,S250331010658,海口龙华碧蛮商贸商行（个体工商户）,Men's Tops,Vests,非P0补充,增长,破0件,高点击+高转化+高变现,滞销,https://p16-she-va.ibyteimg.com/tos-alisg-i-f7lenjegsh-sg/9c15d43fcceb4ca092e3b73f91fb69a4~tplv-g9dfdl17fc-origin-image.image,https://shop.tiktok.com/view/product/1731177614853312824?region=US&locale=en,114.51,88.97,140.05,4,3,28.63,62.29,1227,4.4,0.0%,0.0%,5.2%,19.0%,281.35,9.83,4件,/,/,是,否,是,非P0补充｜增长｜破0件销量｜高点击+高转化+高变现,Aeolus rid=6082893 / sid=3062689,2026-08-08 21:52
B级观察,IT,1729579995216976056,S250719004586,海丰县城东镇鹏力电子商务,Men's Suits & Sets,Men's Suits,非P0补充,增长,破0件,高点击+高转化+高变现,滞销,https://p16-she-va.ibyteimg.com/tos-alisg-i-f7lenjegsh-sg/d1bdec1285d8461eb6566a4683e4785b~tplv-g9dfdl17fc-origin-image.image,https://shop.tiktok.com/view/product/1729579995216976056?region=IT&locale=it,88.96,88.96,88.96,1,1,88.96,108.38,925,4.2,0.0%,0.0%,2.3%,7.1%,143.25,1.61,2件,/,/,是,否,否,非P0补充｜增长｜破0件销量｜高点击+高转化+高变现,Aeolus rid=6082893 / sid=3062689,2026-08-08 21:52
B级观察,GB,1729784265892797053,S260322039958,广州与杰服饰有限公司,Men's Bottoms,Men's Jeans,非P0补充,增长,破0件,高点击+高转化+高变现,滞销,https://p16-she-va.ibyteimg.com/tos-alisg-i-f7lenjegsh-sg/caf095add0ae44a49743909498197d19~tplv-g9dfdl17fc-origin-image.image,https://shop.tiktok.com/view/product/1729784265892797053?region=GB&locale=en,88.93,88.93,109.70,4,4,22.23,31.60,30,4.4,0.0%,0.0%,7.0%,12.5%,260.80,8.80,1件,/,/,是,否,否,非P0补充｜增长｜破0件销量｜高点击+高转化+高变现,Aeolus rid=6082893 / sid=3062689,2026-08-08 21:52
B级观察,DE,1729805490317728103,S260421036668,余姚祺林服装厂（个体工商户）,Men's Suits & Sets,Men's Clothing Sets,非P0补充,增长,破0件,高转化+高变现,滞销,https://p16-she-va.ibyteimg.com/tos-alisg-i-f7lenjegsh-sg/09235f5049474c0298cc8162bea9d384~tplv-g9dfdl17fc-origin-image.image,https://shop.tiktok.com/view/product/1729805490317728103?region=DE&locale=de,88.90,88.90,245.51,2,2,44.45,53.61,1208,4.3,0.0%,0.0%,1.9%,12.5%,106.34,2.39,2件套,/,/,是,否,否,非P0补充｜增长｜破0件销量｜高转化+高变现,Aeolus rid=6082893 / sid=3062689,2026-08-08 21:52
B级观察,US,1732457765251551547,S260624020008,广州市增城区新塘镇柠檬树服装经营商行,Men's Bottoms,Men's Jeans,丰富度P0,增长,破0件,高点击+高变现,滞销,https://p16-she-va.ibyteimg.com/tos-alisg-i-f7lenjegsh-sg/90a163e0c93f4647b78c5de8264b1bce~tplv-g9dfdl17fc-origin-image.image,https://shop.tiktok.com/view/product/1732457765251551547?region=US&locale=en,166.20,88.87,541.16,7,4,23.74,36.09,7,4.5,33.3%,0.0%,6.5%,1.7%,30.45,1.10,1件,/,/,是,否,是,丰富度P0｜增长｜破0件销量｜高点击+高变现,Aeolus rid=6082893 / sid=3062689,2026-08-08 21:52
B级观察,US,1732497806793151458,S260717031087,广州市天河区秀霆服饰商店（个体工商户）,Men's Suits & Sets,Men's Clothing Sets,非P0补充,增长,破0件,高转化+高变现,冷启,https://p16-she-va.ibyteimg.com/tos-alisg-i-f7lenjegsh-sg/ec68c387f3c1446baf3a686ee64e74d2~tplv-g9dfdl17fc-origin-image.image,https://shop.tiktok.com/view/product/1732497806793151458?region=US&locale=en,88.82,88.82,88.82,2,2,44.41,69.89,886,4.5,0.0%,0.0%,1.9%,4.2%,35.19,0.79,2件套,/,/,是,否,是,非P0补充｜增长｜破0件销量｜高转化+高变现,Aeolus rid=6082893 / sid=3062689,2026-08-08 21:52
B级观察,US,1732479653019096007,S260708005257,歐寧有限公司,Men's Tops,T-shirts,丰富度P0,增长,10+,高点击+高转化+高变现,平销,https://p16-she-va.ibyteimg.com/tos-alisg-i-f7lenjegsh-sg/bef3f6febaae4f3eb7f0880c05a4dba1~tplv-g9dfdl17fc-origin-image.image,https://shop.tiktok.com/view/product/1732479653019096007?region=US&locale=en,169.57,88.81,283.68,15,8,11.30,17.19,7992,3.8,0.0%,0.0%,3.3%,10.3%,37.77,3.34,/,/,/,是,否,是,丰富度P0｜增长｜10+销量｜高点击+高转化+高变现,Aeolus rid=6082893 / sid=3062689,2026-08-08 21:52
B级观察,US,1732401614148768619,S260517012349,广州市黄埔区晖迈服饰商行（个体工商户）,Men's Tops,T-shirts,丰富度P0,增长,10+,高转化+高变现,平销,https://p16-she-va.ibyteimg.com/tos-alisg-i-f7lenjegsh-sg/6adc88bae6ea4e2eab3e540882d01ac8~tplv-g9dfdl17fc-origin-image.image,https://shop.tiktok.com/view/product/1732401614148768619?region=US&locale=en,1190.94,88.59,3210.37,29,0,41.07,52.09,3236,4.6,100.0%,0.0%,1.6%,4.4%,29.67,0.72,4-5,/,/,是,否,是,丰富度P0｜增长｜10+销量｜高转化+高变现,Aeolus rid=6082893 / sid=3062689,2026-08-08 21:52
B级观察,US,1732402780237566589,S260513029625,广州与杰服饰有限公司,Men's Bottoms,Men's Jeans,非P0补充,增长,破0件,高点击+高转化+高变现,滞销,https://p16-she-va.ibyteimg.com/tos-alisg-i-f7lenjegsh-sg/cbd482d1902f43fcad1b3c331fc58d9b~tplv-g9dfdl17fc-origin-image.image,https://shop.tiktok.com/view/product/1732402780237566589?region=US&locale=en,88.49,88.49,104.65,3,3,29.50,37.59,13,4.2,0.0%,0.0%,4.6%,9.4%,127.69,4.33,1件,/,/,是,否,是,非P0补充｜增长｜破0件销量｜高点击+高转化+高变现,Aeolus rid=6082893 / sid=3062689,2026-08-08 21:52
B级观察,GB,1729873910508198733,S260714032438,宣城市普强电子商务有限公司,Men's Suits & Sets,Men's Clothing Sets,非P0补充,增长,破0件,高点击+高转化+高变现,冷启,https://p16-she-va.ibyteimg.com/tos-alisg-i-f7lenjegsh-sg/b47554abf9aa4e665c55bcece1e9842e~tplv-g9dfdl17fc-origin-image.image,https://shop.tiktok.com/view/product/1729873910508198733?region=GB&locale=en,88.49,88.49,88.49,5,5,17.70,36.98,10795,4.6,0.0%,0.0%,4.9%,19.2%,167.59,9.47,1套,/,/,是,否,否,非P0补充｜增长｜破0件销量｜高点击+高转化+高变现,Aeolus rid=6082893 / sid=3062689,2026-08-08 21:52
B级观察,DE,1729709245296319308,S251202154625,上饶市佑萌电子商务有限公司,Men's Suits & Sets,Men's Clothing Sets,非P0补充,增长,破0件,高点击+高转化+高变现,滞销,https://p16-she-va.ibyteimg.com/tos-alisg-i-f7lenjegsh-sg/d561488feb5c40c8bc147dd8a9f0d31d~tplv-g9dfdl17fc-origin-image.image,https://shop.tiktok.com/view/product/1729709245296319308?region=DE&locale=de,88.14,88.14,88.14,2,2,44.07,55.34,298,4.4,0.0%,0.0%,13.2%,28.6%,1663.08,37.74,1组,/,/,是,否,是,非P0补充｜增长｜破0件销量｜高点击+高转化+高变现,Aeolus rid=6082893 / sid=3062689,2026-08-08 21:52
B级观察,DE,1729748371010526168,S260110032074,汕头市阳衿贸易有限公司,Men's Tops,Shirts,非P0补充,增长,破0件,高点击+高转化+高变现,平销,https://p16-she-va.ibyteimg.com/tos-alisg-i-f7lenjegsh-sg/11561f73bb314433b220657885b28227~tplv-g9dfdl17fc-origin-image.image,https://shop.tiktok.com/view/product/1729748371010526168?region=DE&locale=de,88.09,88.09,121.26,2,2,44.04,58.80,2194,4.7,0.0%,0.0%,3.2%,6.2%,89.25,2.03,3件,/,/,是,否,是,非P0补充｜增长｜破0件销量｜高点击+高转化+高变现,Aeolus rid=6082893 / sid=3062689,2026-08-08 21:52
B级观察,GB,1729879806786050235,S260723034051,宁波简潮阁服饰有限公司,Men's Bottoms,Men's Pants,丰富度P0,增长,10+,高点击+高转化+高变现,平销,https://p16-she-va.ibyteimg.com/tos-alisg-i-f7lenjegsh-sg/1778fb6c59f548e4b6e3bd7764de4228~tplv-g9dfdl17fc-origin-image.image,https://shop.tiktok.com/view/product/1729879806786050235?region=GB&locale=en,153.23,88.08,218.39,12,7,12.77,18.82,5989,4.2,0.0%,0.0%,3.4%,15.8%,68.50,5.36,1件,/,/,是,否,是,丰富度P0｜增长｜10+销量｜高点击+高转化+高变现,Aeolus rid=6082893 / sid=3062689,2026-08-08 21:52
B级观察,GB,1729865857803787087,S260703007301,广州市天河区舒珩服饰贸易商行（个体工商户）,Men's Tops,Hoodies & Sweatshirts,非P0补充,增长,破0件,高点击+高转化+高变现,滞销,https://p16-she-va.ibyteimg.com/tos-alisg-i-f7lenjegsh-sg/77ed40dbcf3142c182476c9ad668604c~tplv-g9dfdl17fc-origin-image.image,https://shop.tiktok.com/view/product/1729865857803787087?region=GB&locale=en,114.12,88.08,140.16,7,5,16.30,23.52,2336,4.2,0.0%,0.0%,3.8%,8.5%,60.32,3.17,1件,/,/,是,否,是,非P0补充｜增长｜破0件销量｜高点击+高转化+高变现,Aeolus rid=6082893 / sid=3062689,2026-08-08 21:52
B级观察,IT,1729803300152252496,S260417012234,广州卓迅服饰有限公司,Men's Bottoms,Men's Jeans,丰富度P0,增长,破0件,高转化+高变现,滞销,https://p16-she-va.ibyteimg.com/tos-alisg-i-f7lenjegsh-sg/289b959e3583430683e9c9cfe8f999cf~tplv-g9dfdl17fc-origin-image.image,https://shop.tiktok.com/view/product/1729803300152252496?region=IT&locale=it,87.99,87.99,129.49,2,2,43.99,53.03,6727,4.2,0.0%,0.0%,1.2%,4.1%,21.62,0.49,1件,/,/,是,否,是,丰富度P0｜增长｜破0件销量｜高转化+高变现,Aeolus rid=6082893 / sid=3062689,2026-08-08 21:52
B级观察,US,1731907840702451767,S251004021263,广州市黄埔区姿晴服饰商行,Men's Suits & Sets,Men's Clothing Sets,非P0补充,增长,破0件,高点击+高转化+高变现,滞销,https://p16-she-va.ibyteimg.com/tos-alisg-i-f7lenjegsh-sg/613c001835bb4da6b345d5e4765bbbeb~tplv-g9dfdl17fc-origin-image.image,https://shop.tiktok.com/view/product/1731907840702451767?region=US&locale=en,87.80,87.80,87.80,2,2,43.90,58.69,541,4.5,0.0%,0.0%,6.9%,40.0%,1219.44,27.78,2件,/,/,是,否,是,非P0补充｜增长｜破0件销量｜高点击+高转化+高变现,Aeolus rid=6082893 / sid=3062689,2026-08-08 21:52
B级观察,MX,1731882496358319491,S240416006597,东莞市元品智造制衣有限公司,Men's Bottoms,Men's Pants,丰富度P0,增长,10+,高点击+高转化+高变现,平销,https://p16-she-va.ibyteimg.com/tos-alisg-i-f7lenjegsh-sg/737518ddb0e4479ba1a4ffd97b36393c~tplv-g9dfdl17fc-origin-image.image,https://shop.tiktok.com/view/product/1731882496358319491?region=MX&locale=es,163.47,87.76,428.71,17,9,9.62,16.22,30,5.0,0.0%,0.0%,2.8%,3.0%,7.95,0.83,1件,/,女装标准码,否,否,是,丰富度P0｜增长｜10+销量｜高点击+高转化+高变现,Aeolus rid=6082893 / sid=3062689,2026-08-08 21:52
B级观察,DE,1729480756594776632,S240425006129,广州市侃耶服装有限公司,Men's Suits & Sets,Overalls,丰富度P0,增长,破0件,高转化+高变现,滞销,https://p16-she-va.ibyteimg.com/tos-alisg-i-f7lenjegsh-sg/8acb32a70ada4652ba19329e2f0e75b1~tplv-g9dfdl17fc-origin-image.image,https://shop.tiktok.com/view/product/1729480756594776632?region=DE&locale=de,87.52,87.52,87.52,2,2,43.76,57.64,22,4.4,100.0%,0.0%,1.5%,3.3%,22.46,0.51,1件,/,女装标准码,否,否,是,丰富度P0｜增长｜破0件销量｜高转化+高变现,Aeolus rid=6082893 / sid=3062689,2026-08-08 21:52
B级观察,DE,1729802439495293008,S260418013351,广州卓迅服饰有限公司,Men's Bottoms,Men's Shorts,丰富度P0,增长,10+,高点击+高转化+高变现,滞销,https://p16-she-va.ibyteimg.com/tos-alisg-i-f7lenjegsh-sg/392cb80fc662418ba85f4ba76793c3fe~tplv-g9dfdl17fc-origin-image.image,https://shop.tiktok.com/view/product/1729802439495293008?region=DE&locale=de,250.93,87.46,1149.58,11,3,22.81,40.35,23,4.2,0.0%,0.0%,2.0%,3.3%,15.38,0.67,1件,/,/,否,否,是,丰富度P0｜增长｜10+销量｜高点击+高转化+高变现,Aeolus rid=6082893 / sid=3062689,2026-08-08 21:52
B级观察,GB,1729759005767474104,S260127047240,广州市增城坦爵服装商行,Men's Bottoms,Men's Shorts,丰富度P0,增长,10+,高点击+高转化+高变现,爆品,https://p16-she-va.ibyteimg.com/tos-maliva-i-g9dfdl17fc-us/5c8cdf16c51946c28ac2536568720b82~tplv-g9dfdl17fc-origin-image.image,https://shop.tiktok.com/view/product/1729759005767474104?region=GB&locale=en,312.67,87.07,1134.50,13,1,24.05,32.27,70,4.4,0.0%,0.0%,2.0%,4.6%,24.05,0.92,1件,/,/,否,否,是,丰富度P0｜增长｜10+销量｜高点击+高转化+高变现,Aeolus rid=6082893 / sid=3062689,2026-08-08 21:52
B级观察,MX,1735271189835973712,S260422009284,广州卓迅服饰有限公司,Men's Bottoms,Men's Jeans,丰富度P0,增长,破0件,高点击,滞销,https://p16-she-va.ibyteimg.com/tos-alisg-i-f7lenjegsh-sg/644394fa62cc47deaf8e34c02122d815~tplv-g9dfdl17fc-origin-image.image,https://shop.tiktok.com/view/product/1735271189835973712?region=MX&locale=es,86.89,86.89,299.94,3,3,28.96,53.06,3711,4.3,0.0%,0.0%,4.5%,0.1%,1.36,0.05,1件,/,/,是,否,是,丰富度P0｜增长｜破0件销量｜高点击,Aeolus rid=6082893 / sid=3062689,2026-08-08 21:52
B级观察,GB,1729873866338900203,S260715028199,广州市白云区匠崇服饰店（个体工商户）,Men's Tops,Polo Shirts,丰富度P0,增长,破0件,高点击+高转化+高变现,平销,https://p16-she-va.ibyteimg.com/tos-alisg-i-f7lenjegsh-sg/8201f8b72c2e42a79d9086fbdd524600~tplv-g9dfdl17fc-origin-image.image,https://shop.tiktok.com/view/product/1729873866338900203?region=GB&locale=en,112.73,86.78,151.81,8,6,14.09,31.60,2759,4.5,0.0%,0.0%,3.8%,6.1%,44.22,2.35,/,/,/,是,否,是,丰富度P0｜增长｜破0件销量｜高点击+高转化+高变现,Aeolus rid=6082893 / sid=3062689,2026-08-08 21:52
B级观察,US,1732404587345645841,S260519029411,广州市黄埔区君宇服饰商行,Men's Bottoms,Men's Shorts,非P0补充,增长,破0件,高点击+高转化+高变现,滞销,https://p16-she-va.ibyteimg.com/tos-alisg-i-f7lenjegsh-sg/8f31ba69c4db49088cbe7fe60369781e~tplv-g9dfdl17fc-origin-image.image,https://shop.tiktok.com/view/product/1732404587345645841?region=US&locale=en,99.36,86.73,188.52,7,6,14.19,24.29,228,4.6,0.0%,0.0%,5.8%,4.6%,38.13,2.69,1件,/,/,是,否,是,非P0补充｜增长｜破0件销量｜高点击+高转化+高变现,Aeolus rid=6082893 / sid=3062689,2026-08-08 21:52
B级观察,ES,1729597764968356511,S250801009232,慈溪逸宁服装厂（个体工商户）,Men's Bottoms,Men's Pants,非P0补充,增长,破0件,高点击+高转化+高变现,滞销,https://p16-she-va.ibyteimg.com/tos-alisg-i-f7lenjegsh-sg/30d0131b96f4477f9984ae2b50cd4a57~tplv-g9dfdl17fc-origin-image.image,https://shop.tiktok.com/view/product/1729597764968356511?region=ES&locale=es,86.62,86.62,86.62,4,4,21.66,31.70,2027,3.9,0.0%,0.0%,26.0%,30.8%,1732.43,80.00,/,/,/,是,否,否,非P0补充｜增长｜破0件销量｜高点击+高转化+高变现,Aeolus rid=6082893 / sid=3062689,2026-08-08 21:52
B级观察,MX,1732680026339051252,S250905032029,广州韩忆服饰有限公司,Men's Bottoms,Men's Pants,非P0补充,增长,10+,高点击+高变现,爆品,https://p16-she-va.ibyteimg.com/tos-alisg-i-f7lenjegsh-sg/762d8164178541e299f641772333c3fc~tplv-g9dfdl17fc-origin-image.image,https://shop.tiktok.com/view/product/1732680026339051252?region=MX&locale=es,234.80,86.48,670.25,14,6,16.77,37.86,89,4.7,0.0%,0.0%,4.9%,0.5%,4.02,0.22,1件,/,/,否,否,否,非P0补充｜增长｜10+销量｜高点击+高变现,Aeolus rid=6082893 / sid=3062689,2026-08-08 21:52
B级观察,GB,1729766293538839408,S260211020473,长沙沙乖网络科技有限公司,Men's Bottoms,Men's Shorts,丰富度P0,增长,破0件,高点击+高转化+高变现,滞销,https://p16-she-va.ibyteimg.com/tos-alisg-i-f7lenjegsh-sg/d047ee7b643343a3810da6fa1b081821~tplv-g9dfdl17fc-origin-image.image,https://shop.tiktok.com/view/product/1729766293538839408?region=GB&locale=en,86.45,86.45,86.45,5,5,17.29,18.55,2404,4.5,0.0%,0.0%,5.0%,83.3%,720.46,41.67,1件,/,/,是,否,是,丰富度P0｜增长｜破0件销量｜高点击+高转化+高变现,Aeolus rid=6082893 / sid=3062689,2026-08-08 21:52
B级观察,GB,1729642588242614644,S250923007932,广州乐简服饰有限公司,Men's Suits & Sets,Men's Clothing Sets,非P0补充,增长,破0件,高点击+高转化+高变现,滞销,https://p16-she-va.ibyteimg.com/tos-alisg-i-f7lenjegsh-sg/4cbcc670065c4369ad7e97a9afbf75f5~tplv-g9dfdl17fc-origin-image.image,https://shop.tiktok.com/view/product/1729642588242614644?region=GB&locale=en,86.45,86.45,207.77,3,3,28.82,37.38,80,4.9,0.0%,0.0%,3.7%,3.2%,33.29,1.16,2件,/,/,是,否,否,非P0补充｜增长｜破0件销量｜高点击+高转化+高变现,Aeolus rid=6082893 / sid=3062689,2026-08-08 21:52
B级观察,GB,1729879117201054115,S260723001274,佛山市唯拓服饰有限公司,Men's Suits & Sets,Men's Clothing Sets,非P0补充,增长,破0件,高点击+高转化+高变现,平销,https://p16-she-va.ibyteimg.com/tos-alisg-i-f7lenjegsh-sg/ca9d607f0f4244d8a7af9241da594852~tplv-g9dfdl17fc-origin-image.image,https://shop.tiktok.com/view/product/1729879117201054115?region=GB&locale=en,86.07,86.07,86.07,5,5,17.21,40.34,27,4.0,0.0%,0.0%,4.6%,6.6%,52.19,3.03,2件套,/,/,否,否,否,非P0补充｜增长｜破0件销量｜高点击+高转化+高变现,Aeolus rid=6082893 / sid=3062689,2026-08-08 21:52
B级观察,US,1731758443152511565,S250828030927,泉州峯旗信息科技有限公司,Men's Bottoms,Men's Shorts,丰富度P0,增长,10+,高点击+高转化+高变现,滞销,https://p16-she-va.ibyteimg.com/tos-alisg-i-f7lenjegsh-sg/21d2a2320cff4a6d94834f4194ad3fac~tplv-g9dfdl17fc-origin-image.image,https://shop.tiktok.com/view/product/1731758443152511565?region=US&locale=en,334.17,85.82,1283.63,17,1,19.66,27.39,27,4.9,33.3%,0.0%,3.2%,7.7%,48.31,2.46,1件,/,/,否,否,是,丰富度P0｜增长｜10+销量｜高点击+高转化+高变现,Aeolus rid=6082893 / sid=3062689,2026-08-08 21:52
B级观察,US,1732178725366043519,S251227019457,广州市黄埔区逸廷服饰商行（个体工商户）,Men's Tops,Hoodies & Sweatshirts,非P0补充,增长,破0件,高点击+高转化+高变现,滞销,https://p16-she-va.ibyteimg.com/tos-alisg-i-f7lenjegsh-sg/34196d6841da4613b14f326f24b46814~tplv-g9dfdl17fc-origin-image.image,https://shop.tiktok.com/view/product/1732178725366043519?region=US&locale=en,85.81,85.81,85.81,3,3,28.60,36.19,725,3.9,0.0%,0.0%,4.6%,7.0%,92.17,3.22,1件,/,/,是,否,是,非P0补充｜增长｜破0件销量｜高点击+高转化+高变现,Aeolus rid=6082893 / sid=3062689,2026-08-08 21:52
B级观察,US,1729587118815547933,S240801008191,庆元县天弘服装网店,Men's Suits & Sets,Men's Suits,丰富度P0,增长,破0件,高点击+高转化+高变现,滞销,https://p16-she-va.ibyteimg.com/tos-maliva-i-g9dfdl17fc-us/0538138438584fa48e89af18d1e76028~tplv-g9dfdl17fc-origin-image.image,https://shop.tiktok.com/view/product/1729587118815547933?region=US&locale=en,156.78,85.79,566.05,9,5,17.42,26.39,26,4.1,0.0%,0.0%,3.4%,4.4%,26.25,1.51,1件,/,女装标准码,否,否,是,丰富度P0｜增长｜破0件销量｜高点击+高转化+高变现,Aeolus rid=6082893 / sid=3062689,2026-08-08 21:52
B级观察,GB,1729762182404807608,S260127076891,广州市增城坦爵服装商行,Men's Bottoms,Men's Jeans,丰富度P0,增长,10+,高变现,爆品,https://p16-she-va.ibyteimg.com/tos-alisg-i-f7lenjegsh-sg/a16cd60f51144e4d82e34a4840ab53d6~tplv-g9dfdl17fc-origin-image.image,https://shop.tiktok.com/view/product/1729762182404807608?region=GB&locale=en,256.36,85.66,847.25,11,4,23.31,38.32,64,4.4,50.0%,0.0%,1.1%,1.9%,4.70,0.20,1件,/,/,否,否,是,丰富度P0｜增长｜10+销量｜高变现,Aeolus rid=6082893 / sid=3062689,2026-08-08 21:52
B级观察,US,1732420727330345904,S260531011805,广州市黄埔区袁清服饰商行（个体工商户）,Men's Tops,Vests,非P0补充,增长,破0件,高转化+高变现,滞销,https://p16-she-va.ibyteimg.com/tos-alisg-i-f7lenjegsh-sg/3b36415289ff40dfb2741274ce704e1e~tplv-g9dfdl17fc-origin-image.image,https://shop.tiktok.com/view/product/1732420727330345904?region=US&locale=en,114.20,85.65,290.55,4,3,28.55,47.59,608,4.2,0.0%,0.0%,1.4%,4.9%,20.32,0.71,4件,/,/,是,否,是,非P0补充｜增长｜破0件销量｜高转化+高变现,Aeolus rid=6082893 / sid=3062689,2026-08-08 21:52
B级观察,MX,1735222147317401071,S260420030657,晋江市狮墨服装有限公司,Men's Tops,Jackets & Coats,丰富度P0,增长,破0件,高点击+高变现,平销,https://p16-she-va.ibyteimg.com/tos-alisg-i-f7lenjegsh-sg/c7fc1322bde2407a95112ad9cc2d59d8~tplv-g9dfdl17fc-origin-image.image,https://shop.tiktok.com/view/product/1735222147317401071?region=MX&locale=es,109.61,85.63,463.99,4,3,27.40,40.43,265,4.3,0.0%,0.0%,4.1%,0.4%,4.23,0.15,/,/,/,是,否,是,丰富度P0｜增长｜破0件销量｜高点击+高变现,Aeolus rid=6082893 / sid=3062689,2026-08-08 21:52
B级观察,US,1731802189025415421,S250920014691,广州市番禺区鑫鸿婷服饰商行（个体工商户）,Men's Tops,T-shirts,非P0补充,增长,破0件,高点击+高转化+高变现,滞销,https://p16-she-va.ibyteimg.com/tos-alisg-i-f7lenjegsh-sg/6f5503eeaf4e4a32a3419865e9c41252~tplv-g9dfdl17fc-origin-image.image,https://shop.tiktok.com/view/product/1731802189025415421?region=US&locale=en,85.51,85.51,166.74,5,5,17.10,27.39,862,4.6,0.0%,0.0%,4.6%,17.2%,134.45,7.86,1件,/,/,是,否,是,非P0补充｜增长｜破0件销量｜高点击+高转化+高变现,Aeolus rid=6082893 / sid=3062689,2026-08-08 21:52
B级观察,MX,1732298808842618316,S250721018176,广州市黄埔区亿臻服饰商行,Men's Bottoms,Men's Pants,丰富度P0,增长,破0件,高点击+高转化+高变现,滞销,https://p16-she-va.ibyteimg.com/tos-alisg-i-f7lenjegsh-sg/fe1626408de64b878c4be128c6660753~tplv-g9dfdl17fc-origin-image.image,https://shop.tiktok.com/view/product/1732298808842618316?region=MX&locale=es,85.47,85.47,122.35,4,4,21.37,24.81,19,4.7,0.0%,0.0%,2.0%,6.3%,27.64,1.29,1件,/,/,是,否,是,丰富度P0｜增长｜破0件销量｜高点击+高转化+高变现,Aeolus rid=6082893 / sid=3062689,2026-08-08 21:52
B级观察,MX,1736066288185673454,S260613019957,广州市天河区清缘商行（个体工商户）,Men's Bottoms,Men's Pants,非P0补充,增长,破0件,高点击+高转化+高变现,滞销,https://p16-she-va.ibyteimg.com/tos-alisg-i-f7lenjegsh-sg/87c987e8f7594d00b3ec987daf432c98~tplv-g9dfdl17fc-origin-image.image,https://shop.tiktok.com/view/product/1736066288185673454?region=MX&locale=es,85.43,85.43,98.68,6,6,14.24,28.04,3736,4.6,0.0%,0.0%,6.8%,3.0%,28.58,2.01,/,/,/,是,否,是,非P0补充｜增长｜破0件销量｜高点击+高转化+高变现,Aeolus rid=6082893 / sid=3062689,2026-08-08 21:52
B级观察,GB,1729771979973237108,S260228046053,广州乐简服饰有限公司,Men's Tops,Polo Shirts,丰富度P0,增长,破0件,高点击+高转化+高变现,平销,https://p16-she-va.ibyteimg.com/tos-alisg-i-f7lenjegsh-sg/31fb0816676e43ed80c1b311142a4f11~tplv-g9dfdl17fc-origin-image.image,https://shop.tiktok.com/view/product/1729771979973237108?region=GB&locale=en,85.41,85.41,104.31,5,5,17.08,18.55,119,4.9,0.0%,0.0%,2.3%,8.1%,31.67,1.85,1件,/,/,是,否,否,丰富度P0｜增长｜破0件销量｜高点击+高转化+高变现,Aeolus rid=6082893 / sid=3062689,2026-08-08 21:52
B级观察,US,1729571447799976050,S240719007861,晋江市集友服装织造有限公司,Men's Tops,Jackets & Coats,丰富度P0,增长,破0件,高点击+高变现,滞销,https://p16-she-va.ibyteimg.com/tos-alisg-i-f7lenjegsh-sg/c7ef3378d31b483185559b0ea9addfcd~tplv-g9dfdl17fc-origin-image.image,https://shop.tiktok.com/view/product/1729571447799976050?region=US&locale=en,151.90,85.22,700.29,5,3,30.38,56.29,15,4.0,0.0%,0.0%,4.1%,0.8%,10.46,0.34,1件,/,女装标准码,是,否,是,丰富度P0｜增长｜破0件销量｜高点击+高变现,Aeolus rid=6082893 / sid=3062689,2026-08-08 21:52
B级观察,US,1732463299989508591,S260628015664,晋江市狮墨服装有限公司,Men's Suits & Sets,Men's Clothing Sets,丰富度P0,增长,破0件,高点击+高转化+高变现,滞销,https://p16-she-va.ibyteimg.com/tos-alisg-i-f7lenjegsh-sg/94f4fa49640240abbce8ddf96c7a7c0f~tplv-g9dfdl17fc-origin-image.image,https://shop.tiktok.com/view/product/1732463299989508591?region=US&locale=en,313.60,85.21,922.79,9,2,34.84,54.09,189,3.9,0.0%,0.0%,3.0%,2.1%,21.67,0.62,2件套,/,/,是,否,是,丰富度P0｜增长｜破0件销量｜高点击+高转化+高变现,Aeolus rid=6082893 / sid=3062689,2026-08-08 21:52
B级观察,GB,1729795121369421862,S260409033424,广州市黄埔区唐与新潮服装店（个体工商户）,Men's Tops,T-shirts,丰富度P0,增长,破0件,高点击+高转化+高变现,平销,https://p16-she-va.ibyteimg.com/tos-alisg-i-f7lenjegsh-sg/8084430a091348a0bc178da85e7a2c53~tplv-g9dfdl17fc-origin-image.image,https://shop.tiktok.com/view/product/1729795121369421862?region=GB&locale=en,120.32,84.98,443.61,6,4,20.05,27.96,1358,4.7,0.0%,0.0%,2.9%,2.8%,15.95,0.80,/,/,/,是,否,否,丰富度P0｜增长｜破0件销量｜高点击+高转化+高变现,Aeolus rid=6082893 / sid=3062689,2026-08-08 21:52
B级观察,GB,1729854880934828545,S260616036904,宁波嘉祈电子商务有限公司,Men's Suits & Sets,Men's Clothing Sets,丰富度P0,增长,10+,高点击+高转化+高变现,滞销,https://p16-she-va.ibyteimg.com/tos-alisg-i-f7lenjegsh-sg/ab162dae83b6463a80dfd1593c57c971~tplv-g9dfdl17fc-origin-image.image,https://shop.tiktok.com/view/product/1729854880934828545?region=GB&locale=en,207.53,84.81,525.39,10,4,20.75,49.75,1433,4.5,0.0%,0.0%,5.4%,6.1%,68.07,3.28,1套,/,/,是,否,是,丰富度P0｜增长｜10+销量｜高点击+高转化+高变现,Aeolus rid=6082893 / sid=3062689,2026-08-08 21:52
B级观察,GB,1729753228410526178,S260117019406,石狮市民浩贸易有限公司,Men's Bottoms,Men's Shorts,非P0补充,增长,10+,高点击+高转化+高变现,平销,https://p16-she-va.ibyteimg.com/tos-alisg-i-f7lenjegsh-sg/6b536f339333484282cfa2a0b45c8ca0~tplv-g9dfdl17fc-origin-image.image,https://shop.tiktok.com/view/product/1729753228410526178?region=GB&locale=en,170.54,84.73,333.27,15,7,11.37,16.13,683,4.7,0.0%,0.0%,2.6%,17.2%,51.09,4.49,1件,/,/,是,否,是,非P0补充｜增长｜10+销量｜高点击+高转化+高变现,Aeolus rid=6082893 / sid=3062689,2026-08-08 21:52
B级观察,US,1730894512678736826,S250318003067,香港駿達嘉貿易有限公司,Men's Tops,Polo Shirts,丰富度P0,增长,破0件,高点击+高转化+高变现,滞销,https://p16-she-va.ibyteimg.com/tos-alisg-i-f7lenjegsh-sg/71ad64eb1f77401094df11f294fbd5d8~tplv-g9dfdl17fc-origin-image.image,https://shop.tiktok.com/view/product/1730894512678736826?region=US&locale=en,106.67,84.72,350.73,6,5,17.78,35.99,772,4.0,100.0%,0.0%,2.7%,4.1%,19.85,1.12,1/3件,/,/,是,否,否,丰富度P0｜增长｜破0件销量｜高点击+高转化+高变现,Aeolus rid=6082893 / sid=3062689,2026-08-08 21:52
B级观察,US,1732488218930352423,S260710017016,广州赢一科技有限公司,Men's Bottoms,Men's Jeans,非P0补充,增长,破0件,高点击+高变现,平销,https://p16-she-va.ibyteimg.com/tos-alisg-i-f7lenjegsh-sg/37d9759ef92343a0ad44ef89a991e54a~tplv-g9dfdl17fc-origin-image.image,https://shop.tiktok.com/view/product/1732488218930352423?region=US&locale=en,114.79,84.63,186.17,5,4,22.96,59.89,32,4.5,0.0%,0.0%,4.5%,1.5%,15.40,0.67,1件,/,/,是,否,是,非P0补充｜增长｜破0件销量｜高点击+高变现,Aeolus rid=6082893 / sid=3062689,2026-08-08 21:52
B级观察,US,1732495229680783655,S260715028921,广州赢一科技有限公司,Men's Bottoms,Men's Jeans,非P0补充,增长,破0件,高点击+高转化+高变现,冷启,https://p16-she-va.ibyteimg.com/tos-alisg-i-f7lenjegsh-sg/78df063439404610b891adbb2848a20b~tplv-g9dfdl17fc-origin-image.image,https://shop.tiktok.com/view/product/1732495229680783655?region=US&locale=en,84.58,84.58,84.58,2,2,42.29,69.59,22,4.5,0.0%,0.0%,6.9%,2.9%,83.91,1.98,1件,/,/,是,否,是,非P0补充｜增长｜破0件销量｜高点击+高转化+高变现,Aeolus rid=6082893 / sid=3062689,2026-08-08 21:52
B级观察,GB,1729780703756458368,S260310094064,广州市黄埔区海织电子商务商行（个体工商户）,Men's Bottoms,Men's Jeans,丰富度P0,增长,破0件,高转化+高变现,平销,https://p16-she-va.ibyteimg.com/tos-alisg-i-f7lenjegsh-sg/afae8a1c96374b509bd7f9edec1541df~tplv-g9dfdl17fc-origin-image.image,https://shop.tiktok.com/view/product/1729780703756458368?region=GB&locale=en,231.64,84.57,889.67,7,2,33.09,45.72,482,4.1,0.0%,0.0%,1.7%,3.3%,19.32,0.58,1件,/,/,是,否,否,丰富度P0｜增长｜破0件销量｜高转化+高变现,Aeolus rid=6082893 / sid=3062689,2026-08-08 21:52
B级观察,MX,1734657141474559458,S260315007909,石狮市民浩贸易有限公司,Men's Suits & Sets,Men's Clothing Sets,丰富度P0,增长,破0件,高点击,大爆,https://p16-she-va.ibyteimg.com/tos-alisg-i-f7lenjegsh-sg/8bd8b23ac3f7443b87274f3cd9c2dc65~tplv-g9dfdl17fc-origin-image.image,https://shop.tiktok.com/view/product/1734657141474559458?region=MX&locale=es,102.99,84.49,389.50,7,5,14.71,34.45,302,4.7,0.0%,0.0%,3.3%,0.3%,1.57,0.11,2件,/,/,否,否,是,丰富度P0｜增长｜破0件销量｜高点击,Aeolus rid=6082893 / sid=3062689,2026-08-08 21:52
B级观察,US,1732080281692902029,S251123010399,广州市黄埔区素记电子商务商行（个体工商户）,Men's Tops,T-shirts,非P0补充,增长,10+,高点击+高转化+高变现,滞销,https://p16-she-va.ibyteimg.com/tos-alisg-i-f7lenjegsh-sg/0906bf3992894a2c9fa44498019b2230~tplv-g9dfdl17fc-origin-image.image,https://shop.tiktok.com/view/product/1732080281692902029?region=US&locale=en,452.47,84.38,2132.76,22,5,20.57,26.89,2886,4.6,0.0%,0.0%,2.2%,6.5%,29.81,1.45,1件,/,/,是,否,否,非P0补充｜增长｜10+销量｜高点击+高转化+高变现,Aeolus rid=6082893 / sid=3062689,2026-08-08 21:52
B级观察,MX,1731193537359349359,S250109001558,广州欧牌服装有限公司,Men's Bottoms,Men's Jeans,丰富度P0,增长,破0件,高点击+高转化+高变现,平销,https://p16-she-va.ibyteimg.com/tos-alisg-i-f7lenjegsh-sg/0c12e2b69b8e425abd6a64cd829fdc39~tplv-g9dfdl17fc-origin-image.image,https://shop.tiktok.com/view/product/1731193537359349359?region=MX&locale=es,84.30,84.30,84.30,2,2,42.15,49.64,17,4.6,100.0%,0.0%,3.6%,9.5%,142.65,3.38,1件,/,/,否,否,否,丰富度P0｜增长｜破0件销量｜高点击+高转化+高变现,Aeolus rid=6082893 / sid=3062689,2026-08-08 21:52
B级观察,US,1732320512003183156,S260406013701,广州市黄埔区睿橙电子商务商行（个体工商户）,Men's Tops,Vests,非P0补充,增长,10+,高转化+高变现,滞销,https://p16-she-va.ibyteimg.com/tos-alisg-i-f7lenjegsh-sg/82340c8d783242aab0b5c8d31b55f120~tplv-g9dfdl17fc-origin-image.image,https://shop.tiktok.com/view/product/1732320512003183156?region=US&locale=en,141.49,84.27,664.19,13,7,10.88,17.89,3930,3.8,0.0%,0.0%,1.3%,13.8%,19.26,1.77,1件,/,/,是,否,是,非P0补充｜增长｜10+销量｜高转化+高变现,Aeolus rid=6082893 / sid=3062689,2026-08-08 21:52
B级观察,US,1732478389533774300,S260707014324,深圳临犀贸易有限公司,Men's Bottoms,Men's Shorts,丰富度P0,增长,10+,高点击+高转化+高变现,平销,https://p16-she-va.ibyteimg.com/tos-alisg-i-f7lenjegsh-sg/6ec5b36dad424b6a9b10068e17818c2b~tplv-g9dfdl17fc-origin-image.image,https://shop.tiktok.com/view/product/1732478389533774300?region=US&locale=en,452.75,84.26,974.20,20,5,22.64,36.39,18,4.0,0.0%,0.0%,3.2%,4.0%,29.20,1.29,1件,/,/,否,否,是,丰富度P0｜增长｜10+销量｜高点击+高转化+高变现,Aeolus rid=6082893 / sid=3062689,2026-08-08 21:52
B级观察,US,1732024879434404615,S251105052555,广州市天河区潮往男装服装店（个体工商户）,Men's Tops,Hoodies & Sweatshirts,非P0补充,增长,破0件,高点击+高转化+高变现,滞销,https://p16-she-va.ibyteimg.com/tos-alisg-i-f7lenjegsh-sg/ffca4427c0b04c8b89da8b12609e9d12~tplv-g9dfdl17fc-origin-image.image,https://shop.tiktok.com/view/product/1732024879434404615?region=US&locale=en,84.18,84.18,141.35,2,2,42.09,69.59,1487,4.2,0.0%,0.0%,2.9%,12.5%,151.40,3.60,3件,/,/,是,否,是,非P0补充｜增长｜破0件销量｜高点击+高转化+高变现,Aeolus rid=6082893 / sid=3062689,2026-08-08 21:52
B级观察,US,1732484064220255104,S260710005556,广州市天河区焕鑫服装箱包店（个体工商户）,Men's Suits & Sets,Men's Clothing Sets,非P0补充,增长,破0件,高转化+高变现,冷启,https://p16-she-va.ibyteimg.com/tos-alisg-i-f7lenjegsh-sg/5daf5c9a70c64c5c8fd9b16bdac8a3fb~tplv-g9dfdl17fc-origin-image.image,https://shop.tiktok.com/view/product/1732484064220255104?region=US&locale=en,84.07,84.07,84.07,2,2,42.03,56.99,373,3.8,100.0%,0.0%,1.4%,10.0%,59.16,1.41,2件套,/,/,是,否,否,非P0补充｜增长｜破0件销量｜高转化+高变现,Aeolus rid=6082893 / sid=3062689,2026-08-08 21:52
B级观察,US,1732518411754443010,S260727021546,义乌市数根供应链管理有限公司,Men's Tops,Hoodies & Sweatshirts,非P0补充,增长,破0件,高转化+高变现,冷启,https://p16-she-va.ibyteimg.com/tos-alisg-i-f7lenjegsh-sg/7fb0a94b497642789206dcaec798ab3a~tplv-g9dfdl17fc-origin-image.image,https://shop.tiktok.com/view/product/1732518411754443010?region=US&locale=en,83.84,83.84,83.84,4,4,20.96,70.59,831,4.0,0.0%,0.0%,0.5%,25.0%,98.17,1.17,1组,/,/,是,否,是,非P0补充｜增长｜破0件销量｜高转化+高变现,Aeolus rid=6082893 / sid=3062689,2026-08-08 21:52
B级观察,DE,1729851894204963509,S260611031111,永春微远达百货店（个体工商户）,Men's Bottoms,Men's Pants,非P0补充,增长,破0件,高点击+高转化+高变现,滞销,https://p16-she-va.ibyteimg.com/tos-alisg-i-f7lenjegsh-sg/e1571124284b427fa1da0830d3a4b261~tplv-g9dfdl17fc-origin-image.image,https://shop.tiktok.com/view/product/1729851894204963509?region=DE&locale=de,83.83,83.83,128.34,3,3,27.94,38.04,740,4.6,0.0%,0.0%,4.3%,15.8%,188.39,6.74,/,/,/,是,否,是,非P0补充｜增长｜破0件销量｜高点击+高转化+高变现,Aeolus rid=6082893 / sid=3062689,2026-08-08 21:52
B级观察,US,1732136181302530135,S251210121987,广州市黄埔区绮初服饰服装商行（个体工商户）,Men's Tops,Hoodies & Sweatshirts,非P0补充,增长,破0件,高点击+高转化+高变现,滞销,https://p16-she-va.ibyteimg.com/tos-alisg-i-f7lenjegsh-sg/4ef312fd85264ece8d9332cc01bbd41a~tplv-g9dfdl17fc-origin-image.image,https://shop.tiktok.com/view/product/1732136181302530135?region=US&locale=en,83.75,83.75,122.16,3,3,27.92,24.89,2613,4.8,0.0%,0.0%,5.1%,15.8%,226.96,8.13,1件,/,/,是,否,是,非P0补充｜增长｜破0件销量｜高点击+高转化+高变现,Aeolus rid=6082893 / sid=3062689,2026-08-08 21:52
B级观察,US,1732257735266308326,S260122016559,广州市黄埔区桦楠服饰商行（个体工商户）,Men's Bottoms,Men's Shorts,非P0补充,增长,10+,高点击+高转化+高变现,平销,https://p16-she-va.ibyteimg.com/tos-alisg-i-f7lenjegsh-sg/ce73ace8fca844a19bc57c57abab6bfe~tplv-g9dfdl17fc-origin-image.image,https://shop.tiktok.com/view/product/1732257735266308326?region=US&locale=en,530.28,83.65,2050.57,25,1,21.21,32.19,29,4.6,0.0%,0.0%,2.2%,6.2%,29.72,1.35,1件,/,/,否,否,否,非P0补充｜增长｜10+销量｜高点击+高转化+高变现,Aeolus rid=6082893 / sid=3062689,2026-08-08 21:52
B级观察,US,1730795864093397615,S250114006412,广州欧牌服装有限公司,Men's Bottoms,Men's Jeans,丰富度P0,增长,破0件,高点击+高转化+高变现,滞销,https://p16-she-va.ibyteimg.com/tos-alisg-i-f7lenjegsh-sg/ba9e62f5fd954625be2919bc969dd078~tplv-g9dfdl17fc-origin-image.image,https://shop.tiktok.com/view/product/1730795864093397615?region=US&locale=en,100.98,83.61,141.21,5,4,20.20,31.89,7,4.3,0.0%,0.0%,3.8%,14.3%,109.64,5.43,1件,/,/,否,否,是,丰富度P0｜增长｜破0件销量｜高点击+高转化+高变现,Aeolus rid=6082893 / sid=3062689,2026-08-08 21:52
B级观察,US,1731565734637834647,S250730021769,庆元昌伟服装贸易有限公司,Men's Tops,Jackets & Coats,非P0补充,增长,破0件,高点击+高转化+高变现,滞销,https://p16-she-va.ibyteimg.com/tos-alisg-i-f7lenjegsh-sg/c144518a5469464ea630e53a8099bc6c~tplv-g9dfdl17fc-origin-image.image,https://shop.tiktok.com/view/product/1731565734637834647?region=US&locale=en,83.56,83.56,186.30,4,4,20.89,26.79,10,4.2,0.0%,0.0%,3.4%,4.0%,28.24,1.35,/,/,/,否,否,是,非P0补充｜增长｜破0件销量｜高点击+高转化+高变现,Aeolus rid=6082893 / sid=3062689,2026-08-08 21:52
B级观察,US,1732430288251163303,S260606026920,石狮市谦莫服饰有限公司,Men's Tops,Hoodies & Sweatshirts,丰富度P0,增长,破0件,高点击+高转化+高变现,滞销,https://p16-she-va.ibyteimg.com/tos-alisg-i-f7lenjegsh-sg/757c479c86e14612b23d6434b785d4c9~tplv-g9dfdl17fc-origin-image.image,https://shop.tiktok.com/view/product/1732430288251163303?region=US&locale=en,133.34,83.32,461.33,9,5,14.82,43.39,1715,4.8,0.0%,0.0%,5.9%,3.1%,29.97,1.80,单件,/,/,是,否,是,丰富度P0｜增长｜破0件销量｜高点击+高转化+高变现,Aeolus rid=6082893 / sid=3062689,2026-08-08 21:52
B级观察,US,1732488819703386407,S260713013485,广州赢一科技有限公司,Men's Bottoms,Men's Jeans,非P0补充,增长,破0件,高点击+高转化+高变现,平销,https://p16-she-va.ibyteimg.com/tos-alisg-i-f7lenjegsh-sg/93bbd7af536348af927ea7d8e767e2db~tplv-g9dfdl17fc-origin-image.image,https://shop.tiktok.com/view/product/1732488819703386407?region=US&locale=en,111.75,83.32,140.18,5,4,22.35,52.49,16,4.5,0.0%,0.0%,6.4%,3.2%,45.99,2.06,1件,/,/,是,否,是,非P0补充｜增长｜破0件销量｜高点击+高转化+高变现,Aeolus rid=6082893 / sid=3062689,2026-08-08 21:52
B级观察,DE,1729803067614271568,S260419003051,广州卓迅服饰有限公司,Men's Bottoms,Men's Shorts,丰富度P0,增长,破0件,高转化+高变现,滞销,https://p16-she-va.ibyteimg.com/tos-alisg-i-f7lenjegsh-sg/360642edee82451fb4bc4c230c9d1645~tplv-g9dfdl17fc-origin-image.image,https://shop.tiktok.com/view/product/1729803067614271568?region=DE&locale=de,114.24,83.20,513.52,3,2,38.08,32.28,53,4.2,100.0%,0.0%,1.7%,3.5%,23.25,0.61,1件,/,/,否,否,是,丰富度P0｜增长｜破0件销量｜高转化+高变现,Aeolus rid=6082893 / sid=3062689,2026-08-08 21:52
B级观察,GB,1729442548361367483,S241209004140,石狮市君浮商贸有限公司,Men's Tops,T-shirts,丰富度P0,增长,破0件,高点击+高转化+高变现,滞销,https://p16-she-va.ibyteimg.com/tos-alisg-i-f7lenjegsh-sg/5bd9c0d9167445c68b0f0382f1155566~tplv-g9dfdl17fc-origin-image.image,https://shop.tiktok.com/view/product/1729442548361367483?region=GB&locale=en,83.10,83.10,373.38,3,3,27.70,11.82,2955,4.5,0.0%,0.0%,5.0%,3.8%,52.83,1.91,1件或5件,/,/,是,否,是,丰富度P0｜增长｜破0件销量｜高点击+高转化+高变现,Aeolus rid=6082893 / sid=3062689,2026-08-08 21:52
B级观察,GB,1729790606580422695,S260402045908,香港興樂悅貿易有限公司,Men's Tops,T-shirts,丰富度P0,增长,10+,高点击+高转化+高变现,平销,https://p16-she-va.ibyteimg.com/tos-alisg-i-f7lenjegsh-sg/f90720254f7f4cc990745d29011c141f~tplv-g9dfdl17fc-origin-image.image,https://shop.tiktok.com/view/product/1729790606580422695?region=GB&locale=en,230.60,82.94,803.57,20,4,11.53,14.11,37,4.7,50.0%,0.0%,2.8%,2.4%,7.94,0.65,1件,/,/,否,否,是,丰富度P0｜增长｜10+销量｜高点击+高转化+高变现,Aeolus rid=6082893 / sid=3062689,2026-08-08 21:52
B级观察,DE,1729667797721520696,S251017065495,广州市侃耶服装有限公司,Men's Bottoms,Men's Jeans,丰富度P0,增长,破0件,高点击+高变现,滞销,https://p16-she-va.ibyteimg.com/tos-alisg-i-f7lenjegsh-sg/8260239238bd47b3917f9cb802ec5b9d~tplv-g9dfdl17fc-origin-image.image,https://shop.tiktok.com/view/product/1729667797721520696?region=DE&locale=de,82.90,82.90,207.70,2,2,41.45,55.91,59,4.4,0.0%,0.0%,3.0%,1.0%,12.04,0.29,1件,/,/,否,否,是,丰富度P0｜增长｜破0件销量｜高点击+高变现,Aeolus rid=6082893 / sid=3062689,2026-08-08 21:52
B级观察,GB,1729826744833448142,S260509028139,东莞市莞城格物岫电子商务商行（个体工商户）,Men's Tops,Vests,非P0补充,增长,10+,高转化+高变现,滞销,https://p16-she-va.ibyteimg.com/tos-alisg-i-f7lenjegsh-sg/bea20bd8dec14c07b73e96974bc0afc3~tplv-g9dfdl17fc-origin-image.image,https://shop.tiktok.com/view/product/1729826744833448142?region=GB&locale=en,245.50,82.89,484.87,21,7,11.69,10.48,1617,4.5,50.0%,0.0%,1.9%,5.8%,12.71,1.09,1件,/,/,是,否,是,非P0补充｜增长｜10+销量｜高转化+高变现,Aeolus rid=6082893 / sid=3062689,2026-08-08 21:52
B级观察,MX,1732584665433802089,S250911038889,石狮市联结核心服饰有限公司,Men's Tops,Jackets & Coats,丰富度P0,增长,50+,效率待观察,爆品,https://p16-she-va.ibyteimg.com/tos-alisg-i-f7lenjegsh-sg/378cb676f44a4faa86798e1b3bad713e~tplv-g9dfdl17fc-origin-image.image,https://shop.tiktok.com/view/product/1732584665433802089?region=MX&locale=es,664.27,82.83,2174.06,52,11,12.77,25.99,47,4.4,71.4%,0.0%,2.0%,0.6%,1.62,0.13,/,/,/,否,否,是,丰富度P0｜增长｜50+销量｜效率待观察,Aeolus rid=6082893 / sid=3062689,2026-08-08 21:52
B级观察,FR,1729699736792963380,S251124124249,石狮市杰建日用百货商行,Men's Bottoms,Men's Pants,丰富度P0,增长,破0件,高点击+高转化+高变现,爆品,https://p16-she-va.ibyteimg.com/tos-alisg-i-f7lenjegsh-sg/11fa1f32a7cb42efadc08a0033937e52~tplv-g9dfdl17fc-origin-image.image,https://shop.tiktok.com/view/product/1729699736792963380?region=FR&locale=fr,82.82,82.82,82.82,3,3,27.61,29.97,7839,4.6,0.0%,0.0%,2.2%,15.8%,97.44,3.53,/,/,/,是,否,是,丰富度P0｜增长｜破0件销量｜高点击+高转化+高变现,Aeolus rid=6082893 / sid=3062689,2026-08-08 21:52
B级观察,US,1731442224135508743,S250711012655,广州市天河区潮往男装服装店（个体工商户）,Men's Bottoms,Men's Pants,非P0补充,增长,破0件,高点击+高转化+高变现,滞销,https://p16-she-va.ibyteimg.com/tos-alisg-i-f7lenjegsh-sg/3e33a8e5096e444292e643608c59f640~tplv-g9dfdl17fc-origin-image.image,https://shop.tiktok.com/view/product/1731442224135508743?region=US&locale=en,82.82,82.82,119.69,2,2,41.41,67.59,495,4.2,0.0%,0.0%,3.7%,20.0%,309.03,7.46,3件,/,/,是,否,是,非P0补充｜增长｜破0件销量｜高点击+高转化+高变现,Aeolus rid=6082893 / sid=3062689,2026-08-08 21:52
B级观察,US,1731265084332675615,S250517003324,广州市番禺区裴琳服饰商行（个体工商户）,Men's Tops,Shirts,非P0补充,增长,10+,高点击+高转化+高变现,滞销,https://p16-she-va.ibyteimg.com/tos-alisg-i-f7lenjegsh-sg/a09195dcda784bbf865e90c89a455c6c~tplv-g9dfdl17fc-origin-image.image,https://shop.tiktok.com/view/product/1731265084332675615?region=US&locale=en,190.88,82.75,726.50,13,5,14.68,19.89,28,4.2,0.0%,0.0%,2.5%,7.7%,28.61,1.95,1件,/,/,是,否,否,非P0补充｜增长｜10+销量｜高点击+高转化+高变现,Aeolus rid=6082893 / sid=3062689,2026-08-08 21:52
B级观察,GB,1729853476444739735,S260614015441,广州市黄埔区豪线服装商店（个体工商户）,Men's Tops,Vests,丰富度P0,增长,10+,高点击+高转化+高变现,滞销,https://p16-she-va.ibyteimg.com/tos-alisg-i-f7lenjegsh-sg/f99db32b193f42e3953667bb53e21345~tplv-g9dfdl17fc-origin-image.image,https://shop.tiktok.com/view/product/1729853476444739735?region=GB&locale=en,103.74,82.69,289.35,10,8,10.37,13.44,3335,4.5,0.0%,0.0%,4.9%,16.4%,82.93,7.99,1件,/,/,是,否,是,丰富度P0｜增长｜10+销量｜高点击+高转化+高变现,Aeolus rid=6082893 / sid=3062689,2026-08-08 21:52
B级观察,US,1732452145858712504,S260621004148,广州市增城坦爵服装商行,Men's Bottoms,Men's Shorts,丰富度P0,增长,破0件,高点击+高变现,滞销,https://p16-she-va.ibyteimg.com/tos-alisg-i-f7lenjegsh-sg/76ed5903c3654e86a44a768c2f4960be~tplv-g9dfdl17fc-origin-image.image,https://shop.tiktok.com/view/product/1732452145858712504?region=US&locale=en,104.12,82.66,329.58,4,3,26.03,32.49,8,4.5,0.0%,0.0%,2.5%,1.9%,12.38,0.48,1件,/,/,否,否,是,丰富度P0｜增长｜破0件销量｜高点击+高变现,Aeolus rid=6082893 / sid=3062689,2026-08-08 21:52
B级观察,US,1730719635147231988,S250217012281,广州韩忆服饰有限公司,Men's Tops,Polo Shirts,丰富度P0,增长,破0件,高点击+高转化+高变现,滞销,https://p16-she-va.ibyteimg.com/tos-alisg-i-f7lenjegsh-sg/2293c59edb8f4fc38aabf7eb02cbea1f~tplv-g9dfdl17fc-origin-image.image,https://shop.tiktok.com/view/product/1730719635147231988?region=US&locale=en,196.47,82.52,1026.02,9,3,21.83,21.69,67,4.4,0.0%,0.0%,4.3%,4.4%,41.29,1.89,1件,/,/,是,否,否,丰富度P0｜增长｜破0件销量｜高点击+高转化+高变现,Aeolus rid=6082893 / sid=3062689,2026-08-08 21:52
B级观察,FR,1729608664551626981,S250812022816,广西众森服饰有限公司,Men's Suits & Sets,Men's Clothing Sets,非P0补充,增长,破0件,高点击+高转化+高变现,平销,https://p16-she-va.ibyteimg.com/tos-alisg-i-f7lenjegsh-sg/a04b67b4726247c2af05b7a304d9b333~tplv-g9dfdl17fc-origin-image.image,https://shop.tiktok.com/view/product/1729608664551626981?region=FR&locale=fr,82.24,82.24,139.60,3,3,27.41,38.04,43,4.2,0.0%,0.0%,2.2%,6.8%,41.96,1.53,2件套,/,/,是,否,是,非P0补充｜增长｜破0件销量｜高点击+高转化+高变现,Aeolus rid=6082893 / sid=3062689,2026-08-08 21:52
B级观察,FR,1729867189251447138,S260706001268,广州市黄埔区施伦商贸店（个体工商户）,Men's Suits & Sets,Men's Clothing Sets,丰富度P0,增长,破0件,高转化+高变现,平销,https://p16-she-va.ibyteimg.com/tos-alisg-i-f7lenjegsh-sg/86ee286a424844a69f873d572b25d3d1~tplv-g9dfdl17fc-origin-image.image,https://shop.tiktok.com/view/product/1729867189251447138?region=FR&locale=fr,142.63,82.20,467.68,5,3,28.53,39.19,1326,4.8,0.0%,0.0%,1.9%,4.1%,22.58,0.79,2件,/,/,是,否,是,丰富度P0｜增长｜破0件销量｜高转化+高变现,Aeolus rid=6082893 / sid=3062689,2026-08-08 21:52
B级观察,GB,1729860053066356789,S260625000923,义乌市灿链电子商务商行（个体工商户）,Men's Bottoms,Men's Shorts,丰富度P0,增长,破0件,高点击+高转化+高变现,平销,https://p16-she-va.ibyteimg.com/tos-alisg-i-f7lenjegsh-sg/5b96d877b0294bd5bb920a99f1741cfe~tplv-g9dfdl17fc-origin-image.image,https://shop.tiktok.com/view/product/1729860053066356789?region=GB&locale=en,82.19,82.19,166.54,7,7,11.74,26.89,9987,4.4,0.0%,0.0%,3.8%,10.2%,52.28,3.82,1件,/,/,是,否,是,丰富度P0｜增长｜破0件销量｜高点击+高转化+高变现,Aeolus rid=6082893 / sid=3062689,2026-08-08 21:52
B级观察,US,1732394915305852966,S260512022011,广州市黄埔区唐与新潮服装店（个体工商户）,Men's Tops,T-shirts,丰富度P0,增长,10+,高点击+高转化+高变现,平销,https://p16-she-va.ibyteimg.com/tos-alisg-i-f7lenjegsh-sg/143f3ce157a8462a82e67e2a8803ce75~tplv-g9dfdl17fc-origin-image.image,https://shop.tiktok.com/view/product/1732394915305852966?region=US&locale=en,290.13,81.98,1118.20,28,10,10.36,16.09,2565,4.2,0.0%,0.0%,4.6%,3.4%,15.97,1.54,/,/,/,是,否,是,丰富度P0｜增长｜10+销量｜高点击+高转化+高变现,Aeolus rid=6082893 / sid=3062689,2026-08-08 21:52
B级观察,US,1729470882047890154,S240415005343,广州市天河区颜绮商品零售店（个体工商户）,Men's Tops,T-shirts,丰富度P0,增长,10+,高点击+高变现,滞销,https://p16-she-va.ibyteimg.com/tos-alisg-i-f7lenjegsh-sg/ca0d6e04462d48619cf1344030d24b77~tplv-g9dfdl17fc-origin-image.image,https://shop.tiktok.com/view/product/1729470882047890154?region=US&locale=en,464.13,81.87,1286.82,16,3,29.01,28.89,2537,4.6,0.0%,0.0%,3.8%,2.0%,21.51,0.74,4件,/,女装标准码,是,否,是,丰富度P0｜增长｜10+销量｜高点击+高变现,Aeolus rid=6082893 / sid=3062689,2026-08-08 21:52
B级观察,DE,1729879518606629251,S260723021307,广州市天河区凯礼商行（个体工商户）,Men's Suits & Sets,Men's Clothing Sets,非P0补充,增长,破0件,高点击+高转化+高变现,平销,https://p16-she-va.ibyteimg.com/tos-alisg-i-f7lenjegsh-sg/682e2b2fbfba4a2c8aa5415975b9722c~tplv-g9dfdl17fc-origin-image.image,https://shop.tiktok.com/view/product/1729879518606629251?region=DE&locale=de,81.85,81.85,81.85,3,3,27.28,49.57,1872,4.4,0.0%,0.0%,3.0%,4.7%,37.84,1.39,2件,/,/,是,否,是,非P0补充｜增长｜破0件销量｜高点击+高转化+高变现,Aeolus rid=6082893 / sid=3062689,2026-08-08 21:52
B级观察,GB,1729701378492701187,S251126106105,泉州市有点好看设计有限公司,Men's Tops,Waistcoats & Gilets,丰富度P0,增长,破0件,高点击+高变现,滞销,https://p16-she-va.ibyteimg.com/tos-alisg-i-f7lenjegsh-sg/89a48ef91df44d609145c65ba2f83974~tplv-g9dfdl17fc-origin-image.image,https://shop.tiktok.com/view/product/1729701378492701187?region=GB&locale=en,81.70,81.70,197.00,4,4,20.43,22.18,22,4.5,0.0%,0.0%,6.0%,2.0%,24.14,1.18,1件,/,/,否,否,是,丰富度P0｜增长｜破0件销量｜高点击+高变现,Aeolus rid=6082893 / sid=3062689,2026-08-08 21:52
B级观察,DE,1729870620945193355,S260711009157,慈溪哈珀服装有限公司,Men's Bottoms,Men's Pants,丰富度P0,增长,破0件,高转化+高变现,平销,https://p16-she-va.ibyteimg.com/tos-alisg-i-f7lenjegsh-sg/bbdb39e024ba4a4cb4ddb837f6f08854~tplv-g9dfdl17fc-origin-image.image,https://shop.tiktok.com/view/product/1729870620945193355?region=DE&locale=de,81.66,81.66,81.66,3,3,27.22,42.08,1037,4.3,0.0%,0.0%,0.9%,11.1%,28.29,1.04,1件,/,/,是,否,否,丰富度P0｜增长｜破0件销量｜高转化+高变现,Aeolus rid=6082893 / sid=3062689,2026-08-08 21:52
B级观察,MX,1735164996673635367,S260416035321,香港興樂悅貿易有限公司,Men's Tops,Shirts,丰富度P0,增长,破0件,高点击+高变现,滞销,https://p16-she-va.ibyteimg.com/tos-alisg-i-f7lenjegsh-sg/fc51a381e3974cc68e714c2f04171db1~tplv-g9dfdl17fc-origin-image.image,https://shop.tiktok.com/view/product/1735164996673635367?region=MX&locale=es,164.90,81.66,903.47,4,2,41.22,60.60,74,5.0,100.0%,0.0%,7.4%,0.5%,14.33,0.35,3件,/,/,否,否,是,丰富度P0｜增长｜破0件销量｜高点击+高变现,Aeolus rid=6082893 / sid=3062689,2026-08-08 21:52
B级观察,US,1732353837949490048,S260418013993,广州市天河区焕鑫服装箱包店（个体工商户）,Men's Suits & Sets,Men's Clothing Sets,非P0补充,增长,破0件,高点击+高转化+高变现,滞销,https://p16-she-va.ibyteimg.com/tos-alisg-i-f7lenjegsh-sg/95919598703c4f7a9712cafbfe420fa1~tplv-g9dfdl17fc-origin-image.image,https://shop.tiktok.com/view/product/1732353837949490048?region=US&locale=en,108.84,81.63,197.43,4,3,27.21,43.89,312,3.8,0.0%,0.0%,2.1%,2.9%,16.79,0.62,2件,/,/,是,否,是,非P0补充｜增长｜破0件销量｜高点击+高转化+高变现,Aeolus rid=6082893 / sid=3062689,2026-08-08 21:52
B级观察,US,1732463097074258107,S260627006834,宁波简潮阁服饰有限公司,Men's Bottoms,Men's Pants,丰富度P0,增长,破0件,高点击+高转化+高变现,滞销,https://p16-she-va.ibyteimg.com/tos-alisg-i-f7lenjegsh-sg/5974300ee03544b58d49203a47eb4515~tplv-g9dfdl17fc-origin-image.image,https://shop.tiktok.com/view/product/1732463097074258107?region=US&locale=en,81.49,81.49,358.51,5,5,16.30,20.89,1985,4.5,0.0%,0.0%,2.9%,10.6%,50.43,3.09,/,/,/,是,否,否,丰富度P0｜增长｜破0件销量｜高点击+高转化+高变现,Aeolus rid=6082893 / sid=3062689,2026-08-08 21:52
B级观察,GB,1729690214880614595,S251020026600,于都琪璘酷品供应链管理有限公司,Men's Tops,Hoodies & Sweatshirts,丰富度P0,增长,破0件,高点击+高转化+高变现,滞销,https://p16-she-va.ibyteimg.com/tos-alisg-i-f7lenjegsh-sg/0ea5b204094e41a383f589ea6a413446~tplv-g9dfdl17fc-origin-image.image,https://shop.tiktok.com/view/product/1729690214880614595?region=GB&locale=en,99.69,81.48,165.26,5,4,19.94,32.27,21,4.9,50.0%,0.0%,2.8%,7.5%,41.40,2.08,1件,/,/,否,否,否,丰富度P0｜增长｜破0件销量｜高点击+高转化+高变现,Aeolus rid=6082893 / sid=3062689,2026-08-08 21:52
B级观察,US,1731010378470953764,S250408017529,海口龙华倾浅锦服饰工作室（个体工商户）,Men's Bottoms,Men's Shorts,非P0补充,增长,破0件,高转化+高变现,滞销,https://p16-she-va.ibyteimg.com/tos-alisg-i-f7lenjegsh-sg/3396cec32e68422d9a36dd0ce2de870c~tplv-g9dfdl17fc-origin-image.image,https://shop.tiktok.com/view/product/1731010378470953764?region=US&locale=en,122.62,81.44,367.42,3,0,40.87,53.59,4709,4.7,0.0%,0.0%,1.0%,4.5%,17.65,0.43,3件,/,/,是,否,是,非P0补充｜增长｜破0件销量｜高转化+高变现,Aeolus rid=6082893 / sid=3062689,2026-08-08 21:52
B级观察,GB,1729738434101484199,S251220155313,石狮市谦莫服饰有限公司,Men's Suits & Sets,Men's Clothing Sets,丰富度P0,增长,破0件,高点击+高转化+高变现,滞销,https://p16-she-va.ibyteimg.com/tos-alisg-i-f7lenjegsh-sg/b650bc80916b4ad587bb42093c71f735~tplv-g9dfdl17fc-origin-image.image,https://shop.tiktok.com/view/product/1729738434101484199?region=GB&locale=en,111.35,81.36,214.22,4,3,27.84,57.15,926,4.8,0.0%,0.0%,3.2%,5.4%,47.40,1.70,2件套,/,/,是,否,否,丰富度P0｜增长｜破0件销量｜高点击+高转化+高变现,Aeolus rid=6082893 / sid=3062689,2026-08-08 21:52
B级观察,DE,1729853388048996581,S260614008558,广西众森服饰有限公司,Men's Suits & Sets,Men's Clothing Sets,丰富度P0,增长,破0件,高转化+高变现,爆品,https://p16-she-va.ibyteimg.com/tos-alisg-i-f7lenjegsh-sg/086013f801ab468493b2c62271d9619c~tplv-g9dfdl17fc-origin-image.image,https://shop.tiktok.com/view/product/1729853388048996581?region=DE&locale=de,274.56,81.32,877.96,7,2,39.22,44.96,72,4.2,100.0%,0.0%,1.1%,3.0%,12.45,0.32,2件套,/,/,是,否,是,丰富度P0｜增长｜破0件销量｜高转化+高变现,Aeolus rid=6082893 / sid=3062689,2026-08-08 21:52
B级观察,US,1730762847776903387,S250225003189,广州市侃耶服装有限公司,Men's Bottoms,Men's Jeans,丰富度P0,增长,破0件,高点击+高转化+高变现,滞销,https://p16-she-va.ibyteimg.com/tos-alisg-i-f7lenjegsh-sg/22411df0ee3a491d8c78aad624083d79~tplv-g9dfdl17fc-origin-image.image,https://shop.tiktok.com/view/product/1730762847776903387?region=US&locale=en,111.72,81.29,330.39,4,3,27.93,39.29,11,3.9,0.0%,0.0%,3.2%,2.8%,24.61,0.88,1件,/,/,否,否,是,丰富度P0｜增长｜破0件销量｜高点击+高转化+高变现,Aeolus rid=6082893 / sid=3062689,2026-08-08 21:52
B级观察,US,1732486968429220710,S260711024009,广州市白云区石门街问型电子商务商行（个体工商户）,Men's Tops,Hoodies & Sweatshirts,丰富度P0,增长,破0件,高点击+高转化+高变现,平销,https://p16-she-va.ibyteimg.com/tos-alisg-i-f7lenjegsh-sg/810521e8776140c7a034931d43001b21~tplv-g9dfdl17fc-origin-image.image,https://shop.tiktok.com/view/product/1732486968429220710?region=US&locale=en,119.98,81.28,183.87,7,5,17.14,32.59,175,3.8,0.0%,0.0%,2.7%,2.5%,11.38,0.66,1件,/,/,是,否,是,丰富度P0｜增长｜破0件销量｜高点击+高转化+高变现,Aeolus rid=6082893 / sid=3062689,2026-08-08 21:52
B级观察,DE,1729832388457437579,S260519020955,慈溪哈珀服装有限公司,Men's Bottoms,Men's Shorts,丰富度P0,增长,破0件,高转化+高变现,滞销,https://p16-she-va.ibyteimg.com/tos-alisg-i-f7lenjegsh-sg/e38ba01e7c5146d2a5d8c073af5e48bb~tplv-g9dfdl17fc-origin-image.image,https://shop.tiktok.com/view/product/1729832388457437579?region=DE&locale=de,81.24,81.24,81.24,3,3,27.08,34.58,2267,4.3,0.0%,0.0%,1.4%,8.3%,45.72,1.13,1件,/,/,是,否,是,丰富度P0｜增长｜破0件销量｜高转化+高变现,Aeolus rid=6082893 / sid=3062689,2026-08-08 21:52
B级观察,US,1732441331245552145,S260613025897,广州市十杈柏服饰有限公司,Men's Bottoms,Men's Shorts,非P0补充,增长,破0件,高点击+高转化+高变现,滞销,https://p16-she-va.ibyteimg.com/tos-alisg-i-f7lenjegsh-sg/c3cb3f710b154c65bfcfedcce67c9724~tplv-g9dfdl17fc-origin-image.image,https://shop.tiktok.com/view/product/1732441331245552145?region=US&locale=en,81.23,81.23,207.55,4,4,20.31,28.99,110,4.6,0.0%,0.0%,4.7%,9.3%,88.78,4.37,1件,/,/,是,否,否,非P0补充｜增长｜破0件销量｜高点击+高转化+高变现,Aeolus rid=6082893 / sid=3062689,2026-08-08 21:52
B级观察,US,1732463364198011177,S260628016803,香港辰希电子商务有限公司,Men's Bottoms,Men's Shorts,非P0补充,增长,10+,高转化+高变现,滞销,https://p16-she-va.ibyteimg.com/tos-alisg-i-f7lenjegsh-sg/8d04acbae5274e65b9de5ae46c762a87~tplv-g9dfdl17fc-origin-image.image,https://shop.tiktok.com/view/product/1732463364198011177?region=US&locale=en,149.29,81.18,288.72,11,7,13.57,17.29,488,4.9,100.0%,0.0%,0.7%,6.2%,5.94,0.44,1件,/,/,是,否,是,非P0补充｜增长｜10+销量｜高转化+高变现,Aeolus rid=6082893 / sid=3062689,2026-08-08 21:52
B级观察,GB,1729400717038686049,S230629000118,石狮市杰时宇服装贸易有限公司,Men's Bottoms,Men's Shorts,丰富度P0,增长,10+,高点击+高转化+高变现,平销,https://p16-she-va.ibyteimg.com/tos-alisg-i-f7lenjegsh-sg/19e1acfb441e4c418b254f0247a3a247~tplv-g9dfdl17fc-origin-image.image,https://shop.tiktok.com/view/product/1729400717038686049?region=GB&locale=en,243.36,81.11,1272.92,26,7,9.36,13.17,192,4.5,100.0%,0.0%,2.2%,11.8%,28.05,2.65,1/2件,/,女装标准码,否,是,是,丰富度P0｜增长｜10+销量｜高点击+高转化+高变现,Aeolus rid=6082893 / sid=3062689,2026-08-08 21:52
B级观察,US,1730806383212008013,S250219014080,泉州峯旗信息科技有限公司,Men's Tops,T-shirts,丰富度P0,增长,破0件,高点击+高转化+高变现,滞销,https://p16-she-va.ibyteimg.com/tos-alisg-i-f7lenjegsh-sg/86d3cd5214424c0297bf1f2198669788~tplv-g9dfdl17fc-origin-image.image,https://shop.tiktok.com/view/product/1730806383212008013?region=US&locale=en,81.11,81.11,81.11,4,4,20.28,27.59,19,4.9,100.0%,0.0%,7.1%,8.0%,115.71,5.71,1件,/,/,否,否,是,丰富度P0｜增长｜破0件销量｜高点击+高转化+高变现,Aeolus rid=6082893 / sid=3062689,2026-08-08 21:52
B级观察,US,1731876908600562583,S251006007884,宁波乐仓电子商务有限公司,Men's Tops,Hoodies & Sweatshirts,丰富度P0,增长,破0件,高点击+高转化+高变现,滞销,https://p16-she-va.ibyteimg.com/tos-alisg-i-f7lenjegsh-sg/5183fbcae2e346db992ba2c19b6a36fd~tplv-g9dfdl17fc-origin-image.image,https://shop.tiktok.com/view/product/1731876908600562583?region=US&locale=en,103.42,80.94,210.74,6,5,17.24,28.99,8235,4.7,0.0%,0.0%,2.4%,4.7%,19.45,1.13,1件,/,/,是,否,否,丰富度P0｜增长｜破0件销量｜高点击+高转化+高变现,Aeolus rid=6082893 / sid=3062689,2026-08-08 21:52
B级观察,GB,1729756193259821140,S260122044189,铅山县本念贸易有限公司,Men's Suits & Sets,Men's Clothing Sets,非P0补充,增长,10+,高点击+高转化+高变现,平销,https://p16-she-va.ibyteimg.com/tos-alisg-i-f7lenjegsh-sg/12a5fde879824a42b7627709002ea0b2~tplv-g9dfdl17fc-origin-image.image,https://shop.tiktok.com/view/product/1729756193259821140?region=GB&locale=en,195.41,80.89,766.50,10,4,19.54,23.52,3007,4.7,0.0%,0.0%,3.8%,12.2%,91.70,4.69,1套,/,/,是,否,是,非P0补充｜增长｜10+销量｜高点击+高转化+高变现,Aeolus rid=6082893 / sid=3062689,2026-08-08 21:52
B级观察,GB,1729733430949354439,S251220097492,歐寧有限公司,Men's Tops,T-shirts,非P0补充,增长,10+,高点击+高转化+高变现,滞销,https://p16-she-va.ibyteimg.com/tos-alisg-i-f7lenjegsh-sg/e5a617ad40f740619b79fda27674c136~tplv-g9dfdl17fc-origin-image.image,https://shop.tiktok.com/view/product/1729733430949354439?region=GB&locale=en,157.13,80.78,520.43,15,7,10.48,13.44,2967,4.2,100.0%,0.0%,2.1%,10.9%,26.24,2.34,/,/,/,是,否,否,非P0补充｜增长｜10+销量｜高点击+高转化+高变现,Aeolus rid=6082893 / sid=3062689,2026-08-08 21:52
B级观察,GB,1729542526563293223,S250613012792,香港興樂悅貿易有限公司,Men's Tops,Shirts,丰富度P0,增长,10+,高点击+高转化+高变现,滞销,https://p16-she-va.ibyteimg.com/tos-alisg-i-f7lenjegsh-sg/907b9abe05a64e1e9099494476f0184a~tplv-g9dfdl17fc-origin-image.image,https://shop.tiktok.com/view/product/1729542526563293223?region=GB&locale=en,347.33,80.68,1467.46,20,4,17.37,20.83,61,4.7,25.0%,0.0%,5.0%,4.5%,38.86,2.24,1件,/,/,否,否,否,丰富度P0｜增长｜10+销量｜高点击+高转化+高变现,Aeolus rid=6082893 / sid=3062689,2026-08-08 21:52
B级观察,US,1732486786685768509,S260711011463,广州烽朔科技有限公司,Men's Bottoms,Men's Jeans,非P0补充,增长,破0件,高点击+高转化+高变现,冷启,https://p16-she-va.ibyteimg.com/tos-alisg-i-f7lenjegsh-sg/00038c5c5faa492aab6591b793594524~tplv-g9dfdl17fc-origin-image.image,https://shop.tiktok.com/view/product/1732486786685768509?region=US&locale=en,80.52,80.52,119.21,2,2,40.26,66.69,21,4.6,0.0%,0.0%,5.5%,22.2%,493.99,12.27,1件,/,/,是,否,是,非P0补充｜增长｜破0件销量｜高点击+高转化+高变现,Aeolus rid=6082893 / sid=3062689,2026-08-08 21:52
B级观察,US,1729482246360503646,S260129036442,上饶市上获贸易有限公司,Men's Suits & Sets,Men's Clothing Sets,非P0补充,增长,10+,高点击+高转化+高变现,滞销,https://p16-she-va.ibyteimg.com/tos-alisg-i-f7lenjegsh-sg/30e4aa0963e7476e8c7b40a07b08eb95~tplv-g9dfdl17fc-origin-image.image,https://shop.tiktok.com/view/product/1729482246360503646?region=US&locale=en,95.79,80.48,219.71,10,9,9.58,18.79,32980,4.5,0.0%,0.0%,5.5%,7.2%,37.85,3.95,1组,/,/,是,否,是,非P0补充｜增长｜10+销量｜高点击+高转化+高变现,Aeolus rid=6082893 / sid=3062689,2026-08-08 21:52
B级观察,US,1732395629488411261,S260512032499,广州与杰服饰有限公司,Men's Bottoms,Men's Jeans,丰富度P0,增长,10+,高点击+高转化+高变现,滞销,https://p16-she-va.ibyteimg.com/tos-alisg-i-f7lenjegsh-sg/09c4c9e094954d9185db15e0934854ae~tplv-g9dfdl17fc-origin-image.image,https://shop.tiktok.com/view/product/1732395629488411261?region=US&locale=en,283.67,80.42,951.95,11,3,25.79,36.19,9,4.2,100.0%,0.0%,4.8%,5.0%,62.93,2.44,1件,/,/,是,否,是,丰富度P0｜增长｜10+销量｜高点击+高转化+高变现,Aeolus rid=6082893 / sid=3062689,2026-08-08 21:52
B级观察,ES,1729774844675070347,S260306029163,慈溪哈珀服装有限公司,Men's Bottoms,Men's Shorts,丰富度P0,增长,破0件,高点击+高转化+高变现,爆品,https://p16-she-va.ibyteimg.com/tos-alisg-i-f7lenjegsh-sg/9088817c13104ecead7e2e6b04500887~tplv-g9dfdl17fc-origin-image.image,https://shop.tiktok.com/view/product/1729774844675070347?region=ES&locale=es,80.39,80.39,173.05,4,4,20.10,33.43,575,4.3,0.0%,0.0%,2.5%,4.6%,31.28,1.17,1件,/,/,否,否,是,丰富度P0｜增长｜破0件销量｜高点击+高转化+高变现,Aeolus rid=6082893 / sid=3062689,2026-08-08 21:52
B级观察,MX,1735373384985642935,S260430001036,上饶市中洲制美服饰有限公司,Men's Tops,Shirts,丰富度P0,增长,破0件,高点击+高变现,滞销,https://p16-she-va.ibyteimg.com/tos-alisg-i-f7lenjegsh-sg/7e2c18efa4c1496cba92e19e948614d4~tplv-g9dfdl17fc-origin-image.image,https://shop.tiktok.com/view/product/1735373384985642935?region=MX&locale=es,80.34,80.34,149.77,5,5,16.07,20.88,2455,4.5,100.0%,0.0%,5.3%,1.2%,10.36,0.64,/,/,/,是,否,是,丰富度P0｜增长｜破0件销量｜高点击+高变现,Aeolus rid=6082893 / sid=3062689,2026-08-08 21:52
B级观察,GB,1729873315683867543,S260714039925,宁波乐仓电子商务有限公司,Men's Bottoms,Men's Shorts,丰富度P0,增长,10+,高点击+高转化+高变现,平销,https://p16-she-va.ibyteimg.com/tos-alisg-i-f7lenjegsh-sg/6ce37cf0b2e54cd962a68df78e64bccb~tplv-g9dfdl17fc-origin-image.image,https://shop.tiktok.com/view/product/1729873315683867543?region=GB&locale=en,251.45,80.25,436.95,12,1,20.95,34.96,46991,4.0,0.0%,0.0%,3.8%,7.5%,64.86,2.84,2/1pcs,/,/,是,否,是,丰富度P0｜增长｜10+销量｜高点击+高转化+高变现,Aeolus rid=6082893 / sid=3062689,2026-08-08 21:52
B级观察,DE,1729605070094703068,S250812002503,深圳临犀贸易有限公司,Men's Bottoms,Men's Jeans,丰富度P0,增长,破0件,高点击+高转化+高变现,平销,https://p16-she-va.ibyteimg.com/tos-alisg-i-f7lenjegsh-sg/94b85f6c6539482c9ff3765a38f2da18~tplv-g9dfdl17fc-origin-image.image,https://shop.tiktok.com/view/product/1729605070094703068?region=DE&locale=de,80.22,80.22,164.10,2,2,40.11,54.76,146,4.4,0.0%,0.0%,2.2%,3.5%,31.49,0.79,1件,/,/,是,否,是,丰富度P0｜增长｜破0件销量｜高点击+高转化+高变现,Aeolus rid=6082893 / sid=3062689,2026-08-08 21:52
B级观察,US,1730277392429126346,S241130005694,杭州鑫山禾数码纺织技术有限责任公司,Men's Tops,Shirts,丰富度P0,增长,10+,高点击+高转化+高变现,平销,https://p16-she-va.ibyteimg.com/tos-alisg-i-f7lenjegsh-sg/ab90f34bcb0246b493137eaf4cc20b66~tplv-g9dfdl17fc-origin-image.image,https://shop.tiktok.com/view/product/1730277392429126346?region=US&locale=en,273.29,80.20,1365.04,23,6,11.88,19.99,39,3.9,66.7%,0.0%,4.0%,6.3%,30.30,2.55,1件,/,/,否,否,是,丰富度P0｜增长｜10+销量｜高点击+高转化+高变现,Aeolus rid=6082893 / sid=3062689,2026-08-08 21:52
B级观察,DE,1729495525701556419,S250415010023,于都琪璘酷品供应链管理有限公司,Men's Tops,Knitwear,丰富度P0,增长,破0件,高转化+高变现,爆品,https://p16-she-va.ibyteimg.com/tos-alisg-i-f7lenjegsh-sg/77c1424da4f448d9803a068bbb177c8e~tplv-g9dfdl17fc-origin-image.image,https://shop.tiktok.com/view/product/1729495525701556419?region=DE&locale=de,80.16,80.16,240.64,3,3,26.72,30.55,205,4.6,0.0%,0.0%,1.5%,2.9%,11.81,0.44,1件,/,/,否,否,否,丰富度P0｜增长｜破0件销量｜高转化+高变现,Aeolus rid=6082893 / sid=3062689,2026-08-08 21:52
B级观察,GB,1729765018221844821,S260208025827,广州市天河区悦贸时尚服饰店（个体工商户）,Men's Tops,T-shirts,非P0补充,增长,10+,高点击+高转化+高变现,平销,https://p16-she-va.ibyteimg.com/tos-alisg-i-f7lenjegsh-sg/35cf85620737441fa1fad4338d2eb6d4~tplv-g9dfdl17fc-origin-image.image,https://shop.tiktok.com/view/product/1729765018221844821?region=GB&locale=en,397.26,80.14,1196.78,41,7,9.69,14.11,3285,4.5,42.9%,0.0%,3.6%,5.7%,20.40,2.05,/,/,/,是,否,是,非P0补充｜增长｜10+销量｜高点击+高转化+高变现,Aeolus rid=6082893 / sid=3062689,2026-08-08 21:52
B级观察,US,1729485193625573304,S260128083413,广州市增城坦爵服装商行,Men's Bottoms,Men's Jeans,丰富度P0,增长,破0件,高转化+高变现,滞销,https://p16-she-va.ibyteimg.com/tos-alisg-i-f7lenjegsh-sg/c6cb68a604fa440c968062e1a1b3cac3~tplv-g9dfdl17fc-origin-image.image,https://shop.tiktok.com/view/product/1729485193625573304?region=US&locale=en,205.96,80.07,746.53,9,3,22.88,32.69,26,4.5,0.0%,0.0%,1.9%,5.3%,25.53,0.99,1件,/,/,否,否,是,丰富度P0｜增长｜破0件销量｜高转化+高变现,Aeolus rid=6082893 / sid=3062689,2026-08-08 21:52
B级观察,FR,1729613461276301935,S250813031263,广州欧牌服装有限公司,Men's Bottoms,Men's Pants,非P0补充,增长,破0件,高点击+高转化+高变现,滞销,https://p16-she-va.ibyteimg.com/tos-alisg-i-f7lenjegsh-sg/c7ae849de17e4d14bde0a84bc36ee2d6~tplv-g9dfdl17fc-origin-image.image,https://shop.tiktok.com/view/product/1729613461276301935?region=FR&locale=fr,80.06,80.06,80.06,2,2,40.03,53.61,11,4.4,0.0%,0.0%,6.6%,18.2%,482.26,12.05,1件,/,/,否,否,是,非P0补充｜增长｜破0件销量｜高点击+高转化+高变现,Aeolus rid=6082893 / sid=3062689,2026-08-08 21:52
B级观察,DE,1729745538805438883,S260106072922,佛山市唯拓服饰有限公司,Men's Tops,T-shirts,丰富度P0,增长,10+,高点击+高转化+高变现,爆品,https://p16-she-va.ibyteimg.com/tos-alisg-i-f7lenjegsh-sg/3ebdead8a2d444e49079d81e995e8bbc~tplv-g9dfdl17fc-origin-image.image,https://shop.tiktok.com/view/product/1729745538805438883?region=DE&locale=de,268.66,80.04,782.04,17,5,15.80,26.51,137,4.5,0.0%,0.0%,3.0%,4.5%,20.82,1.32,1件,/,/,是,否,否,丰富度P0｜增长｜10+销量｜高点击+高转化+高变现,Aeolus rid=6082893 / sid=3062689,2026-08-08 21:52
B级观察,GB,1729865283004701447,S260702027629,广州市天河区潮往男装服装店（个体工商户）,Men's Tops,Hoodies & Sweatshirts,丰富度P0,增长,破0件,高点击+高转化+高变现,滞销,https://p16-she-va.ibyteimg.com/tos-alisg-i-f7lenjegsh-sg/304362e1795744d589c7a7abc98bd54e~tplv-g9dfdl17fc-origin-image.image,https://shop.tiktok.com/view/product/1729865283004701447?region=GB&locale=en,80.00,80.00,80.00,4,4,20.00,26.62,5239,4.5,0.0%,0.0%,4.0%,13.8%,109.89,5.49,1件,/,/,是,否,是,丰富度P0｜增长｜破0件销量｜高点击+高转化+高变现,Aeolus rid=6082893 / sid=3062689,2026-08-08 21:52
B级观察,US,1732290968224174869,S260315010761,广州市番禺区品瀚服饰商行（个体工商户）,Men's Tops,Vests,非P0补充,增长,破0件,高点击+高转化+高变现,滞销,https://p16-she-va.ibyteimg.com/tos-alisg-i-f7lenjegsh-sg/f61d0a767dab403ebd2f7eee6ce0258e~tplv-g9dfdl17fc-origin-image.image,https://shop.tiktok.com/view/product/1732290968224174869?region=US&locale=en,117.54,80.00,282.11,6,4,19.59,26.79,1217,4.8,0.0%,0.0%,3.4%,15.6%,124.78,5.31,1件,/,/,是,否,是,非P0补充｜增长｜破0件销量｜高点击+高转化+高变现,Aeolus rid=6082893 / sid=3062689,2026-08-08 21:52
B级观察,US,1732256348153155846,S260123043951,广州市黄埔区挚造时尚服装店（个体工商户）,Men's Tops,Vests,非P0补充,增长,破0件,高点击+高转化+高变现,滞销,https://p16-she-va.ibyteimg.com/tos-alisg-i-f7lenjegsh-sg/64e964147bfc44079429717e424ea6ac~tplv-g9dfdl17fc-origin-image.image,https://shop.tiktok.com/view/product/1732256348153155846?region=US&locale=en,106.83,79.95,327.08,7,5,15.26,24.89,2010,4.0,0.0%,0.0%,3.4%,18.8%,114.26,6.42,1件,/,/,是,否,是,非P0补充｜增长｜破0件销量｜高点击+高转化+高变现,Aeolus rid=6082893 / sid=3062689,2026-08-08 21:52
B级观察,US,1732409393377939959,S260507015466,义乌市栗愫电子商务有限公司,Men's Islamic Clothing,Robes,丰富度P0,增长,破0件,高点击+高转化+高变现,滞销,https://p16-she-va.ibyteimg.com/tos-alisg-i-f7lenjegsh-sg/d604d5cbe819456b98714a9be21d2bef~tplv-g9dfdl17fc-origin-image.image,https://shop.tiktok.com/view/product/1732409393377939959?region=US&locale=en,79.93,79.93,79.93,4,4,19.98,37.39,195,4.4,0.0%,0.0%,7.4%,7.3%,107.14,5.36,1件套,/,/,是,否,是,丰富度P0｜增长｜破0件销量｜高点击+高转化+高变现,Aeolus rid=6082893 / sid=3062689,2026-08-08 21:52
B级观察,FR,1729756849028176807,S260123056326,凱儷有限公司,Men's Tops,T-shirts,非P0补充,增长,破0件,高转化+高变现,滞销,https://p16-she-va.ibyteimg.com/tos-alisg-i-f7lenjegsh-sg/887847f925854a8b9491437e10825253~tplv-g9dfdl17fc-origin-image.image,https://shop.tiktok.com/view/product/1729756849028176807?region=FR&locale=fr,79.88,79.88,79.88,4,4,19.97,23.63,9949,4.1,0.0%,0.0%,1.6%,37.5%,164.71,6.19,1件,/,/,是,否,是,非P0补充｜增长｜破0件销量｜高转化+高变现,Aeolus rid=6082893 / sid=3062689,2026-08-08 21:52
B级观察,FR,1729531521769773830,S250412005647,广州梓康服饰有限公司,Men's Suits & Sets,Men's Clothing Sets,丰富度P0,增长,破0件,高点击+高转化+高变现,滞销,https://p16-she-va.ibyteimg.com/tos-alisg-i-f7lenjegsh-sg/3c5c97e845b0434b88765da109ede804~tplv-g9dfdl17fc-origin-image.image,https://shop.tiktok.com/view/product/1729531521769773830?region=FR&locale=fr,139.93,79.71,385.82,7,4,19.99,36.89,147,4.6,100.0%,0.0%,3.2%,4.5%,34.07,1.46,2件套,/,/,否,否,是,丰富度P0｜增长｜破0件销量｜高点击+高转化+高变现,Aeolus rid=6082893 / sid=3062689,2026-08-08 21:52
B级观察,US,1731681609294582285,S250826033524,石狮韵茵服装有限公司,Men's Tops,Jackets & Coats,非P0补充,增长,破0件,高点击+高转化+高变现,滞销,https://p16-she-va.ibyteimg.com/tos-alisg-i-f7lenjegsh-sg/b16984f9ae5e49588d7a521887e59ccd~tplv-g9dfdl17fc-origin-image.image,https://shop.tiktok.com/view/product/1731681609294582285?region=US&locale=en,79.70,79.69,117.45,3,2,26.57,32.49,1213,4.7,0.0%,0.0%,3.5%,2.7%,24.52,0.92,1件,/,/,是,否,否,非P0补充｜增长｜破0件销量｜高点击+高转化+高变现,Aeolus rid=6082893 / sid=3062689,2026-08-08 21:52
B级观察,IT,1729489400049211587,S250302008249,于都琪璘酷品供应链管理有限公司,Men's Tops,Polo Shirts,丰富度P0,增长,10+,高点击+高变现,大爆,https://p16-she-va.ibyteimg.com/tos-maliva-i-g9dfdl17fc-us/5b516d9b483f4ea78d1be6e283df4246~tplv-g9dfdl17fc-origin-image.image,https://shop.tiktok.com/view/product/1729489400049211587?region=IT&locale=it,322.96,79.68,1422.12,10,3,32.30,66.29,611,4.6,33.3%,0.0%,2.1%,2.0%,13.50,0.42,3件,/,/,否,否,是,丰富度P0｜增长｜10+销量｜高点击+高变现,Aeolus rid=6082893 / sid=3062689,2026-08-08 21:52
B级观察,US,1729622647124234986,S240827006638,广州市天河区颜绮商品零售店（个体工商户）,Men's Tops,Hoodies & Sweatshirts,丰富度P0,增长,破0件,高转化+高变现,滞销,https://p16-she-va.ibyteimg.com/tos-alisg-i-f7lenjegsh-sg/9f52f45636f946088289e326a7da5519~tplv-g9dfdl17fc-origin-image.image,https://shop.tiktok.com/view/product/1729622647124234986?region=US&locale=en,79.65,79.65,136.08,3,3,26.55,41.49,10007,4.6,0.0%,0.0%,1.0%,5.0%,13.06,0.49,1/2件,/,女装标准码,是,否,是,丰富度P0｜增长｜破0件销量｜高转化+高变现,Aeolus rid=6082893 / sid=3062689,2026-08-08 21:52
B级观察,US,1729495902102656165,S260302054827,宁波逸拓电子商务有限公司,Men's Bottoms,Men's Shorts,非P0补充,增长,破0件,高点击+高转化+高变现,滞销,https://p16-she-va.ibyteimg.com/tos-alisg-i-f7lenjegsh-sg/531140f8f6f44a83aebdfcccc1cd6dbf~tplv-g9dfdl17fc-origin-image.image,https://shop.tiktok.com/view/product/1729495902102656165?region=US&locale=en,79.61,79.61,105.71,7,7,11.37,22.19,1190,3.9,0.0%,0.0%,5.9%,166.7%,1560.98,98.04,1条,/,/,是,否,否,非P0补充｜增长｜破0件销量｜高点击+高转化+高变现,Aeolus rid=6082893 / sid=3062689,2026-08-08 21:52
B级观察,PL,1729873034390510533,S260623015873,泉州市嵩盼商贸有限公司,Men's Bottoms,Men's Shorts,丰富度P0,增长,破0件,高点击+高变现,大爆,https://p16-she-va.ibyteimg.com/tos-alisg-i-f7lenjegsh-sg/f8ddf69868324e13bdabfbe5960bcc34~tplv-g9dfdl17fc-origin-image.image,https://shop.tiktok.com/view/product/1729873034390510533?region=PL&locale=pl,148.05,79.59,216.51,5,3,29.61,30.20,79221,3.8,0.0%,0.0%,2.7%,0.6%,4.70,0.16,1/3,/,/,是,否,是,丰富度P0｜增长｜破0件销量｜高点击+高变现,Aeolus rid=6082893 / sid=3062689,2026-08-08 21:52
B级观察,GB,1729756828004423897,S260123050332,广州浮顾纯服饰有限公司,Men's Bottoms,Men's Shorts,丰富度P0,增长,破0件,高点击+高转化+高变现,爆品,https://p16-she-va.ibyteimg.com/tos-alisg-i-f7lenjegsh-sg/8e83eff8af5c4330af616a4d0a60142f~tplv-g9dfdl17fc-origin-image.image,https://shop.tiktok.com/view/product/1729756828004423897?region=GB&locale=en,150.81,79.59,381.40,6,3,25.13,29.31,43,4.6,0.0%,0.0%,4.2%,5.9%,63.31,2.52,1件,/,/,否,否,是,丰富度P0｜增长｜破0件销量｜高点击+高转化+高变现,Aeolus rid=6082893 / sid=3062689,2026-08-08 21:52
B级观察,US,1732174277791814095,S251225044449,义乌市峙山电子商务有限公司,Men's Tops,T-shirts,丰富度P0,增长,破0件,高点击+高转化+高变现,滞销,https://p16-she-va.ibyteimg.com/tos-alisg-i-f7lenjegsh-sg/f4a3c50e9ff54013ac77eb3915293e3b~tplv-g9dfdl17fc-origin-image.image,https://shop.tiktok.com/view/product/1732174277791814095?region=US&locale=en,102.55,79.59,125.51,6,5,17.09,31.19,4,4.6,0.0%,0.0%,5.0%,9.5%,81.26,4.75,4件,/,/,否,否,是,丰富度P0｜增长｜破0件销量｜高点击+高转化+高变现,Aeolus rid=6082893 / sid=3062689,2026-08-08 21:52
B级观察,US,1732058196788745087,S251116041074,广州市黄埔区逸廷服饰商行（个体工商户）,Men's Bottoms,Men's Pants,非P0补充,增长,10+,高点击+高转化+高变现,滞销,https://p16-she-va.ibyteimg.com/tos-alisg-i-f7lenjegsh-sg/a13500c2be6545d78d878ad053478563~tplv-g9dfdl17fc-origin-image.image,https://shop.tiktok.com/view/product/1732058196788745087?region=US&locale=en,440.57,79.39,1581.32,25,6,17.62,23.49,2142,3.9,28.6%,0.0%,5.0%,5.4%,47.14,2.67,1件,/,/,是,否,否,非P0补充｜增长｜10+销量｜高点击+高转化+高变现,Aeolus rid=6082893 / sid=3062689,2026-08-08 21:52
B级观察,US,1732313725565243921,S260331033639,广州市十杈柏服饰有限公司,Men's Bottoms,Men's Jeans,非P0补充,增长,破0件,高点击+高转化+高变现,滞销,https://p16-she-va.ibyteimg.com/tos-alisg-i-f7lenjegsh-sg/b40b70e93a734c668b16f6c36af549ac~tplv-g9dfdl17fc-origin-image.image,https://shop.tiktok.com/view/product/1732313725565243921?region=US&locale=en,107.26,79.37,135.15,5,4,21.45,37.59,115,4.6,0.0%,0.0%,3.2%,16.7%,145.14,5.41,1件,/,/,是,否,否,非P0补充｜增长｜破0件销量｜高点击+高转化+高变现,Aeolus rid=6082893 / sid=3062689,2026-08-08 21:52
B级观察,US,1729577735579865287,S240730000165,香港墨韻貿易有限公司,Men's Tops,Polo Shirts,丰富度P0,增长,破0件,高点击+高转化+高变现,滞销,https://p16-she-va.ibyteimg.com/tos-alisg-i-f7lenjegsh-sg/8615abdb1c734469a2cd287216374d92~tplv-g9dfdl17fc-origin-image.image,https://shop.tiktok.com/view/product/1729577735579865287?region=US&locale=en,79.29,79.29,272.86,2,2,39.65,70.49,17,4.0,0.0%,0.0%,4.5%,2.6%,46.40,1.17,4件,/,女装标准码,否,否,是,丰富度P0｜增长｜破0件销量｜高点击+高转化+高变现,Aeolus rid=6082893 / sid=3062689,2026-08-08 21:52
B级观察,FR,1729880653281859768,S260725007248,海丰县城东镇鹏力电子商务,Men's Suits & Sets,Men's Suits,非P0补充,增长,破0件,高点击+高转化+高变现,冷启,https://p16-she-va.ibyteimg.com/tos-alisg-i-f7lenjegsh-sg/b20ce44f6eb74bc18a4f3f69ef4c4709~tplv-g9dfdl17fc-origin-image.image,https://shop.tiktok.com/view/product/1729880653281859768?region=FR&locale=fr,79.24,79.24,79.24,1,1,79.24,157.39,3499,4.2,0.0%,0.0%,4.8%,5.6%,211.32,2.67,3件套,/,/,是,否,是,非P0补充｜增长｜破0件销量｜高点击+高转化+高变现,Aeolus rid=6082893 / sid=3062689,2026-08-08 21:52
B级观察,FR,1729827322481122008,S260508033887,上饶迅能电子商务有限公司,Men's Suits & Sets,Men's Clothing Sets,丰富度P0,增长,破0件,高点击+高转化+高变现,滞销,https://p16-she-va.ibyteimg.com/tos-alisg-i-f7lenjegsh-sg/40e0bdacfdd04ac2a47d0e7227f5105f~tplv-g9dfdl17fc-origin-image.image,https://shop.tiktok.com/view/product/1729827322481122008?region=FR&locale=fr,79.23,79.23,190.02,2,2,39.61,54.18,885,3.9,100.0%,0.0%,3.4%,3.7%,49.45,1.25,1组,/,/,是,否,是,丰富度P0｜增长｜破0件销量｜高点击+高转化+高变现,Aeolus rid=6082893 / sid=3062689,2026-08-08 21:52
B级观察,GB,1729611563993962972,S250818005066,深圳临犀贸易有限公司,Men's Bottoms,Men's Shorts,丰富度P0,增长,破0件,高点击+高转化+高变现,滞销,https://p16-she-va.ibyteimg.com/tos-alisg-i-f7lenjegsh-sg/3f579571cb8242e585428d4782fdd090~tplv-g9dfdl17fc-origin-image.image,https://shop.tiktok.com/view/product/1729611563993962972?region=GB&locale=en,109.79,78.98,259.80,6,4,18.30,29.31,335,4.6,0.0%,0.0%,4.6%,7.1%,59.67,3.26,1件,/,/,是,否,否,丰富度P0｜增长｜破0件销量｜高点击+高转化+高变现,Aeolus rid=6082893 / sid=3062689,2026-08-08 21:52
B级观察,DE,1729875223562131963,S260717004313,慈溪烨沁服装厂（个体工商户）,Men's Bottoms,Men's Pants,丰富度P0,增长,破0件,高转化+高变现,平销,https://p16-she-va.ibyteimg.com/tos-alisg-i-f7lenjegsh-sg/8a5ea41926904172924a0522fc117c2d~tplv-g9dfdl17fc-origin-image.image,https://shop.tiktok.com/view/product/1729875223562131963?region=DE&locale=de,78.92,78.92,78.92,3,3,26.31,39.19,364,4.2,0.0%,0.0%,1.6%,4.1%,16.73,0.64,/,/,/,是,否,是,丰富度P0｜增长｜破0件销量｜高转化+高变现,Aeolus rid=6082893 / sid=3062689,2026-08-08 21:52
B级观察,US,1732434922198962393,S260609033342,广州浮顾纯服饰有限公司,Men's Bottoms,Men's Shorts,丰富度P0,增长,破0件,高点击+高转化+高变现,滞销,https://p16-she-va.ibyteimg.com/tos-alisg-i-f7lenjegsh-sg/b8d8e80110584642abf308c01ce2cdb5~tplv-g9dfdl17fc-origin-image.image,https://shop.tiktok.com/view/product/1732434922198962393?region=US&locale=en,78.85,78.85,126.99,4,4,19.71,32.29,109,4.4,0.0%,0.0%,2.9%,11.1%,63.64,3.23,1件,/,/,是,否,是,丰富度P0｜增长｜破0件销量｜高点击+高转化+高变现,Aeolus rid=6082893 / sid=3062689,2026-08-08 21:52
B级观察,GB,1729766084489288632,S260203056354,广州市增城坦爵服装商行,Men's Bottoms,Men's Jeans,丰富度P0,增长,10+,高点击+高变现,爆品,https://p16-she-va.ibyteimg.com/tos-alisg-i-f7lenjegsh-sg/32d1bd13ba814160bd845258ec65907c~tplv-g9dfdl17fc-origin-image.image,https://shop.tiktok.com/view/product/1729766084489288632?region=GB&locale=en,861.74,78.72,3105.61,47,2,18.33,32.67,136,4.4,33.3%,0.0%,2.0%,1.8%,6.75,0.36,1件,/,/,否,否,是,丰富度P0｜增长｜10+销量｜高点击+高变现,Aeolus rid=6082893 / sid=3062689,2026-08-08 21:52
B级观察,US,1732283460292808939,S260302043600,石狮市星悦新服装店（个体工商户）,Men's Bottoms,Men's Pants,非P0补充,增长,破0件,高点击+高转化+高变现,滞销,https://p16-she-va.ibyteimg.com/tos-alisg-i-f7lenjegsh-sg/26d9186d7ecc4fe5af29cb3167b49dd0~tplv-g9dfdl17fc-origin-image.image,https://shop.tiktok.com/view/product/1732283460292808939?region=US&locale=en,94.97,78.71,137.63,4,3,23.74,31.89,130,4.4,0.0%,0.0%,2.4%,7.0%,40.38,1.70,1件,/,/,是,否,否,非P0补充｜增长｜破0件销量｜高点击+高转化+高变现,Aeolus rid=6082893 / sid=3062689,2026-08-08 21:52
B级观察,US,1729489446294755147,S260203016085,佛山市芬芬盈亿服饰有限公司,Men's Tops,T-shirts,非P0补充,增长,10+,高点击+高转化+高变现,平销,https://p16-she-va.ibyteimg.com/tos-alisg-i-f7lenjegsh-sg/ecbf307fe9604df8ab515f03c4e89508~tplv-g9dfdl17fc-origin-image.image,https://shop.tiktok.com/view/product/1729489446294755147?region=US&locale=en,350.02,78.70,1348.94,20,1,17.50,25.69,41,5.0,0.0%,0.0%,2.7%,5.3%,25.05,1.43,1件,/,/,否,否,否,非P0补充｜增长｜10+销量｜高点击+高转化+高变现,Aeolus rid=6082893 / sid=3062689,2026-08-08 21:52
B级观察,US,1729692472679633642,S240930005065,广州市天河区颜绮商品零售店（个体工商户）,Men's Tops,Hoodies & Sweatshirts,丰富度P0,增长,破0件,高转化+高变现,滞销,https://p16-she-va.ibyteimg.com/tos-alisg-i-f7lenjegsh-sg/7cd6a53421d54f1cb0d8bf9ac0ae8fe2~tplv-g9dfdl17fc-origin-image.image,https://shop.tiktok.com/view/product/1729692472679633642?region=US&locale=en,139.83,78.67,290.92,8,5,17.48,29.59,71,4.6,0.0%,0.0%,1.8%,6.2%,19.12,1.09,1件,/,/,否,否,是,丰富度P0｜增长｜破0件销量｜高转化+高变现,Aeolus rid=6082893 / sid=3062689,2026-08-08 21:52
B级观察,US,1732251385696129326,S260121054667,广州市荔湾区夏序商贸商行（个体工商户）,Men's Tops,T-shirts,非P0补充,增长,破0件,高点击+高转化+高变现,滞销,https://p16-she-va.ibyteimg.com/tos-alisg-i-f7lenjegsh-sg/e01889b034dd47d8ac9f380289a4c43d~tplv-g9dfdl17fc-origin-image.image,https://shop.tiktok.com/view/product/1732251385696129326?region=US&locale=en,78.58,78.58,78.58,2,2,39.29,75.19,1288,3.8,0.0%,0.0%,3.1%,9.1%,111.94,2.85,/,/,/,是,否,是,非P0补充｜增长｜破0件销量｜高点击+高转化+高变现,Aeolus rid=6082893 / sid=3062689,2026-08-08 21:52
B级观察,US,1732189208663069525,S260101020651,苏州宇煌霓裳贸易有限公司,Men's Bottoms,Men's Pants,非P0补充,增长,破0件,高转化+高变现,滞销,https://p16-she-va.ibyteimg.com/tos-alisg-i-f7lenjegsh-sg/3a8ffbb5ba5a4b64a69933485cbf87d2~tplv-g9dfdl17fc-origin-image.image,https://shop.tiktok.com/view/product/1732189208663069525?region=US&locale=en,78.57,78.57,111.88,3,3,26.19,44.39,7480,3.8,0.0%,0.0%,1.7%,5.7%,25.49,0.97,2件,/,/,是,否,是,非P0补充｜增长｜破0件销量｜高转化+高变现,Aeolus rid=6082893 / sid=3062689,2026-08-08 21:52
B级观察,US,1732447359922770763,S260617021681,佛山市芬芬盈亿服饰有限公司,Men's Tops,Polo Shirts,非P0补充,增长,破0件,高点击+高转化+高变现,滞销,https://p16-she-va.ibyteimg.com/tos-alisg-i-f7lenjegsh-sg/dbef6abd4f1342eeb4b5d59b8e47857c~tplv-g9dfdl17fc-origin-image.image,https://shop.tiktok.com/view/product/1732447359922770763?region=US&locale=en,124.71,78.54,276.75,7,4,17.82,21.49,3,5.0,0.0%,0.0%,6.3%,5.6%,62.39,3.50,1件,/,/,否,否,是,非P0补充｜增长｜破0件销量｜高点击+高转化+高变现,Aeolus rid=6082893 / sid=3062689,2026-08-08 21:52
B级观察,US,1732136079052411159,S251210099344,广州市番禺区珺才服饰商行（个体工商户）,Men's Tops,T-shirts,非P0补充,增长,破0件,高转化+高变现,滞销,https://p16-she-va.ibyteimg.com/tos-alisg-i-f7lenjegsh-sg/f0005325b0d14cafb13a50414e487f04~tplv-g9dfdl17fc-origin-image.image,https://shop.tiktok.com/view/product/1732136079052411159?region=US&locale=en,78.47,78.47,88.74,4,4,19.62,17.29,3696,4.9,0.0%,0.0%,1.0%,20.0%,38.07,1.94,1件,/,/,是,否,是,非P0补充｜增长｜破0件销量｜高转化+高变现,Aeolus rid=6082893 / sid=3062689,2026-08-08 21:52
B级观察,GB,1729630172792724353,S250909007374,晋江市新塘骏腾服装店,Men's Suits & Sets,Men's Clothing Sets,非P0补充,增长,破0件,高点击+高转化+高变现,滞销,https://p16-she-va.ibyteimg.com/tos-alisg-i-f7lenjegsh-sg/9e4e7498adc3479690db6681c2b9893d~tplv-g9dfdl17fc-origin-image.image,https://shop.tiktok.com/view/product/1729630172792724353?region=GB&locale=en,109.56,78.28,223.65,4,3,27.39,60.51,16238,4.4,0.0%,0.0%,4.6%,3.8%,48.01,1.75,2件套,/,/,是,否,是,非P0补充｜增长｜破0件销量｜高点击+高转化+高变现,Aeolus rid=6082893 / sid=3062689,2026-08-08 21:52
B级观察,US,1729486673978365312,S260201024598,广州市黄埔区海织电子商务商行（个体工商户）,Men's Bottoms,Men's Pants,丰富度P0,增长,破0件,高点击+高转化+高变现,滞销,https://p16-she-va.ibyteimg.com/tos-alisg-i-f7lenjegsh-sg/b856982989a549f0ad45bec39469ba7e~tplv-g9dfdl17fc-origin-image.image,https://shop.tiktok.com/view/product/1729486673978365312?region=US&locale=en,78.21,78.21,124.17,4,4,19.55,23.69,155,4.5,0.0%,0.0%,3.6%,3.7%,26.37,1.35,1件,/,/,是,否,是,丰富度P0｜增长｜破0件销量｜高点击+高转化+高变现,Aeolus rid=6082893 / sid=3062689,2026-08-08 21:52
B级观察,ES,1729726374071605901,S251211111609,石狮市男格爵士贸易有限公司,Men's Tops,Vests,非P0补充,增长,破0件,高点击+高转化+高变现,滞销,https://p16-she-va.ibyteimg.com/tos-alisg-i-f7lenjegsh-sg/03c1e1b56d8b4d5592a24eb7b1fbe8d7~tplv-g9dfdl17fc-origin-image.image,https://shop.tiktok.com/view/product/1729726374071605901?region=ES&locale=es,77.94,77.94,334.07,2,2,38.97,41.50,5672,4.5,0.0%,0.0%,3.6%,2.2%,31.24,0.80,3PCS/4PCS/5PCS,/,/,是,否,是,非P0补充｜增长｜破0件销量｜高点击+高转化+高变现,Aeolus rid=6082893 / sid=3062689,2026-08-08 21:52
B级观察,ES,1729504453427108795,S250411004741,石狮市君浮商贸有限公司,Men's Tops,Vests,非P0补充,增长,破0件,高转化+高变现,平销,https://p16-she-va.ibyteimg.com/tos-alisg-i-f7lenjegsh-sg/a463bf74b36444db87596ec66ae28105~tplv-g9dfdl17fc-origin-image.image,https://shop.tiktok.com/view/product/1729504453427108795?region=ES&locale=es,115.66,77.89,638.10,4,3,28.92,20.17,10508,4.3,0.0%,0.0%,1.7%,2.8%,13.66,0.47,1/2/3/6件,/,/,是,否,是,非P0补充｜增长｜破0件销量｜高转化+高变现,Aeolus rid=6082893 / sid=3062689,2026-08-08 21:52
B级观察,GB,1729873410323749117,S260715002871,广州市番禺区鑫鸿婷服饰商行（个体工商户）,Men's Suits & Sets,Men's Suits,非P0补充,增长,破0件,高点击+高变现,平销,https://p16-she-va.ibyteimg.com/tos-alisg-i-f7lenjegsh-sg/1e91273049cc45c3a5e66beedefebbc2~tplv-g9dfdl17fc-origin-image.image,https://shop.tiktok.com/view/product/1729873410323749117?region=GB&locale=en,77.89,77.89,148.61,2,2,38.94,86.07,899,4.4,0.0%,0.0%,4.7%,1.3%,23.21,0.60,2件套,/,/,是,否,是,非P0补充｜增长｜破0件销量｜高点击+高变现,Aeolus rid=6082893 / sid=3062689,2026-08-08 21:52
B级观察,US,1730509644907123553,S250104005974,石狮市杰时宇服装贸易有限公司,Men's Bottoms,Men's Pants,非P0补充,增长,破0件,高点击+高转化+高变现,滞销,https://p16-she-va.ibyteimg.com/tos-alisg-i-f7lenjegsh-sg/15e19f2a5438409687e65294ac1b27fd~tplv-g9dfdl17fc-origin-image.image,https://shop.tiktok.com/view/product/1730509644907123553?region=US&locale=en,77.82,77.82,307.86,1,1,77.82,102.39,5,4.6,0.0%,0.0%,9.6%,2.4%,177.67,2.28,5件套,/,/,否,否,是,非P0补充｜增长｜破0件销量｜高点击+高转化+高变现,Aeolus rid=6082893 / sid=3062689,2026-08-08 21:52
B级观察,IT,1729772152465103800,S260203056354,广州市增城坦爵服装商行,Men's Bottoms,Men's Jeans,丰富度P0,增长,破0件,高点击+高变现,爆品,https://p16-she-va.ibyteimg.com/tos-alisg-i-f7lenjegsh-sg/32d1bd13ba814160bd845258ec65907c~tplv-g9dfdl17fc-origin-image.image,https://shop.tiktok.com/view/product/1729772152465103800?region=IT&locale=it,77.64,77.64,160.25,2,2,38.82,50.15,136,4.6,100.0%,0.0%,4.1%,1.0%,15.27,0.39,1件,/,/,否,否,是,丰富度P0｜增长｜破0件销量｜高点击+高变现,Aeolus rid=6082893 / sid=3062689,2026-08-08 21:52
B级观察,IT,1729487289945987751,S240908004455,石狮市谦莫服饰有限公司,Men's Bottoms,Men's Pants,丰富度P0,增长,破0件,高点击,大爆,https://p16-she-va.ibyteimg.com/tos-alisg-i-f7lenjegsh-sg/589c281faa92496a86c79517d99165f1~tplv-g9dfdl17fc-origin-image.image,https://shop.tiktok.com/view/product/1729487289945987751?region=IT&locale=it,105.64,77.63,193.87,3,2,35.21,36.89,600,4.3,100.0%,0.0%,4.9%,0.1%,1.49,0.04,1/2/3,/,女装标准码,是,否,是,丰富度P0｜增长｜破0件销量｜高点击,Aeolus rid=6082893 / sid=3062689,2026-08-08 21:52
B级观察,IT,1729482417209317635,S250326010744,义乌市营航贸易有限公司,Men's Bottoms,Men's Pants,丰富度P0,增长,破0件,高转化+高变现,爆品,https://p16-she-va.ibyteimg.com/tos-alisg-i-f7lenjegsh-sg/637182c6e7eb4919976632e280764499~tplv-g9dfdl17fc-origin-image.image,https://shop.tiktok.com/view/product/1729482417209317635?region=IT&locale=it,77.47,77.47,183.69,3,3,25.82,31.70,230,4.5,0.0%,0.0%,1.2%,4.9%,14.71,0.57,/,/,/,是,否,否,丰富度P0｜增长｜破0件销量｜高转化+高变现,Aeolus rid=6082893 / sid=3062689,2026-08-08 21:52
B级观察,DE,1729791977857587693,S260402062848,厦门市集美区侧瓣奈电子商务商行（个体工商户）,Men's Bottoms,Men's Pants,丰富度P0,增长,破0件,高变现,滞销,https://p16-she-va.ibyteimg.com/tos-alisg-i-f7lenjegsh-sg/2d006daf43804fb0897e638a57be5663~tplv-g9dfdl17fc-origin-image.image,https://shop.tiktok.com/view/product/1729791977857587693?region=DE&locale=de,129.22,77.44,647.79,4,2,32.31,38.62,39,4.4,0.0%,0.0%,0.7%,1.4%,2.99,0.09,/,/,/,是,否,是,丰富度P0｜增长｜破0件销量｜高变现,Aeolus rid=6082893 / sid=3062689,2026-08-08 21:52
B级观察,GB,1729869421181770503,S260709026835,广州市天河区潮往男装服装店（个体工商户）,Men's Bottoms,Men's Pants,丰富度P0,增长,破0件,高点击+高转化+高变现,平销,https://p16-she-va.ibyteimg.com/tos-alisg-i-f7lenjegsh-sg/cb2f694583234e57838c76c64a99c0ca~tplv-g9dfdl17fc-origin-image.image,https://shop.tiktok.com/view/product/1729869421181770503?region=GB&locale=en,112.82,77.33,158.38,7,5,16.12,21.91,3490,4.5,0.0%,0.0%,3.3%,5.2%,28.00,1.74,/,/,/,是,否,是,丰富度P0｜增长｜破0件销量｜高点击+高转化+高变现,Aeolus rid=6082893 / sid=3062689,2026-08-08 21:52
B级观察,ES,1729651037604845787,S250919047458,广州市侃耶服装有限公司,Men's Bottoms,Men's Jeans,非P0补充,增长,破0件,高点击+高转化+高变现,滞销,https://p16-she-va.ibyteimg.com/tos-alisg-i-f7lenjegsh-sg/9dfcba241f2e47878dd7c0626696c0c3~tplv-g9dfdl17fc-origin-image.image,https://shop.tiktok.com/view/product/1729651037604845787?region=ES&locale=es,77.13,77.13,113.40,2,2,38.56,50.15,6,3.9,0.0%,0.0%,3.5%,2.4%,33.07,0.86,1件,/,/,否,否,否,非P0补充｜增长｜破0件销量｜高点击+高转化+高变现,Aeolus rid=6082893 / sid=3062689,2026-08-08 21:52
B级观察,US,1731391678732341981,S250610006339,广州市黄埔区庭翰纺织品商行（个体工商户）,Men's Tops,T-shirts,非P0补充,增长,10+,高点击+高转化+高变现,滞销,https://p16-she-va.ibyteimg.com/tos-alisg-i-f7lenjegsh-sg/2237d858d1c94900ab9984c55dd928db~tplv-g9dfdl17fc-origin-image.image,https://shop.tiktok.com/view/product/1731391678732341981?region=US&locale=en,366.49,77.12,1258.11,21,4,17.45,23.89,17,4.7,0.0%,0.0%,5.4%,3.9%,37.48,2.15,1件,/,/,是,否,否,非P0补充｜增长｜10+销量｜高点击+高转化+高变现,Aeolus rid=6082893 / sid=3062689,2026-08-08 21:52
B级观察,US,1731784788072435767,S250917010469,广州辉旺电子商务有限公司,Men's Bottoms,Men's Pants,非P0补充,增长,破0件,高点击+高变现,滞销,https://p16-she-va.ibyteimg.com/tos-alisg-i-f7lenjegsh-sg/23321064c79e45ee830e0d6eace3d486~tplv-g9dfdl17fc-origin-image.image,https://shop.tiktok.com/view/product/1731784788072435767?region=US&locale=en,132.08,77.11,506.29,7,4,18.87,24.49,224959,4.4,0.0%,0.0%,4.9%,1.2%,10.67,0.57,/,/,/,是,否,是,非P0补充｜增长｜破0件销量｜高点击+高变现,Aeolus rid=6082893 / sid=3062689,2026-08-08 21:52
B级观察,FR,1729849172278810978,S260610004574,广州市黄埔区施伦商贸店（个体工商户）,Men's Tops,T-shirts,丰富度P0,增长,破0件,高点击+高转化+高变现,平销,https://p16-she-va.ibyteimg.com/tos-alisg-i-f7lenjegsh-sg/a524c79683c24061b785aeddb841cfb8~tplv-g9dfdl17fc-origin-image.image,https://shop.tiktok.com/view/product/1729849172278810978?region=FR&locale=fr,145.18,77.10,533.63,6,3,24.20,25.36,2950,4.8,0.0%,0.0%,2.5%,4.6%,27.97,1.16,1件,/,/,是,否,否,丰富度P0｜增长｜破0件销量｜高点击+高转化+高变现,Aeolus rid=6082893 / sid=3062689,2026-08-08 21:52
B级观察,GB,1729683355502549304,S251104033590,海口龙华碧蛮商贸商行（个体工商户）,Men's Bottoms,Men's Pants,丰富度P0,增长,破0件,高点击+高转化+高变现,滞销,https://p16-she-va.ibyteimg.com/tos-alisg-i-f7lenjegsh-sg/b91d26f37d85485788ae56638c7a2612~tplv-g9dfdl17fc-origin-image.image,https://shop.tiktok.com/view/product/1729683355502549304?region=GB&locale=en,76.80,76.80,76.80,4,4,19.20,22.58,1643,4.7,0.0%,0.0%,3.3%,11.1%,70.07,3.65,/,/,/,是,否,是,丰富度P0｜增长｜破0件销量｜高点击+高转化+高变现,Aeolus rid=6082893 / sid=3062689,2026-08-08 21:52
B级观察,US,1729645513805566142,S240905008499,杭州萧山储杰服装厂（个体工商户）,Men's Tops,Polo Shirts,丰富度P0,增长,10+,高点击+高转化+高变现,滞销,https://p16-she-va.ibyteimg.com/tos-alisg-i-f7lenjegsh-sg/87315fb146eb48589f12ae76934c1ec9~tplv-g9dfdl17fc-origin-image.image,https://shop.tiktok.com/view/product/1729645513805566142?region=US&locale=en,161.51,76.74,426.51,10,2,16.15,21.29,29,4.7,0.0%,0.0%,2.4%,5.6%,21.46,1.33,1件,/,女装标准码,否,否,是,丰富度P0｜增长｜10+销量｜高点击+高转化+高变现,Aeolus rid=6082893 / sid=3062689,2026-08-08 21:52
B级观察,US,1729506518224770762,S260311017253,广州瑞驰可达国际贸易有限公司,Men's Special Occasion Clothing,Costumes & Accessories,非P0补充,增长,破0件,高点击+高转化+高变现,滞销,https://p16-she-va.ibyteimg.com/tos-alisg-i-f7lenjegsh-sg/3ba3533a60e04a9ca7612ddc83d40c99~tplv-g9dfdl17fc-origin-image.image,https://shop.tiktok.com/view/product/1729506518224770762?region=US&locale=en,76.67,76.67,98.93,3,3,25.56,34.49,862,4.5,0.0%,0.0%,6.1%,7.5%,117.05,4.58,1件,/,/,是,否,否,非P0补充｜增长｜破0件销量｜高点击+高转化+高变现,Aeolus rid=6082893 / sid=3062689,2026-08-08 21:52
B级观察,US,1731663167008117511,S250823014072,广州市天河区潮往男装服装店（个体工商户）,Men's Tops,T-shirts,非P0补充,增长,破0件,高点击+高转化+高变现,滞销,https://p16-she-va.ibyteimg.com/tos-alisg-i-f7lenjegsh-sg/c40111fb49a142fdb0feb4bf3d40e7c5~tplv-g9dfdl17fc-origin-image.image,https://shop.tiktok.com/view/product/1731663167008117511?region=US&locale=en,76.66,76.66,376.74,2,2,38.33,44.59,691,4.2,0.0%,0.0%,3.1%,3.3%,39.25,1.02,1件,/,/,是,否,是,非P0补充｜增长｜破0件销量｜高点击+高转化+高变现,Aeolus rid=6082893 / sid=3062689,2026-08-08 21:52
B级观察,MX,1734774833297786840,S251230076675,汕头市阳衿贸易有限公司,Men's Tops,T-shirts,非P0补充,增长,破0件,高点击+高转化+高变现,平销,https://p16-she-va.ibyteimg.com/tos-alisg-i-f7lenjegsh-sg/77b4e6a7f7df491f8b502538faa8270e~tplv-g9dfdl17fc-origin-image.image,https://shop.tiktok.com/view/product/1734774833297786840?region=MX&locale=es,76.62,76.62,76.62,3,3,25.54,51.40,1129,4.7,0.0%,0.0%,2.7%,2.1%,14.28,0.56,3件,/,/,是,否,否,非P0补充｜增长｜破0件销量｜高点击+高转化+高变现,Aeolus rid=6082893 / sid=3062689,2026-08-08 21:52
B级观察,US,1731843851215671590,S250923020756,广州欧牌服装有限公司,Men's Tops,Jackets & Coats,非P0补充,增长,破0件,高点击+高转化+高变现,滞销,https://p16-she-va.ibyteimg.com/tos-alisg-i-f7lenjegsh-sg/291522cf52b34a2d9a3bd308e9fdb922~tplv-g9dfdl17fc-origin-image.image,https://shop.tiktok.com/view/product/1731843851215671590?region=US&locale=en,113.57,76.61,225.63,4,3,28.39,49.09,5,4.2,0.0%,0.0%,3.7%,15.4%,159.51,5.62,1件,/,/,否,否,是,非P0补充｜增长｜破0件销量｜高点击+高转化+高变现,Aeolus rid=6082893 / sid=3062689,2026-08-08 21:52
B级观察,DE,1729631661746460980,S250910030975,石狮市杰建日用百货商行,Men's Bottoms,Men's Pants,丰富度P0,增长,10+,高点击+高转化+高变现,爆品,https://p16-she-va.ibyteimg.com/tos-alisg-i-f7lenjegsh-sg/d97a6eda33114106965f17111bae7dae~tplv-g9dfdl17fc-origin-image.image,https://shop.tiktok.com/view/product/1729631661746460980?region=DE&locale=de,264.30,76.60,756.95,16,5,16.52,29.39,6406,4.6,33.3%,0.0%,2.5%,2.9%,12.05,0.73,/,/,/,是,否,是,丰富度P0｜增长｜10+销量｜高点击+高转化+高变现,Aeolus rid=6082893 / sid=3062689,2026-08-08 21:52
B级观察,GB,1729738257902246105,S251226075657,广州浮顾纯服饰有限公司,Men's Bottoms,Men's Jeans,丰富度P0,增长,破0件,高点击+高转化+高变现,滞销,https://p16-she-va.ibyteimg.com/tos-alisg-i-f7lenjegsh-sg/7d19e3ebdf5e450086477c7ea6ea7495~tplv-g9dfdl17fc-origin-image.image,https://shop.tiktok.com/view/product/1729738257902246105?region=GB&locale=en,205.74,76.59,686.04,9,4,22.86,29.58,225,4.6,0.0%,0.0%,4.6%,3.8%,40.02,1.75,1件,/,/,是,否,是,丰富度P0｜增长｜破0件销量｜高点击+高转化+高变现,Aeolus rid=6082893 / sid=3062689,2026-08-08 21:52
B级观察,US,1732464345769021974,S260629002598,广州市天河区雪瑜服饰商行（个体工商户）,Men's Tops,T-shirts,非P0补充,增长,破0件,高点击+高转化+高变现,滞销,https://p16-she-va.ibyteimg.com/tos-alisg-i-f7lenjegsh-sg/0f9b7818337c4b4fa27129abe27aba12~tplv-g9dfdl17fc-origin-image.image,https://shop.tiktok.com/view/product/1732464345769021974?region=US&locale=en,76.57,76.57,108.79,2,2,38.28,60.49,1667,4.5,0.0%,0.0%,4.1%,8.0%,124.50,3.25,/,/,/,是,否,是,非P0补充｜增长｜破0件销量｜高点击+高转化+高变现,Aeolus rid=6082893 / sid=3062689,2026-08-08 21:52
B级观察,FR,1729799536431373253,S260415019441,泉州市嵩盼商贸有限公司,Men's Tops,Jackets & Coats,丰富度P0,增长,破0件,高点击+高转化+高变现,滞销,https://p16-she-va.ibyteimg.com/tos-alisg-i-f7lenjegsh-sg/8a1c6c85204e4839b564f54f26b66ef8~tplv-g9dfdl17fc-origin-image.image,https://shop.tiktok.com/view/product/1729799536431373253?region=FR&locale=fr,76.52,76.52,76.52,2,2,38.26,60.53,13737,3.8,0.0%,0.0%,2.3%,2.5%,21.96,0.57,/,/,/,是,否,是,丰富度P0｜增长｜破0件销量｜高点击+高转化+高变现,Aeolus rid=6082893 / sid=3062689,2026-08-08 21:52
B级观察,GB,1729803374512020476,S260419013910,广州市黄埔区君宇服饰商行,Men's Tops,Shirts,丰富度P0,增长,10+,高点击+高变现,爆品,https://p16-she-va.ibyteimg.com/tos-alisg-i-f7lenjegsh-sg/f2031362337c45da856d207d0b7af912~tplv-g9dfdl17fc-origin-image.image,https://shop.tiktok.com/view/product/1729803374512020476?region=GB&locale=en,144.64,76.44,404.91,10,5,14.46,20.83,56,4.6,0.0%,0.0%,3.8%,1.0%,5.38,0.37,1件,/,/,是,否,否,丰富度P0｜增长｜10+销量｜高点击+高变现,Aeolus rid=6082893 / sid=3062689,2026-08-08 21:52
B级观察,ES,1729599592673155271,S250730013532,香港墨韻貿易有限公司,Men's Suits & Sets,Men's Clothing Sets,丰富度P0,增长,破0件,高点击+高变现,爆品,https://p16-she-va.ibyteimg.com/tos-alisg-i-f7lenjegsh-sg/238a35892017482f8de3f8553d065c2e~tplv-g9dfdl17fc-origin-image.image,https://shop.tiktok.com/view/product/1729599592673155271?region=ES&locale=es,113.29,76.40,318.14,3,2,37.76,44.96,172,4.5,0.0%,0.0%,2.5%,0.6%,6.16,0.16,2件套,/,/,否,否,是,丰富度P0｜增长｜破0件销量｜高点击+高变现,Aeolus rid=6082893 / sid=3062689,2026-08-08 21:52
B级观察,GB,1729870964249958753,S260711016096,泉州市墨菲格度服饰有限公司,Men's Bottoms,Men's Pants,非P0补充,增长,破0件,高点击+高转化+高变现,冷启,https://p16-she-va.ibyteimg.com/tos-alisg-i-f7lenjegsh-sg/2160bd53a20f41f08b6bf4f87b2da5bf~tplv-g9dfdl17fc-origin-image.image,https://shop.tiktok.com/view/product/1729870964249958753?region=GB&locale=en,76.33,76.33,112.26,4,4,19.08,37.65,11994,4.5,0.0%,0.0%,8.8%,20.0%,449.01,17.65,1件,/,/,是,否,是,非P0补充｜增长｜破0件销量｜高点击+高转化+高变现,Aeolus rid=6082893 / sid=3062689,2026-08-08 21:52
B级观察,DE,1729754837886802078,S260120037729,宁波东斐工贸有限公司,Men's Suits & Sets,Men's Clothing Sets,丰富度P0,增长,破0件,高转化+高变现,滞销,https://p16-she-va.ibyteimg.com/tos-alisg-i-f7lenjegsh-sg/6740d20941674361a1fc7687ce02ae6f~tplv-g9dfdl17fc-origin-image.image,https://shop.tiktok.com/view/product/1729754837886802078?region=DE&locale=de,76.28,76.28,404.18,2,2,38.14,50.15,368,4.7,0.0%,0.0%,1.9%,2.5%,17.88,0.47,2件,/,/,是,否,否,丰富度P0｜增长｜破0件销量｜高转化+高变现,Aeolus rid=6082893 / sid=3062689,2026-08-08 21:52
B级观察,GB,1729402005760151393,S231024005191,石狮市杰时宇服装贸易有限公司,Men's Bottoms,Men's Shorts,丰富度P0,增长,10+,高点击+高转化+高变现,滞销,https://p16-she-va.ibyteimg.com/tos-alisg-i-f7lenjegsh-sg/550fa2c6d0114ce2b6de48bf7a700a69~tplv-g9dfdl17fc-origin-image.image,https://shop.tiktok.com/view/product/1729402005760151393?region=GB&locale=en,351.41,76.25,1164.35,15,5,23.43,34.02,56,4.5,50.0%,0.0%,2.8%,8.3%,54.59,2.33,3件,/,女装标准码,否,否,是,丰富度P0｜增长｜10+销量｜高点击+高转化+高变现,Aeolus rid=6082893 / sid=3062689,2026-08-08 21:52
B级观察,US,1732354456112304591,S260419009817,义乌市峙山电子商务有限公司,Men's Tops,T-shirts,非P0补充,增长,破0件,高点击+高转化+高变现,滞销,https://p16-she-va.ibyteimg.com/tos-alisg-i-f7lenjegsh-sg/fd1da3af72af40b3931f664ac282379e~tplv-g9dfdl17fc-origin-image.image,https://shop.tiktok.com/view/product/1732354456112304591?region=US&locale=en,76.20,76.20,104.81,2,2,38.10,51.89,826,4.6,0.0%,0.0%,5.7%,3.4%,73.55,1.93,3件,/,/,是,否,是,非P0补充｜增长｜破0件销量｜高点击+高转化+高变现,Aeolus rid=6082893 / sid=3062689,2026-08-08 21:52
B级观察,US,1732410212441822013,S260523020032,广州烽朔科技有限公司,Men's Bottoms,Men's Jeans,非P0补充,增长,破0件,高点击+高转化+高变现,滞销,https://p16-she-va.ibyteimg.com/tos-alisg-i-f7lenjegsh-sg/09bc321323bd45108c1ebbadfa657570~tplv-g9dfdl17fc-origin-image.image,https://shop.tiktok.com/view/product/1732410212441822013?region=US&locale=en,183.72,76.10,541.70,6,2,30.62,50.19,7,4.6,33.3%,0.0%,5.0%,5.3%,80.93,2.64,1件,/,/,否,否,是,非P0补充｜增长｜破0件销量｜高点击+高转化+高变现,Aeolus rid=6082893 / sid=3062689,2026-08-08 21:52
B级观察,US,1732292883481793007,S260316060443,晋江市狮墨服装有限公司,Men's Tops,Jackets & Coats,非P0补充,增长,破0件,高点击+高转化+高变现,滞销,https://p16-she-va.ibyteimg.com/tos-alisg-i-f7lenjegsh-sg/6d107a8b19044afe8210c080eb1bc05e~tplv-g9dfdl17fc-origin-image.image,https://shop.tiktok.com/view/product/1732292883481793007?region=US&locale=en,75.89,75.89,136.02,3,3,25.30,38.29,10,3.9,0.0%,0.0%,7.1%,6.5%,117.84,4.66,1件,/,/,是,否,是,非P0补充｜增长｜破0件销量｜高点击+高转化+高变现,Aeolus rid=6082893 / sid=3062689,2026-08-08 21:52
B级观察,DE,1729772154421091256,S260203056354,广州市增城坦爵服装商行,Men's Bottoms,Men's Jeans,丰富度P0,增长,破0件,高点击+高变现,爆品,https://p16-she-va.ibyteimg.com/tos-alisg-i-f7lenjegsh-sg/32d1bd13ba814160bd845258ec65907c~tplv-g9dfdl17fc-origin-image.image,https://shop.tiktok.com/view/product/1729772154421091256?region=DE&locale=de,162.05,75.77,468.36,5,2,32.41,48.42,136,4.6,0.0%,0.0%,2.5%,1.1%,9.27,0.29,1件,/,/,否,否,是,丰富度P0｜增长｜破0件销量｜高点击+高变现,Aeolus rid=6082893 / sid=3062689,2026-08-08 21:52
B级观察,IT,1729872751316081027,S260714018240,广州市天河区凯礼商行（个体工商户）,Men's Suits & Sets,Men's Clothing Sets,丰富度P0,增长,破0件,高点击+高转化+高变现,平销,https://p16-she-va.ibyteimg.com/tos-alisg-i-f7lenjegsh-sg/220d4b6288814f07bf167390509f2922~tplv-g9dfdl17fc-origin-image.image,https://shop.tiktok.com/view/product/1729872751316081027?region=IT&locale=it,148.02,75.74,269.58,6,3,24.67,39.19,6210,4.4,0.0%,0.0%,4.1%,2.5%,24.97,1.01,1套,/,/,是,否,是,丰富度P0｜增长｜破0件销量｜高点击+高转化+高变现,Aeolus rid=6082893 / sid=3062689,2026-08-08 21:52
B级观察,US,1731450557482570488,S250713003449,晋江森天迪玛服饰贸易有限公司,Men's Bottoms,Men's Pants,丰富度P0,增长,10+,高点击+高变现,滞销,https://p16-she-va.ibyteimg.com/tos-alisg-i-f7lenjegsh-sg/546b7afb50474cd389d068b098b06061~tplv-g9dfdl17fc-origin-image.image,https://shop.tiktok.com/view/product/1731450557482570488?region=US&locale=en,271.43,75.74,1019.64,21,8,12.93,22.89,77,4.3,100.0%,0.0%,4.4%,1.8%,10.37,0.80,1件,/,/,是,否,是,丰富度P0｜增长｜10+销量｜高点击+高变现,Aeolus rid=6082893 / sid=3062689,2026-08-08 21:52
B级观察,US,1729996573396013831,S241026004300,广州市天河区潮往男装服装店（个体工商户）,Men's Tops,T-shirts,丰富度P0,增长,10+,高点击+高转化+高变现,滞销,https://p16-she-va.ibyteimg.com/tos-alisg-i-f7lenjegsh-sg/54632209a10a4e05944580fafcd82b6c~tplv-g9dfdl17fc-origin-image.image,https://shop.tiktok.com/view/product/1729996573396013831?region=US&locale=en,127.00,75.73,248.57,13,7,9.77,16.19,2999,4.2,0.0%,0.0%,2.8%,17.4%,50.70,4.79,1件,/,/,是,否,是,丰富度P0｜增长｜10+销量｜高点击+高转化+高变现,Aeolus rid=6082893 / sid=3062689,2026-08-08 21:52
B级观察,FR,1729497461482953049,S250413005411,宁波威弋尔电子商务有限公司,Men's Suits & Sets,Men's Clothing Sets,非P0补充,增长,破0件,高转化+高变现,滞销,https://p16-she-va.ibyteimg.com/tos-alisg-i-f7lenjegsh-sg/74ad276df2324cd196410156ea031bd9~tplv-g9dfdl17fc-origin-image.image,https://shop.tiktok.com/view/product/1729497461482953049?region=FR&locale=fr,75.69,75.69,75.69,2,2,37.85,49.00,1835,4.8,0.0%,0.0%,1.8%,4.9%,33.84,0.89,2件,/,/,是,否,是,非P0补充｜增长｜破0件销量｜高转化+高变现,Aeolus rid=6082893 / sid=3062689,2026-08-08 21:52
B级观察,US,1732029625760191317,S251107018495,苏州宇煌霓裳贸易有限公司,Men's Tops,Knitwear,非P0补充,增长,破0件,高点击+高转化+高变现,滞销,https://p16-she-va.ibyteimg.com/tos-alisg-i-f7lenjegsh-sg/7a39ed62d65d48d48ab4fca162a1164b~tplv-g9dfdl17fc-origin-image.image,https://shop.tiktok.com/view/product/1732029625760191317?region=US&locale=en,156.24,75.67,570.61,6,3,26.04,34.89,8,3.8,0.0%,0.0%,3.0%,2.6%,20.46,0.79,1件,/,/,是,否,否,非P0补充｜增长｜破0件销量｜高点击+高转化+高变现,Aeolus rid=6082893 / sid=3062689,2026-08-08 21:52
B级观察,US,1729533978792005776,S240611004994,深圳市宝安区浪里服饰商行,Men's Tops,Shirts,非P0补充,增长,10+,高点击+高转化+高变现,平销,https://p16-she-va.ibyteimg.com/tos-alisg-i-f7lenjegsh-sg/4cc4cce0cdd54a3cad9853d56fa00e50~tplv-g9dfdl17fc-origin-image.image,https://shop.tiktok.com/view/product/1729533978792005776?region=US&locale=en,235.06,75.64,732.92,27,10,8.71,16.39,35,4.6,33.3%,0.0%,3.6%,6.1%,19.11,2.19,1PC,/,女装标准码,否,否,是,非P0补充｜增长｜10+销量｜高点击+高转化+高变现,Aeolus rid=6082893 / sid=3062689,2026-08-08 21:52
B级观察,US,1732410531681112237,S260518022954,广州市天河区伊曜服装商店（个体工商户）,Men's Bottoms,Men's Shorts,丰富度P0,增长,破0件,高转化+高变现,滞销,https://p16-she-va.ibyteimg.com/tos-alisg-i-f7lenjegsh-sg/fbaa0e23feed4ad6a1b9e9563ba305c7~tplv-g9dfdl17fc-origin-image.image,https://shop.tiktok.com/view/product/1732410531681112237?region=US&locale=en,75.59,75.59,75.59,1,1,75.59,90.09,1489,4.7,0.0%,0.0%,0.6%,11.1%,47.18,0.62,5件套,/,/,是,否,是,丰富度P0｜增长｜破0件销量｜高转化+高变现,Aeolus rid=6082893 / sid=3062689,2026-08-08 21:52
B级观察,IT,1729804128319674576,S260420018299,广州市黄埔区达慕服饰商行（个体工商户）,Men's Tops,Shirts,丰富度P0,增长,10+,高转化+高变现,爆品,https://p16-she-va.ibyteimg.com/tos-alisg-i-f7lenjegsh-sg/e295daedb05c4c54b8776df4ec0dd555~tplv-g9dfdl17fc-origin-image.image,https://shop.tiktok.com/view/product/1729804128319674576?region=IT&locale=it,350.98,75.58,1690.54,23,2,15.26,25.36,527,4.9,0.0%,0.0%,1.9%,2.9%,8.50,0.53,/,/,/,是,否,否,丰富度P0｜增长｜10+销量｜高转化+高变现,Aeolus rid=6082893 / sid=3062689,2026-08-08 21:52
B级观察,US,1732319226717901256,S260404022593,广州市黄埔区诗卉服装店（个体工商户）,Men's Suits & Sets,Men's Clothing Sets,丰富度P0,增长,破0件,高点击+高转化+高变现,滞销,https://p16-she-va.ibyteimg.com/tos-alisg-i-f7lenjegsh-sg/31e07353a9084a128aa41c4ec5a144f7~tplv-g9dfdl17fc-origin-image.image,https://shop.tiktok.com/view/product/1732319226717901256?region=US&locale=en,131.97,75.29,414.97,6,4,22.00,36.49,10,3.8,0.0%,0.0%,3.2%,12.0%,84.70,3.85,2件套,/,/,是,否,是,丰富度P0｜增长｜破0件销量｜高点击+高转化+高变现,Aeolus rid=6082893 / sid=3062689,2026-08-08 21:52
B级观察,GB,1729421873881320718,S240711005786,广州市超广服装有限公司,Men's Bottoms,Men's Pants,丰富度P0,增长,破0件,高点击+高转化+高变现,平销,https://p16-she-va.ibyteimg.com/tos-alisg-i-f7lenjegsh-sg/eeb10c06052c43c7b245c31c44e1a6a6~tplv-g9dfdl17fc-origin-image.image,https://shop.tiktok.com/view/product/1729421873881320718?region=GB&locale=en,123.65,75.27,345.31,4,2,30.91,28.23,48,3.9,0.0%,0.0%,3.6%,3.0%,33.06,1.07,1/2件,/,女装标准码,否,否,是,丰富度P0｜增长｜破0件销量｜高点击+高转化+高变现,Aeolus rid=6082893 / sid=3062689,2026-08-08 21:52
B级观察,GB,1729427921906076867,S240904011291,于都琪璘酷品供应链管理有限公司,Men's Tops,Hoodies & Sweatshirts,丰富度P0,增长,破0件,高点击+高变现,滞销,https://p16-she-va.ibyteimg.com/tos-alisg-i-f7lenjegsh-sg/5ded70282b39435fa4c7b8f988bfdfc6~tplv-g9dfdl17fc-origin-image.image,https://shop.tiktok.com/view/product/1729427921906076867?region=GB&locale=en,155.26,75.21,315.28,7,3,22.18,31.60,20,4.9,66.7%,0.0%,4.1%,1.7%,15.57,0.70,1件,/,女装标准码,否,否,否,丰富度P0｜增长｜破0件销量｜高点击+高变现,Aeolus rid=6082893 / sid=3062689,2026-08-08 21:52
B级观察,US,1732366600808272166,S260425015441,广州欧牌服装有限公司,Men's Bottoms,Men's Shorts,丰富度P0,增长,10+,高点击+高转化+高变现,平销,https://p16-she-va.ibyteimg.com/tos-alisg-i-f7lenjegsh-sg/a5cbb875c4c746d198448a879946f16d~tplv-g9dfdl17fc-origin-image.image,https://shop.tiktok.com/view/product/1732366600808272166?region=US&locale=en,373.75,75.20,1463.14,20,-4,18.69,29.89,102,4.2,100.0%,0.0%,3.3%,3.4%,21.42,1.15,1件,/,/,否,否,是,丰富度P0｜增长｜10+销量｜高点击+高转化+高变现,Aeolus rid=6082893 / sid=3062689,2026-08-08 21:52
B级观察,US,1730543596302471363,S250109007644,于都琪璘酷品供应链管理有限公司,Men's Tops,Polo Shirts,丰富度P0,增长,破0件,高点击+高转化+高变现,滞销,https://p16-she-va.ibyteimg.com/tos-alisg-i-f7lenjegsh-sg/3ab9169ce3384f62a2919d58c9ff7a4e~tplv-g9dfdl17fc-origin-image.image,https://shop.tiktok.com/view/product/1730543596302471363?region=US&locale=en,98.11,75.18,309.97,8,6,12.26,18.89,13,4.8,0.0%,0.0%,5.3%,9.9%,63.79,5.20,1件,/,/,否,否,是,丰富度P0｜增长｜破0件销量｜高点击+高转化+高变现,Aeolus rid=6082893 / sid=3062689,2026-08-08 21:52
B级观察,DE,1729868687761316322,S260708030915,石狮市雅涵荷英贸易有限公司,Men's Suits & Sets,Men's Clothing Sets,非P0补充,增长,破0件,高点击+高转化+高变现,平销,https://p16-she-va.ibyteimg.com/tos-alisg-i-f7lenjegsh-sg/4dd8c626abba496486cf28be444845e8~tplv-g9dfdl17fc-origin-image.image,https://shop.tiktok.com/view/product/1729868687761316322?region=DE&locale=de,107.31,75.17,139.45,3,2,35.77,58.22,81,4.5,0.0%,0.0%,3.3%,2.6%,30.06,0.84,2件,/,/,是,否,否,非P0补充｜增长｜破0件销量｜高点击+高转化+高变现,Aeolus rid=6082893 / sid=3062689,2026-08-08 21:52
B级观察,US,1732359096381903813,S260422035508,泉州市嵩盼商贸有限公司,Men's Bottoms,Men's Pants,丰富度P0,增长,破0件,高转化+高变现,滞销,https://p16-she-va.ibyteimg.com/tos-alisg-i-f7lenjegsh-sg/4e8861e8a70e4cb0b1016191f4d8f3d4~tplv-g9dfdl17fc-origin-image.image,https://shop.tiktok.com/view/product/1732359096381903813?region=US&locale=en,75.13,75.13,156.63,4,4,18.78,27.79,2073,4.2,0.0%,0.0%,1.4%,9.3%,24.70,1.31,/,/,/,是,否,是,丰富度P0｜增长｜破0件销量｜高转化+高变现,Aeolus rid=6082893 / sid=3062689,2026-08-08 21:52
B级观察,FR,1729480157680147251,S250207006866,广州市地引力服装有限公司,Men's Bottoms,Men's Jeans,丰富度P0,增长,破0件,高转化+高变现,滞销,https://p16-she-va.ibyteimg.com/tos-alisg-i-f7lenjegsh-sg/dadb7fcafb22427fb5768a9e6a4d1697~tplv-g9dfdl17fc-origin-image.image,https://shop.tiktok.com/view/product/1729480157680147251?region=FR&locale=fr,75.08,75.08,75.08,2,2,37.54,46.69,12,4.5,0.0%,0.0%,0.8%,5.1%,15.21,0.41,1件,/,/,否,否,否,丰富度P0｜增长｜破0件销量｜高转化+高变现,Aeolus rid=6082893 / sid=3062689,2026-08-08 21:52
B级观察,US,1732484311863235338,S260706030326,广州市精方服装有限公司,Men's Bottoms,Men's Jeans,非P0补充,增长,破0件,高点击+高转化+高变现,冷启,https://p16-she-va.ibyteimg.com/tos-alisg-i-f7lenjegsh-sg/723c3caac95d4c6abdf0eb75e9e96705~tplv-g9dfdl17fc-origin-image.image,https://shop.tiktok.com/view/product/1732484311863235338?region=US&locale=en,75.03,75.03,75.03,4,4,18.76,50.69,64,3.9,0.0%,0.0%,3.6%,2.5%,17.06,0.91,1件,/,/,是,否,是,非P0补充｜增长｜破0件销量｜高点击+高转化+高变现,Aeolus rid=6082893 / sid=3062689,2026-08-08 21:52
B级观察,US,1731961203550425407,S251021044750,石狮赢途服装有限公司,Men's Tops,Vests,非P0补充,增长,10+,高点击+高转化+高变现,滞销,https://p16-she-va.ibyteimg.com/tos-alisg-i-f7lenjegsh-sg/c46f20a05f224313b9b29493745ea210~tplv-g9dfdl17fc-origin-image.image,https://shop.tiktok.com/view/product/1731961203550425407?region=US&locale=en,167.15,74.94,668.19,11,4,15.20,24.09,29,4.9,0.0%,0.0%,2.8%,4.9%,22.88,1.37,1件,/,/,否,否,是,非P0补充｜增长｜10+销量｜高点击+高转化+高变现,Aeolus rid=6082893 / sid=3062689,2026-08-08 21:52
B级观察,FR,1729829412508637666,S260509023800,石狮市雅涵荷英贸易有限公司,Men's Bottoms,Men's Shorts,丰富度P0,增长,破0件,高点击,大爆,https://p16-she-va.ibyteimg.com/tos-alisg-i-f7lenjegsh-sg/b1f263f0ac754e31a490f71956f87584~tplv-g9dfdl17fc-origin-image.image,https://shop.tiktok.com/view/product/1729829412508637666?region=FR&locale=fr,100.06,74.90,355.01,4,3,25.02,34.00,374,4.5,100.0%,0.0%,2.6%,0.2%,1.51,0.06,1件,/,/,是,否,是,丰富度P0｜增长｜破0件销量｜高点击,Aeolus rid=6082893 / sid=3062689,2026-08-08 21:52
B级观察,GB,1729698012610468125,S251122057001,香港祺盛航貿易有限公司,Men's Tops,Polo Shirts,非P0补充,增长,破0件,高点击+高转化+高变现,滞销,https://p16-she-va.ibyteimg.com/tos-alisg-i-f7lenjegsh-sg/f163189e095c46b6a0954cf6cab3d150~tplv-g9dfdl17fc-origin-image.image,https://shop.tiktok.com/view/product/1729698012610468125?region=GB&locale=en,74.78,74.78,146.02,2,2,37.39,79.08,4,4.1,0.0%,0.0%,6.6%,5.7%,141.36,3.78,5件,/,/,是,否,是,非P0补充｜增长｜破0件销量｜高点击+高转化+高变现,Aeolus rid=6082893 / sid=3062689,2026-08-08 21:52
B级观察,GB,1729466521047305435,S250214006496,广州市白云区石门街华皓服装服饰店（个体工商户）,Men's Tops,T-shirts,丰富度P0,增长,破0件,高点击+高转化+高变现,滞销,https://p16-she-va.ibyteimg.com/tos-alisg-i-f7lenjegsh-sg/afd8ade48e9945cebe91096e7ee2f874~tplv-g9dfdl17fc-origin-image.image,https://shop.tiktok.com/view/product/1729466521047305435?region=GB&locale=en,74.76,74.76,74.76,3,3,24.92,32.67,8318,4.8,0.0%,0.0%,2.9%,25.0%,179.28,7.19,3件,/,/,是,否,是,丰富度P0｜增长｜破0件销量｜高点击+高转化+高变现,Aeolus rid=6082893 / sid=3062689,2026-08-08 21:52
B级观察,FR,1729608640681187557,S250812022262,广西众森服饰有限公司,Men's Suits & Sets,Men's Clothing Sets,非P0补充,增长,破0件,高点击+高转化+高变现,平销,https://p16-she-va.ibyteimg.com/tos-alisg-i-f7lenjegsh-sg/990fc19a09c8415f864f7941c9374b49~tplv-g9dfdl17fc-origin-image.image,https://shop.tiktok.com/view/product/1729608640681187557?region=FR&locale=fr,74.68,74.68,157.30,2,2,37.34,50.15,28,4.2,0.0%,0.0%,4.6%,5.1%,88.18,2.36,2件,/,/,是,否,是,非P0补充｜增长｜破0件销量｜高点击+高转化+高变现,Aeolus rid=6082893 / sid=3062689,2026-08-08 21:52
B级观察,FR,1729859097770760669,S260623037864,铅山县豪萨电子商务有限公司,Men's Suits & Sets,Men's Clothing Sets,丰富度P0,增长,破0件,高点击+高变现,滞销,https://p16-she-va.ibyteimg.com/tos-alisg-i-f7lenjegsh-sg/c3c1642e2331459cb11f014e200a6c1a~tplv-g9dfdl17fc-origin-image.image,https://shop.tiktok.com/view/product/1729859097770760669?region=FR&locale=fr,74.63,74.63,351.08,2,2,37.32,47.84,112469,4.6,0.0%,0.0%,3.1%,1.7%,20.04,0.54,1对,/,/,是,否,是,丰富度P0｜增长｜破0件销量｜高点击+高变现,Aeolus rid=6082893 / sid=3062689,2026-08-08 21:52
B级观察,US,1731906991887585600,S251006015915,岫岩满族自治县轩泽凯服装店（个体工商户）,Men's Bottoms,Men's Jeans,丰富度P0,增长,10+,高点击+高转化+高变现,平销,https://p16-she-va.ibyteimg.com/tos-alisg-i-f7lenjegsh-sg/a3bbe266008b4009a5fabab90b4d461d~tplv-g9dfdl17fc-origin-image.image,https://shop.tiktok.com/view/product/1731906991887585600?region=US&locale=en,740.47,74.63,2848.87,31,4,23.89,37.99,32,4.5,66.7%,0.0%,4.3%,3.7%,40.36,1.58,1件,/,/,否,否,否,丰富度P0｜增长｜10+销量｜高点击+高转化+高变现,Aeolus rid=6082893 / sid=3062689,2026-08-08 21:52
B级观察,US,1729684793796301575,S240928003069,广州市天河区潮往男装服装店（个体工商户）,Men's Tops,Shirts,非P0补充,增长,破0件,高转化+高变现,滞销,https://p16-she-va.ibyteimg.com/tos-alisg-i-f7lenjegsh-sg/0851bb007b464285a2bb7394f3458729~tplv-g9dfdl17fc-origin-image.image,https://shop.tiktok.com/view/product/1729684793796301575?region=US&locale=en,74.44,74.44,112.56,4,4,18.61,28.19,104,4.2,0.0%,0.0%,1.4%,4.9%,12.43,0.67,1件,/,女装标准码,是,否,否,非P0补充｜增长｜破0件销量｜高转化+高变现,Aeolus rid=6082893 / sid=3062689,2026-08-08 21:52
B级观察,US,1731701906323443902,S250828018243,杭州萧山储杰服装厂（个体工商户）,Men's Tops,Hoodies & Sweatshirts,丰富度P0,增长,破0件,高点击+高转化+高变现,滞销,https://p16-she-va.ibyteimg.com/tos-alisg-i-f7lenjegsh-sg/8132533d7da441cdaa5086cbd15e8eb0~tplv-g9dfdl17fc-origin-image.image,https://shop.tiktok.com/view/product/1731701906323443902?region=US&locale=en,74.38,74.38,154.98,3,3,24.79,31.19,17,4.7,0.0%,0.0%,5.4%,8.8%,118.82,4.79,1件,/,/,是,否,是,丰富度P0｜增长｜破0件销量｜高点击+高转化+高变现,Aeolus rid=6082893 / sid=3062689,2026-08-08 21:52
B级观察,IT,1729636178560391970,S250903028482,庆元县荣祥电子商务商行（个体工商户）,Men's Tops,Shirts,非P0补充,增长,破0件,高点击+高转化+高变现,平销,https://p16-she-va.ibyteimg.com/tos-alisg-i-f7lenjegsh-sg/39d332acc7174658b3a1da49bc2ddd1d~tplv-g9dfdl17fc-origin-image.image,https://shop.tiktok.com/view/product/1729636178560391970?region=IT&locale=it,74.24,74.24,167.10,3,3,24.75,28.82,28,4.5,0.0%,0.0%,2.7%,2.5%,16.54,0.67,/,/,/,否,否,是,非P0补充｜增长｜破0件销量｜高点击+高转化+高变现,Aeolus rid=6082893 / sid=3062689,2026-08-08 21:52
